Code,Description,Category,Active,Unit,Retail - Exclusive,Retail - Inclusive,Wholesale - Exclusive,Wholesale - Inclusive,Physical,Text User Field 1,Text User Field 2,Text User Field 3,Numeric User Field 1,Numeric User Field 2,Numeric User Field 3,Date User Field 1,Date User Field 2,Date User Field 3,Yes/No User Field 1,Yes/No User Field 2,Yes/No User Field 3,VAT Type Sales,VAT Type Purchases,Cost,Quantity,Sales Account,Purchases Account
K-MSK-FFP1-Dro,FFP1 (20 Per Box),,TRUE,1,6345,7296.75,5875,6756.25,,,,,,,,,,,FALSE,FALSE,FALSE,Standard Rate,Standard Rate,,10,,
K-MSK-FFP2-Dro,FFP2 (20 Per Box),,TRUE,1,81,93.15,75,86.25,,,,,,,,,,,FALSE,FALSE,FALSE,Standard Rate,Standard Rate,,10,,
K-MSK-FFP2V-Dro,FFP2V (20 Per Box),,TRUE,1,1134,1304.1,105,120.75,,,,,,,,,,,FALSE,FALSE,FALSE,Standard Rate,Standard Rate,,10,,
K-MSK-FFP2FF-Dro,Flat Fold FFP 2 (40 Per Box),,TRUE,1,100,115,925,1063.75,,,,,,,,,,,FALSE,FALSE,FALSE,Standard Rate,Standard Rate,,10,,
K-MSK-FFP2FFV-Dro,Flat Fold FFP 2 V (20 Per Box),,TRUE,1,702,807.3,65,74.75,,,,,,,,,,,FALSE,FALSE,FALSE,Standard Rate,Standard Rate,,10,,
K-MSK-FFP3FF-Dro,Flat Fold 3 (20 Per Box),,TRUE,1,145,166.75,135,155.25,,,,,,,,,,,FALSE,FALSE,FALSE,Standard Rate,Standard Rate,,10,,
K-MSK-FFP3FFV-Dro,Flat Fold 3 V (20 Per Box),,TRUE,1,159,182.85,145,166.75,,,,,,,,,,,FALSE,FALSE,FALSE,Standard Rate,Standard Rate,,10,,
K-MSK-FFP2FFAC-Dro,Flat Fold FFP 2 Active Carbon (20 Per Box),,TRUE,1,129,148.35,119,136.85,,,,,,,,,,,FALSE,FALSE,FALSE,Standard Rate,Standard Rate,,10,,
K-MSK-FFP3FFAC-Dro,Flat Fold FFP 3 Active Carbon Valve Per Mask,,TRUE,1,45,51.75,42,48.3,,,,,,,,,,,FALSE,FALSE,FALSE,Standard Rate,Standard Rate,,10,,
55M-Y-7,Dromex Seamless Liner TaeKi5 Seamless Heat & Cut Gloves,,TRUE,1,23.712,27.2688,22.724,26.13,,,,,,,,,,,FALSE,FALSE,FALSE,Standard Rate,Standard Rate,,10,,
55M-Y-8,Dromex Seamless Liner TaeKi5 Seamless Heat & Cut Gloves,,TRUE,1,23.712,27.2688,22.724,26.13,,,,,,,,,,,FALSE,FALSE,FALSE,Standard Rate,Standard Rate,,10,,
55M-Y-9,Dromex Seamless Liner TaeKi5 Seamless Heat & Cut Gloves,,TRUE,1,23.712,27.2688,22.724,26.13,,,,,,,,,,,FALSE,FALSE,FALSE,Standard Rate,Standard Rate,,10,,
55M-Y-10,Dromex Seamless Liner TaeKi5 Seamless Heat & Cut Gloves,,TRUE,1,23.712,27.2688,22.724,26.13,,,,,,,,,,,FALSE,FALSE,FALSE,Standard Rate,Standard Rate,,10,,
59YSP-8,Dromex Seamless Liner TaeKi5 Super Latex Grip & Cut Resistant Glove,,TRUE,1,50.22,57.753,48.1275,55.35,,,,,,,,,,,FALSE,FALSE,FALSE,Standard Rate,Standard Rate,,10,,
59YSP-9,Dromex Seamless Liner TaeKi5 Super Latex Grip & Cut Resistant Glove,,TRUE,1,50.22,57.753,48.1275,55.35,,,,,,,,,,,FALSE,FALSE,FALSE,Standard Rate,Standard Rate,,10,,
59YSP-10,Dromex Seamless Liner TaeKi5 Super Latex Grip & Cut Resistant Glove,,TRUE,1,50.22,57.753,48.1275,55.35,,,,,,,,,,,FALSE,FALSE,FALSE,Standard Rate,Standard Rate,,10,,
59YSP-11,Dromex Seamless Liner TaeKi5 Super Latex Grip & Cut Resistant Glove,,TRUE,1,50.22,57.753,48.1275,55.35,,,,,,,,,,,FALSE,FALSE,FALSE,Standard Rate,Standard Rate,,10,,
58SC-9,"Dromex Safet Cut Taeki5 Hi Viz Nitrile Coated, Safety Cuff Glove",,TRUE,1,50.22,57.753,48.1275,55.35,,,,,,,,,,,FALSE,FALSE,FALSE,Standard Rate,Standard Rate,,10,,
58SC-10,"Dromex Safet Cut Taeki5 Hi Viz Nitrile Coated, Safety Cuff Glove",,TRUE,1,50.22,57.753,48.1275,55.35,,,,,,,,,,,FALSE,FALSE,FALSE,Standard Rate,Standard Rate,,10,,
57H201B-10,"Dromex Safety Cuff TaeKi5 Rough Coated Nitrile, Safety Cuff",,TRUE,1,153.456,176.4744,147.062,169.12,,,,,,,,,,,FALSE,FALSE,FALSE,Standard Rate,Standard Rate,,10,,
57H201PLUS-8,"Dromex TaeKi5 Heat & Cut, Glove with HCT",,TRUE,1,195.312,224.6088,187.174,215.25,,,,,,,,,,,FALSE,FALSE,FALSE,Standard Rate,Standard Rate,,10,,
57H201PLUS-9,"Dromex TaeKi5 Heat & Cut, Glove with HCT",,TRUE,1,195.312,224.6088,187.174,215.25,,,,,,,,,,,FALSE,FALSE,FALSE,Standard Rate,Standard Rate,,10,,
57H201PLUS-10,"Dromex TaeKi5 Heat & Cut, Glove with HCT",,TRUE,1,195.312,224.6088,187.174,215.25,,,,,,,,,,,FALSE,FALSE,FALSE,Standard Rate,Standard Rate,,10,,
#57-7,Dromex with TaeKi5 Nitrile Palm Coated on,,TRUE,1,46.032,52.9368,44.114,50.73,,,,,,,,,,,FALSE,FALSE,FALSE,Standard Rate,Standard Rate,,10,,
#57-8,Dromex with TaeKi5 Nitrile Palm Coated on,,TRUE,1,46.032,52.9368,44.114,50.73,,,,,,,,,,,FALSE,FALSE,FALSE,Standard Rate,Standard Rate,,10,,
#57-9,Dromex with TaeKi5 Nitrile Palm Coated on,,TRUE,1,46.032,52.9368,44.114,50.73,,,,,,,,,,,FALSE,FALSE,FALSE,Standard Rate,Standard Rate,,10,,
#57-10,Dromex with TaeKi5 Nitrile Palm Coated on,,TRUE,1,46.032,52.9368,44.114,50.73,,,,,,,,,,,FALSE,FALSE,FALSE,Standard Rate,Standard Rate,,10,,
#57-11,Dromex with TaeKi5 Nitrile Palm Coated on,,TRUE,1,46.032,52.9368,44.114,50.73,,,,,,,,,,,FALSE,FALSE,FALSE,Standard Rate,Standard Rate,,10,,
#57-12,Dromex with TaeKi5 Nitrile Palm Coated on,,TRUE,1,46.032,52.9368,44.114,50.73,,,,,,,,,,,FALSE,FALSE,FALSE,Standard Rate,Standard Rate,,10,,
52J-8-CAM,Dromex Camoflage TaeKi5,,TRUE,1,55.8,64.17,53.475,61.5,,,,,,,,,,,FALSE,FALSE,FALSE,Standard Rate,Standard Rate,,10,,
52J-9-CAM,Dromex Camoflage TaeKi5,,TRUE,1,55.8,64.17,53.475,61.5,,,,,,,,,,,FALSE,FALSE,FALSE,Standard Rate,Standard Rate,,10,,
52J-10-CAM,Dromex Camoflage TaeKi5,,TRUE,1,55.8,64.17,53.475,61.5,,,,,,,,,,,FALSE,FALSE,FALSE,Standard Rate,Standard Rate,,10,,
52J-11-CAM,Dromex Camoflage TaeKi5,,TRUE,1,55.8,64.17,53.475,61.5,,,,,,,,,,,FALSE,FALSE,FALSE,Standard Rate,Standard Rate,,10,,
52LSTPV-8,"Dromex TaeKi5 Heat & Cut, Impact Glove with HCT",,TRUE,1,107.25,123.3375,93.587,107.63,,,,,,,,,,,FALSE,FALSE,FALSE,Standard Rate,Standard Rate,,10,,
52LSTPV-9,"Dromex TaeKi5 Heat & Cut, Impact Glove with HCT",,TRUE,1,107.25,123.3375,93.587,107.63,,,,,,,,,,,FALSE,FALSE,FALSE,Standard Rate,Standard Rate,,10,,
52LSTPV-10,"Dromex TaeKi5 Heat & Cut, Impact Glove with HCT",,TRUE,1,107.25,123.3375,93.587,107.63,,,,,,,,,,,FALSE,FALSE,FALSE,Standard Rate,Standard Rate,,10,,
DG-HFM305-6,Dromex Nitrile Foam Coating Cut C HFM305 Cut Level C,,TRUE,1,71.5,82.225,66.8495,76.88,,,,,,,,,,,FALSE,FALSE,FALSE,Standard Rate,Standard Rate,,10,,
DG-HFM305-7,Dromex Nitrile Foam Coating Cut C HFM305 Cut Level C,,TRUE,1,71.5,82.225,68.75,79.06,,,,,,,,,,,FALSE,FALSE,FALSE,Standard Rate,Standard Rate,,10,,
DG-HFM305-8,Dromex Nitrile Foam Coating Cut C HFM305 Cut Level C,,TRUE,1,71.5,82.225,68.75,79.06,,,,,,,,,,,FALSE,FALSE,FALSE,Standard Rate,Standard Rate,,10,,
DG-HFM305-9,Dromex Nitrile Foam Coating Cut C HFM305 Cut Level C,,TRUE,1,71.5,82.225,68.75,79.06,,,,,,,,,,,FALSE,FALSE,FALSE,Standard Rate,Standard Rate,,10,,
DG-HFM305-10,Dromex Nitrile Foam Coating Cut C HFM305 Cut Level C,,TRUE,1,71.5,82.225,68.75,79.06,,,,,,,,,,,FALSE,FALSE,FALSE,Standard Rate,Standard Rate,,10,,
DG-HFM305-11,Dromex Nitrile Foam Coating Cut C HFM305 Cut Level C,,TRUE,1,71.5,82.225,68.75,79.06,,,,,,,,,,,FALSE,FALSE,FALSE,Standard Rate,Standard Rate,,10,,
DG-HFM606-7,"Dromex Superior Cut Glove, Anti Cut Level 6 - EN388 Cut Level F",,TRUE,1,111.6,128.34,106.95,122.99,,,,,,,,,,,FALSE,FALSE,FALSE,Standard Rate,Standard Rate,,10,,
DG-HFM606-8,"Dromex Superior Cut Glove, Anti Cut Level 6 - EN388 Cut Level F",,TRUE,1,111.6,128.34,106.95,122.99,,,,,,,,,,,FALSE,FALSE,FALSE,Standard Rate,Standard Rate,,10,,
DG-HFM606-9,"Dromex Superior Cut Glove, Anti Cut Level 6 - EN388 Cut Level F",,TRUE,1,111.6,128.34,106.95,122.99,,,,,,,,,,,FALSE,FALSE,FALSE,Standard Rate,Standard Rate,,10,,
DG-HFM606-10,"Dromex Superior Cut Glove, Anti Cut Level 6 - EN388 Cut Level F",,TRUE,1,111.6,128.34,106.95,122.99,,,,,,,,,,,FALSE,FALSE,FALSE,Standard Rate,Standard Rate,,10,,
DG-HFM606-11,"Dromex Superior Cut Glove, Anti Cut Level 6 - EN388 Cut Level F",,TRUE,1,111.6,128.34,106.95,122.99,,,,,,,,,,,FALSE,FALSE,FALSE,Standard Rate,Standard Rate,,10,,
DG-OIL-TECH-10,"Dromex Oil-Tech Dura Grip Glove, Open Cuff",,TRUE,1,70,80.5,67,77.05,,,,,,,,,,,FALSE,FALSE,FALSE,Standard Rate,Standard Rate,,10,,
DG-OIL-TECH-11,"Dromex Oil-Tech Dura Grip Glove, Open Cuff",,TRUE,1,68.4,78.66,65.55,75.38,,,,,,,,,,,FALSE,FALSE,FALSE,Standard Rate,Standard Rate,,10,,
DG-OILTECH-KW-8,Dromex Oil -Tech Dura Glove,,TRUE,1,62.92,72.358,60.5,69.58,,,,,,,,,,,FALSE,FALSE,FALSE,Standard Rate,Standard Rate,,10,,
DG-OILTECH-KW-9,Dromex Oil -Tech Dura Glove,,TRUE,1,62.92,72.358,60.5,69.58,,,,,,,,,,,FALSE,FALSE,FALSE,Standard Rate,Standard Rate,,10,,
DG-OILTECH-KW-10,Dromex Oil -Tech Dura Glove,,TRUE,1,62.92,72.358,60.5,69.58,,,,,,,,,,,FALSE,FALSE,FALSE,Standard Rate,Standard Rate,,10,,
ULTICHEM-8,"Dromex Ultichem Nitrile Tripple Dipped, Non-Slip, Waterproof Chemical Glove",,TRUE,1,83,95.45,80,92,,,,,,,,,,,FALSE,FALSE,FALSE,Standard Rate,Standard Rate,,10,,
ULTICHEM-9,"Dromex Ultichem Nitrile Tripple Dipped, Non-Slip, Waterproof Chemical Glove",,TRUE,1,79.512,91.4388,76.199,87.63,,,,,,,,,,,FALSE,FALSE,FALSE,Standard Rate,Standard Rate,,10,,
ULTICHEM-10,"Dromex Ultichem Nitrile Tripple Dipped, Non-Slip, Waterproof Chemical Glove",,TRUE,1,79.512,91.4388,76.199,87.63,,,,,,,,,,,FALSE,FALSE,FALSE,Standard Rate,Standard Rate,,10,,
ULTICHEMPLUS-8,"Dromex Ultichem - Plus, Tripple Dipped Cut 3 Waterproof Chemical Glove",,TRUE,1,171.6,197.34,165,189.75,,,,,,,,,,,FALSE,FALSE,FALSE,Standard Rate,Standard Rate,,10,,
ULTICHEMPLUS-9,"Dromex Ultichem - Plus, Tripple Dipped Cut 3 Waterproof Chemical Glove",,TRUE,1,171.6,197.34,165,189.75,,,,,,,,,,,FALSE,FALSE,FALSE,Standard Rate,Standard Rate,,10,,
ULTICHEMPLUS-10,"Dromex Ultichem - Plus, Tripple Dipped Cut 3 Waterproof Chemical Glove",,TRUE,1,171.6,197.34,165,189.75,,,,,,,,,,,FALSE,FALSE,FALSE,Standard Rate,Standard Rate,,10,,
1956-6,Dromex Nitirle EN Approved Categpry Iii - Industrial Chemical Gloves EN388 & 372,,TRUE,1,15,17.25,16.15625,18.58,,,,,,,,,,,FALSE,FALSE,FALSE,Standard Rate,Standard Rate,,10,,
1956-7,Dromex Nitirle EN Approved Categpry Iii - Industrial Chemical Gloves EN388 & 372,,TRUE,1,15,17.25,16.15625,18.58,,,,,,,,,,,FALSE,FALSE,FALSE,Standard Rate,Standard Rate,,10,,
1956-8,Dromex Nitirle EN Approved Categpry Iii - Industrial Chemical Gloves EN388 & 372,,TRUE,1,15,17.25,16.15625,18.58,,,,,,,,,,,FALSE,FALSE,FALSE,Standard Rate,Standard Rate,,10,,
1956-9,Dromex Nitirle EN Approved Categpry Iii - Industrial Chemical Gloves EN388 & 372,,TRUE,1,15,17.25,16.15625,18.58,,,,,,,,,,,FALSE,FALSE,FALSE,Standard Rate,Standard Rate,,10,,
1956-10,Dromex Nitirle EN Approved Categpry Iii - Industrial Chemical Gloves EN388 & 372,,TRUE,1,15,17.25,16.15625,18.58,,,,,,,,,,,FALSE,FALSE,FALSE,Standard Rate,Standard Rate,,10,,
VIPER-9,Dromex Category Iii Chemical Glove,,TRUE,1,42.9,49.335,41.25,47.44,,,,,,,,,,,FALSE,FALSE,FALSE,Standard Rate,Standard Rate,,10,,
VIPER-10,Dromex Category Iii Chemical Glove,,TRUE,1,47.19,54.2685,41.25,47.44,,,,,,,,,,,FALSE,FALSE,FALSE,Standard Rate,Standard Rate,,10,,
VIPERPLUS-9,"Dromex Category Iii Shoulder Length Vipe Plus, Chemical Glove",,TRUE,1,104,119.6,100,115,,,,,,,,,,,FALSE,FALSE,FALSE,Standard Rate,Standard Rate,,10,,
VIPERPLUS-10,"Dromex Category Iii Shoulder Length Vipe Plus, Chemical Glove",,TRUE,1,104,119.6,100,115,,,,,,,,,,,FALSE,FALSE,FALSE,Standard Rate,Standard Rate,,10,,
H1-40-BLKO,"Dromex Industrial Rubber Gloves Smooth Palm, Rolled Cuff, Elbow Length",,TRUE,1,30.745,35.35675,29.5625,34,,,,,,,,,,,FALSE,FALSE,FALSE,Standard Rate,Standard Rate,,10,,
H2-40-BLKO,"Dromex Industrial Rubber Gloves Rough Palm, Rolled Cuff, Elbow Length",,TRUE,1,39.325,45.22375,37.8125,43.48,,,,,,,,,,,FALSE,FALSE,FALSE,Standard Rate,Standard Rate,,10,,
H2-55-BLKO,"Dromex Industrial Rubber Gloves Rough Palm, Rolled Cuff, Shoulder Length",,TRUE,1,50.05,57.5575,48.125,55.34,,,,,,,,,,,FALSE,FALSE,FALSE,Standard Rate,Standard Rate,,10,,
55LF-7,"Dromex Food Series Glove TaeKi5 Heat & Cut, Food Glove",,TRUE,1,78.65,90.4475,75.625,86.97,,,,,,,,,,,FALSE,FALSE,FALSE,Standard Rate,Standard Rate,,10,,
55LF-8,"Dromex Food Series Glove TaeKi5 Heat & Cut, Food Glove",,TRUE,1,78.65,90.4475,75.625,86.97,,,,,,,,,,,FALSE,FALSE,FALSE,Standard Rate,Standard Rate,,10,,
55LF-9,"Dromex Food Series Glove TaeKi5 Heat & Cut, Food Glove",,TRUE,1,78.65,90.4475,75.625,86.97,,,,,,,,,,,FALSE,FALSE,FALSE,Standard Rate,Standard Rate,,10,,
55LF-10,"Dromex Food Series Glove TaeKi5 Heat & Cut, Food Glove",,TRUE,1,78.65,90.4475,75.625,86.97,,,,,,,,,,,FALSE,FALSE,FALSE,Standard Rate,Standard Rate,,10,,
55LF-11,"Dromex Food Series Glove TaeKi5 Heat & Cut, Food Glove",,TRUE,1,78.65,90.4475,75.625,86.97,,,,,,,,,,,FALSE,FALSE,FALSE,Standard Rate,Standard Rate,,10,,
RTCMG-XS-G,Dromex Chain Mail Wrist Length 5 Finger Ambidextrous 5 Finger Wrist Length (Cuff),,TRUE,1,1444,1660.6,1502,1727.3,,,,,,,,,,,FALSE,FALSE,FALSE,Standard Rate,Standard Rate,,10,,
RTCMG-S-G,Dromex Chain Mail Wrist Length 5 Finger Ambidextrous 5 Finger Wrist Length (Cuff),,TRUE,1,1444,1660.6,1502,1727.3,,,,,,,,,,,FALSE,FALSE,FALSE,Standard Rate,Standard Rate,,10,,
RTCMG-M-G,Dromex Chain Mail Wrist Length 5 Finger Ambidextrous 5 Finger Wrist Length (Cuff),,TRUE,1,1444,1660.6,1502,1727.3,,,,,,,,,,,FALSE,FALSE,FALSE,Standard Rate,Standard Rate,,10,,
RTCMG-L-G,Dromex Chain Mail Wrist Length 5 Finger Ambidextrous 5 Finger Wrist Length (Cuff),,TRUE,1,1444,1660.6,1502,1727.3,,,,,,,,,,,FALSE,FALSE,FALSE,Standard Rate,Standard Rate,,10,,
RTCMG-XL-G,Dromex Chain Mail Wrist Length 5 Finger Ambidextrous 5 Finger Wrist Length (Cuff),,TRUE,1,1444,1660.6,1502,1727.3,,,,,,,,,,,FALSE,FALSE,FALSE,Standard Rate,Standard Rate,,10,,
50-135TY,"Dromex Seamless Heat & Cut Resistant Sleeve ( Ø) Sleeve, Long with Thumb Hole",,TRUE,1,50.05,57.5575,48.125,55.34,,,,,,,,,,,FALSE,FALSE,FALSE,Standard Rate,Standard Rate,,10,,
50-60THV,Dromex Seamless Heat & Cut Resistang Hi Viz Sleeve,,TRUE,1,78.65,90.4475,75.625,86.97,,,,,,,,,,,FALSE,FALSE,FALSE,Standard Rate,Standard Rate,,10,,
TAEKI-APRON-60120,Dromex Heat and Cut Resistant Apron with Adjustable Straps Taeki5 Cut & Heat Apron 60x120cm - Fully,,TRUE,1,772,887.8,743,854.45,,,,,,,,,,,FALSE,FALSE,FALSE,Standard Rate,Standard Rate,,10,,
TAEKI-JACKET,"Dromex Heat and Cut Resistant Head, Neck & Body Protection - Taeki5 Cut & Heat Jacket with Hood",,TRUE,1,2059,2367.85,1980,2277,,,,,,,,,,,FALSE,FALSE,FALSE,Standard Rate,Standard Rate,,10,,
MIIZU300BLU-7-B,Dromex Water Based PU and Micro Foam Palm Coated - MIIZU300,,TRUE,1,15.3725,17.678375,14.78125,17,,,,,,,,,,,FALSE,FALSE,FALSE,Standard Rate,Standard Rate,,10,,
MIIZU300BLU-8-B,Dromex Water Based PU and Micro Foam Palm Coated - MIIZU300,,TRUE,1,15.3725,17.678375,14.78125,17,,,,,,,,,,,FALSE,FALSE,FALSE,Standard Rate,Standard Rate,,10,,
MIIZU300BLU-9-B,Dromex Water Based PU and Micro Foam Palm Coated - MIIZU300,,TRUE,1,15.3725,17.678375,14.78125,17,,,,,,,,,,,FALSE,FALSE,FALSE,Standard Rate,Standard Rate,,10,,
MIIZU300BLU-10-B,Dromex Water Based PU and Micro Foam Palm Coated - MIIZU300,,TRUE,1,15.3725,17.678375,14.78125,17,,,,,,,,,,,FALSE,FALSE,FALSE,Standard Rate,Standard Rate,,10,,
MIIZU300BLU-11-B,Dromex Water Based PU and Micro Foam Palm Coated - MIIZU300,,TRUE,1,15.3725,17.678375,14.78125,17,,,,,,,,,,,FALSE,FALSE,FALSE,Standard Rate,Standard Rate,,10,,
MIIZU300HI-6-G,Dromex Mizu 300HI - Hi Viz Gloves Seamless - Wear Based PU and Nitirle Micro Foam Palm Coated Miizu,,TRUE,1,15.3725,17.678375,14.78125,17,,,,,,,,,,,FALSE,FALSE,FALSE,Standard Rate,Standard Rate,,10,,
MIIZU300HI-7-G,Dromex Mizu 300HI - Hi Viz Gloves Seamless - Wear Based PU and Nitirle Micro Foam Palm Coated Miizu,,TRUE,1,15.3725,17.678375,14.78125,17,,,,,,,,,,,FALSE,FALSE,FALSE,Standard Rate,Standard Rate,,10,,
MIIZU300HI-8-G,Dromex Mizu 300HI - Hi Viz Gloves Seamless - Wear Based PU and Nitirle Micro Foam Palm Coated Miizu,,TRUE,1,15.3725,17.678375,14.78125,17,,,,,,,,,,,FALSE,FALSE,FALSE,Standard Rate,Standard Rate,,10,,
MIIZU300HI-9-G,Dromex Mizu 300HI - Hi Viz Gloves Seamless - Wear Based PU and Nitirle Micro Foam Palm Coated Miizu,,TRUE,1,15.3725,17.678375,14.78125,17,,,,,,,,,,,FALSE,FALSE,FALSE,Standard Rate,Standard Rate,,10,,
MIIZU300HI-10-G,Dromex Mizu 300HI - Hi Viz Gloves Seamless - Wear Based PU and Nitirle Micro Foam Palm Coated Miizu,,TRUE,1,15.3725,17.678375,14.78125,17,,,,,,,,,,,FALSE,FALSE,FALSE,Standard Rate,Standard Rate,,10,,
MIIZU300HI-11-G,Dromex Mizu 300HI - Hi Viz Gloves Seamless - Wear Based PU and Nitirle Micro Foam Palm Coated Miizu,,TRUE,1,15.3725,17.678375,14.78125,17,,,,,,,,,,,FALSE,FALSE,FALSE,Standard Rate,Standard Rate,,10,,
MIIZULFM4001W-7-BLK,"Dromex Miizu 400 Thermal, Hi Viz, Winter, Seamless Y Hi-Viz Gloves - Latex Micto Palm",,TRUE,1,44.33,50.9795,42.625,49.02,,,,,,,,,,,FALSE,FALSE,FALSE,Standard Rate,Standard Rate,,10,,
MIIZULFM4001W-8-BLK,"Dromex Miizu 400 Thermal, Hi Viz, Winter, Seamless Y Hi-Viz Gloves - Latex Micto Palm",,TRUE,1,44.33,50.9795,42.625,49.02,,,,,,,,,,,FALSE,FALSE,FALSE,Standard Rate,Standard Rate,,10,,
MIIZULFM4001W-9-BLK,"Dromex Miizu 400 Thermal, Hi Viz, Winter, Seamless Y Hi-Viz Gloves - Latex Micto Palm",,TRUE,1,44.33,50.9795,42.625,49.02,,,,,,,,,,,FALSE,FALSE,FALSE,Standard Rate,Standard Rate,,10,,
MIIZULFM4001W-10-BLK,"Dromex Miizu 400 Thermal, Hi Viz, Winter, Seamless Y Hi-Viz Gloves - Latex Micto Palm",,TRUE,1,44.33,50.9795,42.625,49.02,,,,,,,,,,,FALSE,FALSE,FALSE,Standard Rate,Standard Rate,,10,,
PU5-7,Dromex Cut 4 Seamlesss Liner PU5,,TRUE,1,27.43,31.5445,26.375,30.33,,,,,,,,,,,FALSE,FALSE,FALSE,Standard Rate,Standard Rate,,10,,
PU5-8,Dromex Cut 4 Seamlesss Liner PU5,,TRUE,1,27.43,31.5445,26.375,30.33,,,,,,,,,,,FALSE,FALSE,FALSE,Standard Rate,Standard Rate,,10,,
PU5-9,Dromex Cut 4 Seamlesss Liner PU5,,TRUE,1,27.43,31.5445,26.375,30.33,,,,,,,,,,,FALSE,FALSE,FALSE,Standard Rate,Standard Rate,,10,,
PU5-10,Dromex Cut 4 Seamlesss Liner PU5,,TRUE,1,27.43,31.5445,26.375,30.33,,,,,,,,,,,FALSE,FALSE,FALSE,Standard Rate,Standard Rate,,10,,
DG-NE423AF-7-BLK,"Dromex Synthetic ARC Gloves, 16.8 CAL, 42.3 CAL Front - ARC Synthetic Gloves",,TRUE,1,500.5,575.575,481.25,553.44,,,,,,,,,,,FALSE,FALSE,FALSE,Standard Rate,Standard Rate,,10,,
DG-NE423AF-8-BLK,"Dromex Synthetic ARC Gloves, 16.8 CAL, 42.3 CAL Front - ARC Synthetic Gloves",,TRUE,1,500.5,575.575,481.25,553.44,,,,,,,,,,,FALSE,FALSE,FALSE,Standard Rate,Standard Rate,,10,,
DG-NE423AF-9-BLK,"Dromex Synthetic ARC Gloves, 16.8 CAL, 42.3 CAL Front - ARC Synthetic Gloves",,TRUE,1,500.5,575.575,481.25,553.44,,,,,,,,,,,FALSE,FALSE,FALSE,Standard Rate,Standard Rate,,10,,
DG-NE423AF-10-BLK,"Dromex Synthetic ARC Gloves, 16.8 CAL, 42.3 CAL Front - ARC Synthetic Gloves",,TRUE,1,500.5,575.575,481.25,553.44,,,,,,,,,,,FALSE,FALSE,FALSE,Standard Rate,Standard Rate,,10,,
DG-NE423AF-11-BLK,"Dromex Synthetic ARC Gloves, 16.8 CAL, 42.3 CAL Front - ARC Synthetic Gloves",,TRUE,1,500.5,575.575,481.25,553.44,,,,,,,,,,,FALSE,FALSE,FALSE,Standard Rate,Standard Rate,,10,,
DG-NE423AF-12-BLK,"Dromex Synthetic ARC Gloves, 16.8 CAL, 42.3 CAL Front - ARC Synthetic Gloves",,TRUE,1,500.5,575.575,481.25,553.44,,,,,,,,,,,FALSE,FALSE,FALSE,Standard Rate,Standard Rate,,10,,
DG-NE423AF-13-BLK,"Dromex Synthetic ARC Gloves, 16.8 CAL, 42.3 CAL Front - ARC Synthetic Gloves",,TRUE,1,500.5,575.575,481.25,553.44,,,,,,,,,,,FALSE,FALSE,FALSE,Standard Rate,Standard Rate,,10,,
DG-ARC55-S,Dromex ARC Fabric Gloves ATPV 55 CAL,,TRUE,1,930,1069.5,894,1028.1,,,,,,,,,,,FALSE,FALSE,FALSE,Standard Rate,Standard Rate,,10,,
DG-ARC55-M,Dromex ARC Fabric Gloves ATPV 55 CAL,,TRUE,1,930,1069.5,894,1028.1,,,,,,,,,,,FALSE,FALSE,FALSE,Standard Rate,Standard Rate,,10,,
DG-ARC55-L,Dromex ARC Fabric Gloves ATPV 55 CAL,,TRUE,1,930,1069.5,894,1028.1,,,,,,,,,,,FALSE,FALSE,FALSE,Standard Rate,Standard Rate,,10,,
DG-ARC55-XL,Dromex ARC Fabric Gloves ATPV 55 CAL,,TRUE,1,930,1069.5,894,1028.1,,,,,,,,,,,FALSE,FALSE,FALSE,Standard Rate,Standard Rate,,10,,
DG-ARC100-S,Dromex ARC Fabric Gloves ATPV 100CAL,,TRUE,1,2002,2302.3,1925,2213.75,,,,,,,,,,,FALSE,FALSE,FALSE,Standard Rate,Standard Rate,,10,,
DG-ARC100-M,Dromex ARC Fabric Gloves ATPV 100CAL,,TRUE,1,2002,2302.3,1925,2213.75,,,,,,,,,,,FALSE,FALSE,FALSE,Standard Rate,Standard Rate,,10,,
DG-ARC100-L,Dromex ARC Fabric Gloves ATPV 100CAL,,TRUE,1,2002,2302.3,1925,2213.75,,,,,,,,,,,FALSE,FALSE,FALSE,Standard Rate,Standard Rate,,10,,
DG-ARC100-XL,Dromex ARC Fabric Gloves ATPV 100CAL,,TRUE,1,2002,2302.3,1925,2213.75,,,,,,,,,,,FALSE,FALSE,FALSE,Standard Rate,Standard Rate,,10,,
PU2001-7-W,Dromex Inspector Seamless Inspecors Gloves - PU Palm Coated on Knitted Shell,,TRUE,1,9,10.35,8,9.2,,,,,,,,,,,FALSE,FALSE,FALSE,Standard Rate,Standard Rate,,10,,
PU2001-8-W,Dromex Inspector Seamless Inspecors Gloves - PU Palm Coated on Knitted Shell,,TRUE,1,9,10.35,8,9.2,,,,,,,,,,,FALSE,FALSE,FALSE,Standard Rate,Standard Rate,,10,,
PU2001-9-W,Dromex Inspector Seamless Inspecors Gloves - PU Palm Coated on Knitted Shell,,TRUE,1,9,10.35,8,9.2,,,,,,,,,,,FALSE,FALSE,FALSE,Standard Rate,Standard Rate,,10,,
PU2001-10-W,Dromex Inspector Seamless Inspecors Gloves - PU Palm Coated on Knitted Shell,,TRUE,1,9,10.35,8,9.2,,,,,,,,,,,FALSE,FALSE,FALSE,Standard Rate,Standard Rate,,10,,
PU2001B-7-BLK,Dromex Inspector Seamless Max Inspectors Gloves - PU Palm Coated Knitted Shell,,TRUE,1,10,11.5,9,10.35,,,,,,,,,,,FALSE,FALSE,FALSE,Standard Rate,Standard Rate,,10,,
PU2001B-8-BLK,Dromex Inspector Seamless Max Inspectors Gloves - PU Palm Coated Knitted Shell,,TRUE,1,10,11.5,9,10.35,,,,,,,,,,,FALSE,FALSE,FALSE,Standard Rate,Standard Rate,,10,,
PU2001B-9-BLK,Dromex Inspector Seamless Max Inspectors Gloves - PU Palm Coated Knitted Shell,,TRUE,1,10,11.5,9,10.35,,,,,,,,,,,FALSE,FALSE,FALSE,Standard Rate,Standard Rate,,10,,
PU2001B-10-BLK,Dromex Inspector Seamless Max Inspectors Gloves - PU Palm Coated Knitted Shell,,TRUE,1,10,11.5,9,10.35,,,,,,,,,,,FALSE,FALSE,FALSE,Standard Rate,Standard Rate,,10,,
PU2007-7-BLK,Dromex Anti Static Seamless Plus Carbon Liner - PU Palm Coated with Carbon Liner,,TRUE,1,19,21.85,18,20.7,,,,,,,,,,,FALSE,FALSE,FALSE,Standard Rate,Standard Rate,,10,,
PU2007-8-BLK,Dromex Anti Static Seamless Plus Carbon Liner - PU Palm Coated with Carbon Liner,,TRUE,1,19,21.85,18,20.7,,,,,,,,,,,FALSE,FALSE,FALSE,Standard Rate,Standard Rate,,10,,
PU2007-9-BLK,Dromex Anti Static Seamless Plus Carbon Liner - PU Palm Coated with Carbon Liner,,TRUE,1,19,21.85,18,20.7,,,,,,,,,,,FALSE,FALSE,FALSE,Standard Rate,Standard Rate,,10,,
PU2007-10-BLK,Dromex Anti Static Seamless Plus Carbon Liner - PU Palm Coated with Carbon Liner,,TRUE,1,19,21.85,18,20.7,,,,,,,,,,,FALSE,FALSE,FALSE,Standard Rate,Standard Rate,,10,,
SUPERLITE-8-BLK,"Dromex Superlite Micro Foam Palm Coated, 8",,TRUE,1,19.305,22.20075,18.5625,21.35,,,,,,,,,,,FALSE,FALSE,FALSE,Standard Rate,Standard Rate,,10,,
SUPERLITE-9-BLK,"Dromex Superlite Micro Foam Palm Coated, 8",,TRUE,1,19.305,22.20075,18.5625,21.35,,,,,,,,,,,FALSE,FALSE,FALSE,Standard Rate,Standard Rate,,10,,
SUPERLITE-10-BLK,"Dromex Superlite Micro Foam Palm Coated, 8",,TRUE,1,19.305,22.20075,18.5625,21.35,,,,,,,,,,,FALSE,FALSE,FALSE,Standard Rate,Standard Rate,,10,,
NITRIFLEXPALM-7-BLK,Dromex Nitriflex Sanitized Palmnitrile Palm Coated & on Shell,,TRUE,1,28,32.2,27,31.05,,,,,,,,,,,FALSE,FALSE,FALSE,Standard Rate,Standard Rate,,10,,
NITRIFLEXPALM-8-BLK,Dromex Nitriflex Sanitized Palmnitrile Palm Coated & on Shell,,TRUE,1,28,32.2,27,31.05,,,,,,,,,,,FALSE,FALSE,FALSE,Standard Rate,Standard Rate,,10,,
NITRIFLEXPALM-9-BLK,Dromex Nitriflex Sanitized Palmnitrile Palm Coated & on Shell,,TRUE,1,28,32.2,27,31.05,,,,,,,,,,,FALSE,FALSE,FALSE,Standard Rate,Standard Rate,,10,,
NITRIFLEXPALM-10-BLK,Dromex Nitriflex Sanitized Palmnitrile Palm Coated & on Shell,,TRUE,1,28,32.2,27,31.05,,,,,,,,,,,FALSE,FALSE,FALSE,Standard Rate,Standard Rate,,10,,
NITRIFLEXPALM-11-BLK,Dromex Nitriflex Sanitized Palmnitrile Palm Coated & on Shell,,TRUE,1,28,32.2,27,31.05,,,,,,,,,,,FALSE,FALSE,FALSE,Standard Rate,Standard Rate,,10,,
NITRIFLEXFULL-7-BLK,Dromex Nitriflex Sanitized Full Nitrile Fully Coated & on Shell,,TRUE,1,34,39.1,32,36.8,,,,,,,,,,,FALSE,FALSE,FALSE,Standard Rate,Standard Rate,,10,,
NITRIFLEXFULL-8-BLK,Dromex Nitriflex Sanitized Full Nitrile Fully Coated & on Shell,,TRUE,1,34,39.1,32,36.8,,,,,,,,,,,FALSE,FALSE,FALSE,Standard Rate,Standard Rate,,10,,
NITRIFLEXFULL-9-BLK,Dromex Nitriflex Sanitized Full Nitrile Fully Coated & on Shell,,TRUE,1,34,39.1,32,36.8,,,,,,,,,,,FALSE,FALSE,FALSE,Standard Rate,Standard Rate,,10,,
NITRIFLEXFULL-10-BLK,Dromex Nitriflex Sanitized Full Nitrile Fully Coated & on Shell,,TRUE,1,34,39.1,32,36.8,,,,,,,,,,,FALSE,FALSE,FALSE,Standard Rate,Standard Rate,,10,,
NITRIFLEXFULL-11-BLK,Dromex Nitriflex Sanitized Full Nitrile Fully Coated & on Shell,,TRUE,1,34,39.1,32,36.8,,,,,,,,,,,FALSE,FALSE,FALSE,Standard Rate,Standard Rate,,10,,
NITROLITE-8-GY,Dromex Nitrolite Nitrile Palm Coated on Shell,,TRUE,1,7.15,8.2225,6.875,7.91,,,,,,,,,,,FALSE,FALSE,FALSE,Standard Rate,Standard Rate,,10,,
NITROLITE-9-GY,Dromex Nitrolite Nitrile Palm Coated on Shell,,TRUE,1,7.15,8.2225,6.875,7.91,,,,,,,,,,,FALSE,FALSE,FALSE,Standard Rate,Standard Rate,,10,,
NITROLITE-10-GY,Dromex Nitrolite Nitrile Palm Coated on Shell,,TRUE,1,7.15,8.2225,6.875,7.91,,,,,,,,,,,FALSE,FALSE,FALSE,Standard Rate,Standard Rate,,10,,
GNYLON-W8-8,Dromex Nylon 13gg Inspectors Gloves,,TRUE,1,5.005,5.75575,4.8125,5.53,,,,,,,,,,,FALSE,FALSE,FALSE,Standard Rate,Standard Rate,,10,,
GNYLON-W8-9,Dromex Nylon 13gg Inspectors Gloves,,TRUE,1,5.005,5.75575,4.8125,5.53,,,,,,,,,,,FALSE,FALSE,FALSE,Standard Rate,Standard Rate,,10,,
GNYLON-W8-10,Dromex Nylon 13gg Inspectors Gloves,,TRUE,1,5.005,5.75575,4.8125,5.53,,,,,,,,,,,FALSE,FALSE,FALSE,Standard Rate,Standard Rate,,10,,
DG-MIG-F6-8,Dromex Cut Level F Superior Impact & Anti Vibration Glove,,TRUE,1,243.1,279.565,233.75,268.81,,,,,,,,,,,FALSE,FALSE,FALSE,Standard Rate,Standard Rate,,10,,
DG-MIG-F6-9,Dromex Cut Level F Superior Impact & Anti Vibration Glove,,TRUE,1,243.1,279.565,233.75,268.81,,,,,,,,,,,FALSE,FALSE,FALSE,Standard Rate,Standard Rate,,10,,
DG-MIG-F6-10,Dromex Cut Level F Superior Impact & Anti Vibration Glove,,TRUE,1,243.1,279.565,233.75,268.81,,,,,,,,,,,FALSE,FALSE,FALSE,Standard Rate,Standard Rate,,10,,
DG-MIG-F6-11,Dromex Cut Level F Superior Impact & Anti Vibration Glove,,TRUE,1,243.1,279.565,233.75,268.81,,,,,,,,,,,FALSE,FALSE,FALSE,Standard Rate,Standard Rate,,10,,
DG-MIG-F6-12,Dromex Cut Level F Superior Impact & Anti Vibration Glove,,TRUE,1,243.1,279.565,233.75,268.81,,,,,,,,,,,FALSE,FALSE,FALSE,Standard Rate,Standard Rate,,10,,
MACH-4-8-O,"Dromex Mach 4, Impact, Meta Palm",,TRUE,1,171.6,197.34,165,189.75,,,,,,,,,,,FALSE,FALSE,FALSE,Standard Rate,Standard Rate,,10,,
MACH-4-9-O,"Dromex Mach 4, Impact, Meta Palm",,TRUE,1,171.6,197.34,165,189.75,,,,,,,,,,,FALSE,FALSE,FALSE,Standard Rate,Standard Rate,,10,,
MACH-4-10-O,"Dromex Mach 4, Impact, Meta Palm",,TRUE,1,171.6,197.34,165,189.75,,,,,,,,,,,FALSE,FALSE,FALSE,Standard Rate,Standard Rate,,10,,
MACH-4-11-O,"Dromex Mach 4, Impact, Meta Palm",,TRUE,1,171.6,197.34,165,189.75,,,,,,,,,,,FALSE,FALSE,FALSE,Standard Rate,Standard Rate,,10,,
MACH-4-12-O,"Dromex Mach 4, Impact, Meta Palm",,TRUE,1,171.6,197.34,165,189.75,,,,,,,,,,,FALSE,FALSE,FALSE,Standard Rate,Standard Rate,,10,,
MACH-6-8-O,"Dromex Mach Meta Mining Impact & Liquid Resistant Glove Mach 6, Meta Palm",,TRUE,1,171.6,197.34,165,189.75,,,,,,,,,,,FALSE,FALSE,FALSE,Standard Rate,Standard Rate,,10,,
MACH-6-9-O,"Dromex Mach Meta Mining Impact & Liquid Resistant Glove Mach 6, Meta Palm",,TRUE,1,171.6,197.34,165,189.75,,,,,,,,,,,FALSE,FALSE,FALSE,Standard Rate,Standard Rate,,10,,
MACH-6-10-O,"Dromex Mach Meta Mining Impact & Liquid Resistant Glove Mach 6, Meta Palm",,TRUE,1,171.6,197.34,165,189.75,,,,,,,,,,,FALSE,FALSE,FALSE,Standard Rate,Standard Rate,,10,,
MACH-30WP-8,"Dromex Mach Cut Level 5 Impact & Waterproof Glove MACH30WP, CUT5, Vibro Grip & Waterproof Glove",,TRUE,1,171.6,197.34,165,189.75,,,,,,,,,,,FALSE,FALSE,FALSE,Standard Rate,Standard Rate,,10,,
MACH-30WP-9,"Dromex Mach Cut Level 5 Impact & Waterproof Glove MACH30WP, CUT5, Vibro Grip & Waterproof Glove",,TRUE,1,228.8,263.12,220,253,,,,,,,,,,,FALSE,FALSE,FALSE,Standard Rate,Standard Rate,,10,,
MACH-30WP-10,"Dromex Mach Cut Level 5 Impact & Waterproof Glove MACH30WP, CUT5, Vibro Grip & Waterproof Glove",,TRUE,1,228.8,263.12,220,253,,,,,,,,,,,FALSE,FALSE,FALSE,Standard Rate,Standard Rate,,10,,
MACH-100WP-9,"Dromex Mach Cut Level 5 Impact & Waterproof, High Abrasion MACH100WP, CUT5",,TRUE,1,243.1,279.565,233.75,268.81,,,,,,,,,,,FALSE,FALSE,FALSE,Standard Rate,Standard Rate,,10,,
MACH-100WP-11,"Dromex Mach Cut Level 5 Impact & Waterproof, High Abrasion MACH100WP, CUT5",,TRUE,1,243.1,279.565,233.75,268.81,,,,,,,,,,,FALSE,FALSE,FALSE,Standard Rate,Standard Rate,,10,,
MACH-777-8-BLKY,Dromex Mach Cut Level 5 Impact Glove with Vibro Palm Mach 777,,TRUE,1,171.6,197.34,165,189.75,,,,,,,,,,,FALSE,FALSE,FALSE,Standard Rate,Standard Rate,,10,,
MACH-777-9-BLKY,Dromex Mach Cut Level 5 Impact Glove with Vibro Palm Mach 777,,TRUE,1,171.6,197.34,165,189.75,,,,,,,,,,,FALSE,FALSE,FALSE,Standard Rate,Standard Rate,,10,,
MACH-777-10-BLKY,Dromex Mach Cut Level 5 Impact Glove with Vibro Palm Mach 777,,TRUE,1,171.6,197.34,165,189.75,,,,,,,,,,,FALSE,FALSE,FALSE,Standard Rate,Standard Rate,,10,,
MACH-777-11-BLKY,Dromex Mach Cut Level 5 Impact Glove with Vibro Palm Mach 777,,TRUE,1,171.6,197.34,165,189.75,,,,,,,,,,,FALSE,FALSE,FALSE,Standard Rate,Standard Rate,,10,,
MACH-777-12-BLKY,Dromex Mach Cut Level 5 Impact Glove with Vibro Palm Mach 777,,TRUE,1,171.6,197.34,165,189.75,,,,,,,,,,,FALSE,FALSE,FALSE,Standard Rate,Standard Rate,,10,,
MACH-5-9-Y,"Dromex Mach Mining Impact Glove (Dura Grip) Mach 5, Meta Palm",,TRUE,1,171.6,197.34,165,189.75,,,,,,,,,,,FALSE,FALSE,FALSE,Standard Rate,Standard Rate,,10,,
MACH-5-10-Y,"Dromex Mach Mining Impact Glove (Dura Grip) Mach 5, Meta Palm",,TRUE,1,171.6,197.34,165,189.75,,,,,,,,,,,FALSE,FALSE,FALSE,Standard Rate,Standard Rate,,10,,
GCOT-W,Dromex Maschine Knitted (Crochet) 7gg Seamless Gloves 10g 450gpd. Natural Cotton Blend Crochet Glove,,TRUE,1,3.2175,3.700125,3.09375,3.56,,,,,,,,,,,FALSE,FALSE,FALSE,Standard Rate,Standard Rate,,10,,
GCOT/DD-W,Dromex Maschine Knitted (Crochet) 7gg Seamless Gloves 900gpd. Natural Cotton Blend Crochet with PVC,,TRUE,1,6.5,7.475,6.25,7.19,,,,,,,,,,,FALSE,FALSE,FALSE,Standard Rate,Standard Rate,,10,,
DH100-WY,Dromex Maschine Knitted (Crochet) 10gg Seamless Gloves 700gpd 100% Cotton Crochet,,TRUE,1,7.865,9.04475,7.5625,8.7,,,,,,,,,,,FALSE,FALSE,FALSE,Standard Rate,Standard Rate,,10,,
1412A-8-Y,"Dromex Gripper Seamless Shell - Crinkle Rubber Palm Coated Textured Palm Coated Rubber, Poly Cotton",,TRUE,1,8.931,10.27065,8.5875,9.88,,,,,,,,,,,FALSE,FALSE,FALSE,Standard Rate,Standard Rate,,10,,
1412A-9-Y,"Dromex Gripper Seamless Shell - Crinkle Rubber Palm Coated Textured Palm Coated Rubber, Poly Cotton",,TRUE,1,11.5,13.225,8.5875,9.88,,,,,,,,,,,FALSE,FALSE,FALSE,Standard Rate,Standard Rate,,10,,
1412A-10-Y,"Dromex Gripper Seamless Shell - Crinkle Rubber Palm Coated Textured Palm Coated Rubber, Poly Cotton",,TRUE,1,11.5,13.225,8.5875,9.88,,,,,,,,,,,FALSE,FALSE,FALSE,Standard Rate,Standard Rate,,10,,
GCOM/KW-Y,Dromex Comparex Crinkle Rubber Gloves,,TRUE,1,20.0889,23.102235,19.31625,22.21,,,,,,,,,,,FALSE,FALSE,FALSE,Standard Rate,Standard Rate,,10,,
GLATEX/35-Y,Dromex Crayfish Guantlet Crinkle Rubber Gloves,,TRUE,1,59.345,68.24675,57.0625,65.62,,,,,,,,,,,FALSE,FALSE,FALSE,Standard Rate,Standard Rate,,10,,
GCRAY-Y,Dromex Crayfish Deep Groove Rubber Laminated Pn Chrochet Liner,,TRUE,1,10.3675,11.922625,9.96875,11.46,,,,,,,,,,,FALSE,FALSE,FALSE,Standard Rate,Standard Rate,,10,,
DG-HS-Y-S-Y,"Dromex Household Rubber Gloves, Flock Lined",,TRUE,1,6.578,7.5647,6.325,7.27,,,,,,,,,,,FALSE,FALSE,FALSE,Standard Rate,Standard Rate,,10,,
DG-HS-Y-M-Y,"Dromex Household Rubber Gloves, Flock Lined",,TRUE,1,6.578,7.5647,6.325,7.27,,,,,,,,,,,FALSE,FALSE,FALSE,Standard Rate,Standard Rate,,10,,
DG-HS-Y-L-Y,"Dromex Household Rubber Gloves, Flock Lined",,TRUE,1,6.578,7.5647,6.325,7.27,,,,,,,,,,,FALSE,FALSE,FALSE,Standard Rate,Standard Rate,,10,,
DG-HS-Y-XL-Y,"Dromex Household Rubber Gloves, Flock Lined",,TRUE,1,6.578,7.5647,6.325,7.27,,,,,,,,,,,FALSE,FALSE,FALSE,Standard Rate,Standard Rate,,10,,
DG-HS-B-M-B,Dromex Household Gloves,,TRUE,1,8.008,9.2092,7.7,8.86,,,,,,,,,,,FALSE,FALSE,FALSE,Standard Rate,Standard Rate,,10,,
DG-HS-B-L-B,Dromex Household Gloves,,TRUE,1,8.008,9.2092,7.7,8.86,,,,,,,,,,,FALSE,FALSE,FALSE,Standard Rate,Standard Rate,,10,,
DG-HS-B-XL-B,Dromex Household Gloves,,TRUE,1,8.008,9.2092,7.7,8.86,,,,,,,,,,,FALSE,FALSE,FALSE,Standard Rate,Standard Rate,,10,,
DG-NITS-S-B,Dromex Nitroshield Disposable Gloves,,TRUE,1,750.75,863.3625,721.875,830.16,,,,,,,,,,,FALSE,FALSE,FALSE,Standard Rate,Standard Rate,,10,,
DG-NITS-M-B,Dromex Nitroshield Disposable Gloves,,TRUE,1,800.8,920.92,721.875,830.16,,,,,,,,,,,FALSE,FALSE,FALSE,Standard Rate,Standard Rate,,10,,
DG-NITS-L-B,Dromex Nitroshield Disposable Gloves,,TRUE,1,800.8,920.92,721.875,830.16,,,,,,,,,,,FALSE,FALSE,FALSE,Standard Rate,Standard Rate,,10,,
DG-NITS-XL-B,Dromex Nitroshield Disposable Gloves,,TRUE,1,800.8,920.92,721.875,830.16,,,,,,,,,,,FALSE,FALSE,FALSE,Standard Rate,Standard Rate,,10,,
0921/10-Y,Dromex Nitrile Coated Knitted Wrist Gloves - Durable & Dexterity & Rough Finish Fully Dipped,,TRUE,1,15.73,18.0895,15.125,17.39,,,,,,,,,,,FALSE,FALSE,FALSE,Standard Rate,Standard Rate,,10,,
DH0911A-9-AF,Dromex Flexi Tough Premium Nitrile Palm Coated Knitted Wrist Glove - Actifresh,,TRUE,1,13.9,15.985,12.9,14.84,,,,,,,,,,,FALSE,FALSE,FALSE,Standard Rate,Standard Rate,,10,,
0722/10-B,Dromex Nitrile Coated Knitted Wrist Gloves - Heavy Duty Durability - Smooth,,TRUE,1,16.445,18.91175,15.8125,18.18,,,,,,,,,,,FALSE,FALSE,FALSE,Standard Rate,Standard Rate,,10,,
0742/10-B,"Dromex Fully Dipped, Safety Cuff",,TRUE,1,17.875,20.55625,17.1875,19.77,,,,,,,,,,,FALSE,FALSE,FALSE,Standard Rate,Standard Rate,,10,,
WELD/BLUE-B,Dromex Superior Lined Leather Welders Gloves - Reinforced,,TRUE,1,80.595,92.68425,72.76071825,83.67,,,,,,,,,,,FALSE,FALSE,FALSE,Standard Rate,Standard Rate,,10,,
WELD/PRIME-G,"Dromex Weld Prime Gloves Welders, Finger Palm & Thumb Yoke, Aramid Thread",,TRUE,1,80.595,92.68425,72.76071825,83.67,,,,,,,,,,,FALSE,FALSE,FALSE,Standard Rate,Standard Rate,,10,,
WELD/RED-R,Dromex Heat Gloves Sewn with Aramid,,TRUE,1,80.595,92.68425,72.76071825,83.67,,,,,,,,,,,FALSE,FALSE,FALSE,Standard Rate,Standard Rate,,10,,
WELD/2.5,"Dromex Chrome Leather Double Palm Coated Chrome Leather, Wrist Length",,TRUE,1,80.595,92.68425,72.76071825,83.67,,,,,,,,,,,FALSE,FALSE,FALSE,Standard Rate,Standard Rate,,10,,
WELD/2.5GR-G,"Dromex Superior Lined Leather Welding Gloves - Welted, Fully Welted, Wrist Length",,TRUE,1,80.595,92.68425,72.76071825,83.67,,,,,,,,,,,FALSE,FALSE,FALSE,Standard Rate,Standard Rate,,10,,
GTIG-8-TN,"Dromex Pigskin Full Grain Leather Driver Vip Glove, Keystone",,TRUE,1,47.19,54.2685,45.375,52.18,,,,,,,,,,,FALSE,FALSE,FALSE,Standard Rate,Standard Rate,,10,,
GTIG-9-TN,"Dromex Pigskin Full Grain Leather Driver Vip Glove, Keystone",,TRUE,1,49,56.35,46.0625,52.97,,,,,,,,,,,FALSE,FALSE,FALSE,Standard Rate,Standard Rate,,10,,
GTIG-10-TN,"Dromex Pigskin Full Grain Leather Driver Vip Glove, Keystone",,TRUE,1,49,56.35,46.0625,52.97,,,,,,,,,,,FALSE,FALSE,FALSE,Standard Rate,Standard Rate,,10,,
GTIG-11-TN,"Dromex Pigskin Full Grain Leather Driver Vip Glove, Keystone",,TRUE,1,55,63.25,49.5,56.93,,,,,,,,,,,FALSE,FALSE,FALSE,Standard Rate,Standard Rate,,10,,
GTIG-12-TN,"Dromex Pigskin Full Grain Leather Driver Vip Glove, Keystone",,TRUE,1,59,67.85,54.3125,62.46,,,,,,,,,,,FALSE,FALSE,FALSE,Standard Rate,Standard Rate,,10,,
GRIGGER/EXEC-G,Dromex Rigger Leather Palm Gloves with Candy Back - Safety Cuff Rigger Reinf Palm & Candy Back,,TRUE,1,28.6,32.89,27.5,31.63,,,,,,,,,,,FALSE,FALSE,FALSE,Standard Rate,Standard Rate,,10,,
GGOAT-8-W,"Dromex Goatskin Full Grain Driver Glove - Vip & TIG Welders - Shirred - Keystone, Keystone",,TRUE,1,35,40.25,33,37.95,,,,,,,,,,,FALSE,FALSE,FALSE,Standard Rate,Standard Rate,,10,,
GGOAT-9-W,"Dromex Goatskin Full Grain Driver Glove - Vip & TIG Welders - Shirred - Keystone, Keystone",,TRUE,1,35,40.25,33,37.95,,,,,,,,,,,FALSE,FALSE,FALSE,Standard Rate,Standard Rate,,10,,
GGOAT-10-W,"Dromex Goatskin Full Grain Driver Glove - Vip & TIG Welders - Shirred - Keystone, Keystone",,TRUE,1,35,40.25,33,37.95,,,,,,,,,,,FALSE,FALSE,FALSE,Standard Rate,Standard Rate,,10,,
GGOAT-15CMC-8,"Dromex Goatskin Full Grain Driver Glove - Vip & TIG Welders - Shirred - Keystone, Leather Chrome",,TRUE,1,50.05,57.5575,48.125,55.34,,,,,,,,,,,FALSE,FALSE,FALSE,Standard Rate,Standard Rate,,10,,
GGOAT-15CMC-9,"Dromex Goatskin Full Grain Driver Glove - Vip & TIG Welders - Shirred - Keystone, Leather Chrome",,TRUE,1,50,57.5,48,55.2,,,,,,,,,,,FALSE,FALSE,FALSE,Standard Rate,Standard Rate,,10,,
GGOAT-15CMC-10,"Dromex Goatskin Full Grain Driver Glove - Vip & TIG Welders - Shirred - Keystone, Leather Chrome",,TRUE,1,54.34,62.491,52.25,60.09,,,,,,,,,,,FALSE,FALSE,FALSE,Standard Rate,Standard Rate,,10,,
GCANDY,Dromex Goatskin Full Grain Driver Glove - Vip & TIG Welders - Shirred - Keystone Chrome Candy,,TRUE,1,25,28.75,23,26.45,,,,,,,,,,,FALSE,FALSE,FALSE,Standard Rate,Standard Rate,,10,,
GCLIP-DROMEX-Y,"Dromex Glove Clips Glove Clip, Plastic Break Away",,TRUE,1,31.46,36.179,30.25,34.79,,,,,,,,,,,FALSE,FALSE,FALSE,Standard Rate,Standard Rate,,10,,
XTRA/KW-BR,"Dromex Rough PVC Gloves, Knitted Wrist",,TRUE,1,20.02,23.023,19.25,22.14,,,,,,,,,,,FALSE,FALSE,FALSE,Standard Rate,Standard Rate,,10,,
CRONUS/E-G,"Dromex Cronus Hi-Vis PVC Gloves, Reinforced., Elbow",,TRUE,1,21.45,24.6675,20.625,23.72,,,,,,,,,,,FALSE,FALSE,FALSE,Standard Rate,Standard Rate,,10,,
CRONUS/RGW-RG,"Dromex Cronus PVC Gloves, Reinforced Wrist",,TRUE,1,14.3,16.445,13.75,15.81,,,,,,,,,,,FALSE,FALSE,FALSE,Standard Rate,Standard Rate,,10,,
GPVC/27/HG-G,"Dromex Textured PVC, Open Cuff, Wrist Length",,TRUE,1,16.445,18.91175,15.8125,18.18,,,,,,,,,,,FALSE,FALSE,FALSE,Standard Rate,Standard Rate,,10,,
GPVC/KW-R,"Dromex Standard PVC, Knitted Wrist",,TRUE,1,10.725,12.33375,10.3125,11.86,,,,,,,,,,,FALSE,FALSE,FALSE,Standard Rate,Standard Rate,,10,,
GFREEZER/OC-O,"Dromex PVC Freezer, Gauntlet",,TRUE,1,50.05,57.5575,48.125,55.34,,,,,,,,,,,FALSE,FALSE,FALSE,Standard Rate,Standard Rate,,10,,
DG-THOR5-8-Y,"Dromex Insulating Glove, Class 0,5000 V",,TRUE,1,993.85,1142.9275,955.625,1098.97,,,,,,,,,,,FALSE,FALSE,FALSE,Standard Rate,Standard Rate,,10,,
DG-THOR5-9-Y,"Dromex Insulating Glove, Class 0,5000 V",,TRUE,1,993.85,1142.9275,955.625,1098.97,,,,,,,,,,,FALSE,FALSE,FALSE,Standard Rate,Standard Rate,,10,,
DG-THOR5-10-Y,"Dromex Insulating Glove, Class 0,5000 V",,TRUE,1,993.85,1142.9275,955.625,1098.97,,,,,,,,,,,FALSE,FALSE,FALSE,Standard Rate,Standard Rate,,10,,
DG-THOR10-8-Y,"Dromex Insulating Glove, Class 1,10000 V",,TRUE,1,1215.5,1397.825,1168.75,1344.06,,,,,,,,,,,FALSE,FALSE,FALSE,Standard Rate,Standard Rate,,10,,
DG-THOR10-9-Y,"Dromex Insulating Glove, Class 1,10000 V",,TRUE,1,1250,1437.5,1168.75,1344.06,,,,,,,,,,,FALSE,FALSE,FALSE,Standard Rate,Standard Rate,,10,,
DG-THOR10-10-Y,"Dromex Insulating Glove, Class 1,10000 V",,TRUE,1,1250,1437.5,1168.75,1344.06,,,,,,,,,,,FALSE,FALSE,FALSE,Standard Rate,Standard Rate,,10,,
DG-OV-S-O,Dromex Leather Overgloves to Wear with Electician Gloves,,TRUE,1,279,320.85,265,304.75,,,,,,,,,,,FALSE,FALSE,FALSE,Standard Rate,Standard Rate,,10,,
DG-OV-M-O,Dromex Leather Overgloves to Wear with Electician Gloves,,TRUE,1,279,320.85,265,304.75,,,,,,,,,,,FALSE,FALSE,FALSE,Standard Rate,Standard Rate,,10,,
DG-OV-L-O,Dromex Leather Overgloves to Wear with Electician Gloves,,TRUE,1,279,320.85,265,304.75,,,,,,,,,,,FALSE,FALSE,FALSE,Standard Rate,Standard Rate,,10,,
DG-OV-XL-O,Dromex Leather Overgloves to Wear with Electician Gloves,,TRUE,1,279,320.85,265,304.75,,,,,,,,,,,FALSE,FALSE,FALSE,Standard Rate,Standard Rate,,10,,
DB-WELDJ-S-BLK,Dromex Welding Jacket F,,TRUE,1,1573,1808.95,1512.5,1739.38,,,,,,,,,,,FALSE,FALSE,FALSE,Standard Rate,Standard Rate,,10,,
DB-WELDJ-M-BLK,Dromex Welding Jacket F,,TRUE,1,1573,1808.95,1512.5,1739.38,,,,,,,,,,,FALSE,FALSE,FALSE,Standard Rate,Standard Rate,,10,,
DB-WELDJ-L-BLK,Dromex Welding Jacket F,,TRUE,1,1573,1808.95,1512.5,1739.38,,,,,,,,,,,FALSE,FALSE,FALSE,Standard Rate,Standard Rate,,10,,
DB-WELDJ-XL-BLK,Dromex Welding Jacket F,,TRUE,1,1573,1808.95,1512.5,1739.38,,,,,,,,,,,FALSE,FALSE,FALSE,Standard Rate,Standard Rate,,10,,
DB-WELDJ-2XL-BLK,Dromex Welding Jacket F,,TRUE,1,1573,1808.95,1512.5,1739.38,,,,,,,,,,,FALSE,FALSE,FALSE,Standard Rate,Standard Rate,,10,,
DB-WELDJ-3XL-BLK,Dromex Welding Jacket F,,TRUE,1,1573,1808.95,1512.5,1739.38,,,,,,,,,,,FALSE,FALSE,FALSE,Standard Rate,Standard Rate,,10,,
ACE-60X90-W,Dromex Ace Leather Welders Apron 60 X,,TRUE,1,88,101.2,84,96.6,,,,,,,,,,,FALSE,FALSE,FALSE,Standard Rate,Standard Rate,,10,,
ACE-YOKE-L-B,"Dromex Ace Leather Welders Yokes, with Piping",,TRUE,1,183,210.45,173,198.95,,,,,,,,,,,FALSE,FALSE,FALSE,Standard Rate,Standard Rate,,10,,
ACE-YOKE-XL-B,"Dromex Ace Leather Welders Yokes, with Piping",,TRUE,1,183,210.45,173,198.95,,,,,,,,,,,FALSE,FALSE,FALSE,Standard Rate,Standard Rate,,10,,
ACE-YOKE-2XL-B,"Dromex Ace Leather Welders Yokes, with Piping",,TRUE,1,183,210.45,173,198.95,,,,,,,,,,,FALSE,FALSE,FALSE,Standard Rate,Standard Rate,,10,,
DH-SPAT-KNEE-W,Dromex Dh Quality Leather Knee Length Spat,,TRUE,1,115,132.25,105,120.75,,,,,,,,,,,FALSE,FALSE,FALSE,Standard Rate,Standard Rate,,10,,
KBELT-S-W,Dromex Kidney Belts Elasticated & Ribbed Support with Velcro Closing,,TRUE,1,85,97.75,77,88.55,,,,,,,,,,,FALSE,FALSE,FALSE,Standard Rate,Standard Rate,,10,,
KBELT-M-W,Dromex Kidney Belts Elasticated & Ribbed Support with Velcro Closing,,TRUE,1,85,97.75,77,88.55,,,,,,,,,,,FALSE,FALSE,FALSE,Standard Rate,Standard Rate,,10,,
KBELT-L-W,Dromex Kidney Belts Elasticated & Ribbed Support with Velcro Closing,,TRUE,1,85,97.75,77,88.55,,,,,,,,,,,FALSE,FALSE,FALSE,Standard Rate,Standard Rate,,10,,
KBELT-XL-W,Dromex Kidney Belts Elasticated & Ribbed Support with Velcro Closing,,TRUE,1,85,97.75,77,88.55,,,,,,,,,,,FALSE,FALSE,FALSE,Standard Rate,Standard Rate,,10,,
KBELT-2XL-W,Dromex Kidney Belts Elasticated & Ribbed Support with Velcro Closing,,TRUE,1,85,97.75,77,88.55,,,,,,,,,,,FALSE,FALSE,FALSE,Standard Rate,Standard Rate,,10,,
DHYDRO-S-Y,"Dromex Hydro Rain Suit Virgin PVC, Hood, Storm Flap",,TRUE,1,175,201.25,165,189.75,,,,,,,,,,,FALSE,FALSE,FALSE,Standard Rate,Standard Rate,,10,,
DHYDRO-M-Y,"Dromex Hydro Rain Suit Virgin PVC, Hood, Storm Flap",,TRUE,1,175,201.25,165,189.75,,,,,,,,,,,FALSE,FALSE,FALSE,Standard Rate,Standard Rate,,10,,
DHYDRO-L-Y,"Dromex Hydro Rain Suit Virgin PVC, Hood, Storm Flap",,TRUE,1,175,201.25,165,189.75,,,,,,,,,,,FALSE,FALSE,FALSE,Standard Rate,Standard Rate,,10,,
DHYDRO-XL-Y,"Dromex Hydro Rain Suit Virgin PVC, Hood, Storm Flap",,TRUE,1,175,201.25,165,189.75,,,,,,,,,,,FALSE,FALSE,FALSE,Standard Rate,Standard Rate,,10,,
DHYDRO-2XL-Y,"Dromex Hydro Rain Suit Virgin PVC, Hood, Storm Flap",,TRUE,1,175,201.25,165,189.75,,,,,,,,,,,FALSE,FALSE,FALSE,Standard Rate,Standard Rate,,10,,
DHYDRO-3XL-Y,"Dromex Hydro Rain Suit Virgin PVC, Hood, Storm Flap",,TRUE,1,175,201.25,165,189.75,,,,,,,,,,,FALSE,FALSE,FALSE,Standard Rate,Standard Rate,,10,,
DHYDRO-4XL-Y,"Dromex Hydro Rain Suit Virgin PVC, Hood, Storm Flap",,TRUE,1,175,201.25,165,189.75,,,,,,,,,,,FALSE,FALSE,FALSE,Standard Rate,Standard Rate,,10,,
DB-HYDROPLUS-S-O,Dromex Hydroplus PU Rain Suits,,TRUE,1,786.5,904.475,756.25,869.69,,,,,,,,,,,FALSE,FALSE,FALSE,Standard Rate,Standard Rate,,10,,
DB-HYDROPLUS-M-O,Dromex Hydroplus PU Rain Suits,,TRUE,1,786.5,904.475,756.25,869.69,,,,,,,,,,,FALSE,FALSE,FALSE,Standard Rate,Standard Rate,,10,,
DB-HYDROPLUS-L-O,Dromex Hydroplus PU Rain Suits,,TRUE,1,786.5,904.475,756.25,869.69,,,,,,,,,,,FALSE,FALSE,FALSE,Standard Rate,Standard Rate,,10,,
DB-HYDROPLUS-XL-O,Dromex Hydroplus PU Rain Suits,,TRUE,1,786.5,904.475,756.25,869.69,,,,,,,,,,,FALSE,FALSE,FALSE,Standard Rate,Standard Rate,,10,,
DB-HYDROPLUS-2XL-O,Dromex Hydroplus PU Rain Suits,,TRUE,1,786.5,904.475,756.25,869.69,,,,,,,,,,,FALSE,FALSE,FALSE,Standard Rate,Standard Rate,,10,,
DB-HYDROPLUS-3XL-O,Dromex Hydroplus PU Rain Suits,,TRUE,1,786.5,904.475,756.25,869.69,,,,,,,,,,,FALSE,FALSE,FALSE,Standard Rate,Standard Rate,,10,,
PRSRUB/SB-S-N,"Dromex Rubberized Rain Suits, Hood, Zip & Storm Flap",,TRUE,1,110,126.5,106,121.9,,,,,,,,,,,FALSE,FALSE,FALSE,Standard Rate,Standard Rate,,10,,
PRSRUB/SB-M-N,"Dromex Rubberized Rain Suits, Hood, Zip & Storm Flap",,TRUE,1,110,126.5,106,121.9,,,,,,,,,,,FALSE,FALSE,FALSE,Standard Rate,Standard Rate,,10,,
PRSRUB/SB-L-N,"Dromex Rubberized Rain Suits, Hood, Zip & Storm Flap",,TRUE,1,110,126.5,106,121.9,,,,,,,,,,,FALSE,FALSE,FALSE,Standard Rate,Standard Rate,,10,,
PRSRUB/SB-XL-N,"Dromex Rubberized Rain Suits, Hood, Zip & Storm Flap",,TRUE,1,110,126.5,106,121.9,,,,,,,,,,,FALSE,FALSE,FALSE,Standard Rate,Standard Rate,,10,,
PRSRUB/SB-2XL-N,"Dromex Rubberized Rain Suits, Hood, Zip & Storm Flap",,TRUE,1,110,126.5,106,121.9,,,,,,,,,,,FALSE,FALSE,FALSE,Standard Rate,Standard Rate,,10,,
PRSRUB/SB-3XL-N,"Dromex Rubberized Rain Suits, Hood, Zip & Storm Flap",,TRUE,1,110,126.5,106,121.9,,,,,,,,,,,FALSE,FALSE,FALSE,Standard Rate,Standard Rate,,10,,
PRSRUB/SB-4XL-N,"Dromex Rubberized Rain Suits, Hood, Zip & Storm Flap",,TRUE,1,110,126.5,106,121.9,,,,,,,,,,,FALSE,FALSE,FALSE,Standard Rate,Standard Rate,,10,,
PRSRUB/SY-S-Y,"Dromex Rubberized Rain Suits, Hood, Zip & Storm Flap",,TRUE,1,110,126.5,106,121.9,,,,,,,,,,,FALSE,FALSE,FALSE,Standard Rate,Standard Rate,,10,,
PRSRUB/SY-M-Y,"Dromex Rubberized Rain Suits, Hood, Zip & Storm Flap",,TRUE,1,110,126.5,106,121.9,,,,,,,,,,,FALSE,FALSE,FALSE,Standard Rate,Standard Rate,,10,,
PRSRUB/SY-L-Y,"Dromex Rubberized Rain Suits, Hood, Zip & Storm Flap",,TRUE,1,110,126.5,106,121.9,,,,,,,,,,,FALSE,FALSE,FALSE,Standard Rate,Standard Rate,,10,,
PRSRUB/SY-XL-Y,"Dromex Rubberized Rain Suits, Hood, Zip & Storm Flap",,TRUE,1,110,126.5,106,121.9,,,,,,,,,,,FALSE,FALSE,FALSE,Standard Rate,Standard Rate,,10,,
PRSRUB/SY-2XL-Y,"Dromex Rubberized Rain Suits, Hood, Zip & Storm Flap",,TRUE,1,110,126.5,106,121.9,,,,,,,,,,,FALSE,FALSE,FALSE,Standard Rate,Standard Rate,,10,,
PRSRUB/SY-3XL-Y,"Dromex Rubberized Rain Suits, Hood, Zip & Storm Flap",,TRUE,1,110,126.5,106,121.9,,,,,,,,,,,FALSE,FALSE,FALSE,Standard Rate,Standard Rate,,10,,
PRSRUB/SY-4XL-Y,"Dromex Rubberized Rain Suits, Hood, Zip & Storm Flap",,TRUE,1,110,126.5,106,121.9,,,,,,,,,,,FALSE,FALSE,FALSE,Standard Rate,Standard Rate,,10,,
PRSRUB/SBLK-4XLBLK-S-BLK,"Dromex Rubberized Rain Suits, Hood, Zip & Storm Flap",,TRUE,1,82.94,95.381,79.75,91.71,,,,,,,,,,,FALSE,FALSE,FALSE,Standard Rate,Standard Rate,,10,,
PRSRUB/SBLK-4XLBLK-M-BLK,"Dromex Rubberized Rain Suits, Hood, Zip & Storm Flap",,TRUE,1,82.94,95.381,79.75,91.71,,,,,,,,,,,FALSE,FALSE,FALSE,Standard Rate,Standard Rate,,10,,
PRSRUB/SBLK-4XLBLK-L-BLK,"Dromex Rubberized Rain Suits, Hood, Zip & Storm Flap",,TRUE,1,82.94,95.381,79.75,91.71,,,,,,,,,,,FALSE,FALSE,FALSE,Standard Rate,Standard Rate,,10,,
PRSRUB/SBLK-4XLBLK-XL-BLK,"Dromex Rubberized Rain Suits, Hood, Zip & Storm Flap",,TRUE,1,82.94,95.381,79.75,91.71,,,,,,,,,,,FALSE,FALSE,FALSE,Standard Rate,Standard Rate,,10,,
PRSRUB/SBLK-4XLBLK-2XL-BLK,"Dromex Rubberized Rain Suits, Hood, Zip & Storm Flap",,TRUE,1,82.94,95.381,79.75,91.71,,,,,,,,,,,FALSE,FALSE,FALSE,Standard Rate,Standard Rate,,10,,
PRSRUB/SBLK-4XLBLK-3XL-BLK,"Dromex Rubberized Rain Suits, Hood, Zip & Storm Flap",,TRUE,1,82.94,95.381,79.75,91.71,,,,,,,,,,,FALSE,FALSE,FALSE,Standard Rate,Standard Rate,,10,,
PRSRUB/SBLK-4XLBLK-4XL-BLK,"Dromex Rubberized Rain Suits, Hood, Zip & Storm Flap",,TRUE,1,82.94,95.381,79.75,91.71,,,,,,,,,,,FALSE,FALSE,FALSE,Standard Rate,Standard Rate,,10,,
PRSRUB/SOR-S-O,"Dromex Reflective Rubberized Rain Suits, Hood, Zip & Storm Flap",,TRUE,1,140,161,135,155.25,,,,,,,,,,,FALSE,FALSE,FALSE,Standard Rate,Standard Rate,,10,,
PRSRUB/SOR-M-O,"Dromex Reflective Rubberized Rain Suits, Hood, Zip & Storm Flap",,TRUE,1,140,161,135,155.25,,,,,,,,,,,FALSE,FALSE,FALSE,Standard Rate,Standard Rate,,10,,
PRSRUB/SOR-L-O,"Dromex Reflective Rubberized Rain Suits, Hood, Zip & Storm Flap",,TRUE,1,140,161,135,155.25,,,,,,,,,,,FALSE,FALSE,FALSE,Standard Rate,Standard Rate,,10,,
PRSRUB/SOR-XL-O,"Dromex Reflective Rubberized Rain Suits, Hood, Zip & Storm Flap",,TRUE,1,140,161,135,155.25,,,,,,,,,,,FALSE,FALSE,FALSE,Standard Rate,Standard Rate,,10,,
PRSRUB/SOR-2XL-O,"Dromex Reflective Rubberized Rain Suits, Hood, Zip & Storm Flap",,TRUE,1,140,161,135,155.25,,,,,,,,,,,FALSE,FALSE,FALSE,Standard Rate,Standard Rate,,10,,
PRSRUB/SOR-3XL-O,"Dromex Reflective Rubberized Rain Suits, Hood, Zip & Storm Flap",,TRUE,1,140,161,135,155.25,,,,,,,,,,,FALSE,FALSE,FALSE,Standard Rate,Standard Rate,,10,,
PRSRUB/SOR-4XL-O,"Dromex Reflective Rubberized Rain Suits, Hood, Zip & Storm Flap",,TRUE,1,140,161,135,155.25,,,,,,,,,,,FALSE,FALSE,FALSE,Standard Rate,Standard Rate,,10,,
PRSRUB/SFL-S-LMG,"Dromex Reflective Rubberized Rain Suits, Hood, Zip & Storm Flap",,TRUE,1,140,161,135,155.25,,,,,,,,,,,FALSE,FALSE,FALSE,Standard Rate,Standard Rate,,10,,
PRSRUB/SFL-M-LMG,"Dromex Reflective Rubberized Rain Suits, Hood, Zip & Storm Flap",,TRUE,1,140,161,135,155.25,,,,,,,,,,,FALSE,FALSE,FALSE,Standard Rate,Standard Rate,,10,,
PRSRUB/SFL-L-LMG,"Dromex Reflective Rubberized Rain Suits, Hood, Zip & Storm Flap",,TRUE,1,140,161,135,155.25,,,,,,,,,,,FALSE,FALSE,FALSE,Standard Rate,Standard Rate,,10,,
PRSRUB/SFL-XL-LMG,"Dromex Reflective Rubberized Rain Suits, Hood, Zip & Storm Flap",,TRUE,1,140,161,135,155.25,,,,,,,,,,,FALSE,FALSE,FALSE,Standard Rate,Standard Rate,,10,,
PRSRUB/SFL-2XL-LMG,"Dromex Reflective Rubberized Rain Suits, Hood, Zip & Storm Flap",,TRUE,1,140,161,135,155.25,,,,,,,,,,,FALSE,FALSE,FALSE,Standard Rate,Standard Rate,,10,,
PRSRUB/SFL-3XL-LMG,"Dromex Reflective Rubberized Rain Suits, Hood, Zip & Storm Flap",,TRUE,1,140,161,135,155.25,,,,,,,,,,,FALSE,FALSE,FALSE,Standard Rate,Standard Rate,,10,,
PRSRUB/BRT-S-NVB,"Dromex Reflective Rubberized Rain Suits, Hood, Zip & Storm Flap",,TRUE,1,140,161,135,155.25,,,,,,,,,,,FALSE,FALSE,FALSE,Standard Rate,Standard Rate,,10,,
PRSRUB/BRT-M-NVB,"Dromex Reflective Rubberized Rain Suits, Hood, Zip & Storm Flap",,TRUE,1,140,161,135,155.25,,,,,,,,,,,FALSE,FALSE,FALSE,Standard Rate,Standard Rate,,10,,
PRSRUB/BRT-L-NVB,"Dromex Reflective Rubberized Rain Suits, Hood, Zip & Storm Flap",,TRUE,1,140,161,135,155.25,,,,,,,,,,,FALSE,FALSE,FALSE,Standard Rate,Standard Rate,,10,,
PRSRUB/BRT-XL-NVB,"Dromex Reflective Rubberized Rain Suits, Hood, Zip & Storm Flap",,TRUE,1,140,161,135,155.25,,,,,,,,,,,FALSE,FALSE,FALSE,Standard Rate,Standard Rate,,10,,
PRSRUB/BRT-2XL-NVB,"Dromex Reflective Rubberized Rain Suits, Hood, Zip & Storm Flap",,TRUE,1,140,161,135,155.25,,,,,,,,,,,FALSE,FALSE,FALSE,Standard Rate,Standard Rate,,10,,
PRSRUB/BRT-3XL-NVB,"Dromex Reflective Rubberized Rain Suits, Hood, Zip & Storm Flap",,TRUE,1,140,161,135,155.25,,,,,,,,,,,FALSE,FALSE,FALSE,Standard Rate,Standard Rate,,10,,
RUBCOAT/SB-S-NVB,"Dromex Rubberized Raincoat Calf Length, Hood, Zip & Storm Flap",,TRUE,1,93,106.95,89,102.35,,,,,,,,,,,FALSE,FALSE,FALSE,Standard Rate,Standard Rate,,10,,
RUBCOAT/SB-M-NVB,"Dromex Rubberized Raincoat Calf Length, Hood, Zip & Storm Flap",,TRUE,1,93,106.95,89,102.35,,,,,,,,,,,FALSE,FALSE,FALSE,Standard Rate,Standard Rate,,10,,
RUBCOAT/SB-L-NVB,"Dromex Rubberized Raincoat Calf Length, Hood, Zip & Storm Flap",,TRUE,1,93,106.95,89,102.35,,,,,,,,,,,FALSE,FALSE,FALSE,Standard Rate,Standard Rate,,10,,
RUBCOAT/SB-XL-NVB,"Dromex Rubberized Raincoat Calf Length, Hood, Zip & Storm Flap",,TRUE,1,93,106.95,89,102.35,,,,,,,,,,,FALSE,FALSE,FALSE,Standard Rate,Standard Rate,,10,,
RUBCOAT/SB-2XL-NVB,"Dromex Rubberized Raincoat Calf Length, Hood, Zip & Storm Flap",,TRUE,1,93,106.95,89,102.35,,,,,,,,,,,FALSE,FALSE,FALSE,Standard Rate,Standard Rate,,10,,
RUBCOAT/SB-3XL-NVB,"Dromex Rubberized Raincoat Calf Length, Hood, Zip & Storm Flap",,TRUE,1,93,106.95,89,102.35,,,,,,,,,,,FALSE,FALSE,FALSE,Standard Rate,Standard Rate,,10,,
RUBCOAT/SY-S-Y,"Dromex Rubberized Raincoat Calf Length, Hood, Zip & Storm Flap",,TRUE,1,93,106.95,89,102.35,,,,,,,,,,,FALSE,FALSE,FALSE,Standard Rate,Standard Rate,,10,,
RUBCOAT/SY-M-Y,"Dromex Rubberized Raincoat Calf Length, Hood, Zip & Storm Flap",,TRUE,1,93,106.95,89,102.35,,,,,,,,,,,FALSE,FALSE,FALSE,Standard Rate,Standard Rate,,10,,
RUBCOAT/SY-L-Y,"Dromex Rubberized Raincoat Calf Length, Hood, Zip & Storm Flap",,TRUE,1,93,106.95,89,102.35,,,,,,,,,,,FALSE,FALSE,FALSE,Standard Rate,Standard Rate,,10,,
RUBCOAT/SY-XL-Y,"Dromex Rubberized Raincoat Calf Length, Hood, Zip & Storm Flap",,TRUE,1,93,106.95,89,102.35,,,,,,,,,,,FALSE,FALSE,FALSE,Standard Rate,Standard Rate,,10,,
RUBCOAT/SY-2XL-Y,"Dromex Rubberized Raincoat Calf Length, Hood, Zip & Storm Flap",,TRUE,1,93,106.95,89,102.35,,,,,,,,,,,FALSE,FALSE,FALSE,Standard Rate,Standard Rate,,10,,
RUBCOAT/SY-3XL-Y,"Dromex Rubberized Raincoat Calf Length, Hood, Zip & Storm Flap",,TRUE,1,93,106.95,89,102.35,,,,,,,,,,,FALSE,FALSE,FALSE,Standard Rate,Standard Rate,,10,,
DB-MAC-XS-G,Dromex Storm Suits - PVC Oil Skins for Fisherman Mac Set,,TRUE,1,343,394.45,330,379.5,,,,,,,,,,,FALSE,FALSE,FALSE,Standard Rate,Standard Rate,,10,,
DB-MAC-S-G,Dromex Storm Suits - PVC Oil Skins for Fisherman Mac Set,,TRUE,1,336.05,386.4575,323.125,371.59,,,,,,,,,,,FALSE,FALSE,FALSE,Standard Rate,Standard Rate,,10,,
DB-MAC-M-G,Dromex Storm Suits - PVC Oil Skins for Fisherman Mac Set,,TRUE,1,343.2,394.68,323.5,372.03,,,,,,,,,,,FALSE,FALSE,FALSE,Standard Rate,Standard Rate,,10,,
DB-MAC-L-G,Dromex Storm Suits - PVC Oil Skins for Fisherman Mac Set,,TRUE,1,343.2,394.68,323.875,372.46,,,,,,,,,,,FALSE,FALSE,FALSE,Standard Rate,Standard Rate,,10,,
DB-MAC-XL-G,Dromex Storm Suits - PVC Oil Skins for Fisherman Mac Set,,TRUE,1,343.2,394.68,324.25,372.89,,,,,,,,,,,FALSE,FALSE,FALSE,Standard Rate,Standard Rate,,10,,
DB-MAC-2XL-G,Dromex Storm Suits - PVC Oil Skins for Fisherman Mac Set,,TRUE,1,343.2,394.68,324.625,373.32,,,,,,,,,,,FALSE,FALSE,FALSE,Standard Rate,Standard Rate,,10,,
DB-MAC-3XL-G,Dromex Storm Suits - PVC Oil Skins for Fisherman Mac Set,,TRUE,1,343.2,394.68,325,373.75,,,,,,,,,,,FALSE,FALSE,FALSE,Standard Rate,Standard Rate,,10,,
DB-MAC-4XL-G,Dromex Storm Suits - PVC Oil Skins for Fisherman Mac Set,,TRUE,1,377.52,434.148,363,417.45,,,,,,,,,,,FALSE,FALSE,FALSE,Standard Rate,Standard Rate,,10,,
DB-MAC-5XL-G,Dromex Storm Suits - PVC Oil Skins for Fisherman Mac Set,,TRUE,1,377.52,434.148,363,417.45,,,,,,,,,,,FALSE,FALSE,FALSE,Standard Rate,Standard Rate,,10,,
DB-AGRIMAC-J-S-G,Dromex Agrimac Jacket,,TRUE,1,336.05,386.4575,323.125,371.59,,,,,,,,,,,FALSE,FALSE,FALSE,Standard Rate,Standard Rate,,10,,
DB-AGRIMAC-J-M-G,Dromex Agrimac Jacket,,TRUE,1,336.05,386.4575,323.125,371.59,,,,,,,,,,,FALSE,FALSE,FALSE,Standard Rate,Standard Rate,,10,,
DB-AGRIMAC-J-L-G,Dromex Agrimac Jacket,,TRUE,1,336.05,386.4575,323.125,371.59,,,,,,,,,,,FALSE,FALSE,FALSE,Standard Rate,Standard Rate,,10,,
DB-AGRIMAC-J-XL-G,Dromex Agrimac Jacket,,TRUE,1,336.05,386.4575,323.125,371.59,,,,,,,,,,,FALSE,FALSE,FALSE,Standard Rate,Standard Rate,,10,,
DB-AGRIMAC-J-2XL-G,Dromex Agrimac Jacket,,TRUE,1,336.05,386.4575,323.125,371.59,,,,,,,,,,,FALSE,FALSE,FALSE,Standard Rate,Standard Rate,,10,,
DB-AGRIMAC-J-3XL-G,Dromex Agrimac Jacket,,TRUE,1,336.05,386.4575,323.125,371.59,,,,,,,,,,,FALSE,FALSE,FALSE,Standard Rate,Standard Rate,,10,,
DB-AGRIMAC-BP-S-G,Dromex Agrimac Bib Pants,,TRUE,1,264.55,304.2325,254.375,292.53,,,,,,,,,,,FALSE,FALSE,FALSE,Standard Rate,Standard Rate,,10,,
DB-AGRIMAC-BP-M-G,Dromex Agrimac Bib Pants,,TRUE,1,264.55,304.2325,254.375,292.53,,,,,,,,,,,FALSE,FALSE,FALSE,Standard Rate,Standard Rate,,10,,
DB-AGRIMAC-BP-L-G,Dromex Agrimac Bib Pants,,TRUE,1,264.55,304.2325,254.375,292.53,,,,,,,,,,,FALSE,FALSE,FALSE,Standard Rate,Standard Rate,,10,,
DB-AGRIMAC-BP-XL-G,Dromex Agrimac Bib Pants,,TRUE,1,264.55,304.2325,254.375,292.53,,,,,,,,,,,FALSE,FALSE,FALSE,Standard Rate,Standard Rate,,10,,
DB-AGRIMAC-BP-2XL-G,Dromex Agrimac Bib Pants,,TRUE,1,264.55,304.2325,254.375,292.53,,,,,,,,,,,FALSE,FALSE,FALSE,Standard Rate,Standard Rate,,10,,
DB-AGRIMAC-BP-3XL-G,Dromex Agrimac Bib Pants,,TRUE,1,264.55,304.2325,254.375,292.53,,,,,,,,,,,FALSE,FALSE,FALSE,Standard Rate,Standard Rate,,10,,
DB-APOLLO-S,Dromex Coated Oxford Polyester HIVIZ Reflective Thermal Bunny Jackets,,TRUE,1,600.6,690.69,577.5,664.13,,,,,,,,,,,FALSE,FALSE,FALSE,Standard Rate,Standard Rate,,10,,
DB-APOLLO-M,Dromex Coated Oxford Polyester HIVIZ Reflective Thermal Bunny Jackets,,TRUE,1,600.6,690.69,577.5,664.13,,,,,,,,,,,FALSE,FALSE,FALSE,Standard Rate,Standard Rate,,10,,
DB-APOLLO-L,Dromex Coated Oxford Polyester HIVIZ Reflective Thermal Bunny Jackets,,TRUE,1,600.6,690.69,577.5,664.13,,,,,,,,,,,FALSE,FALSE,FALSE,Standard Rate,Standard Rate,,10,,
DB-APOLLO-XL,Dromex Coated Oxford Polyester HIVIZ Reflective Thermal Bunny Jackets,,TRUE,1,600.6,690.69,577.5,664.13,,,,,,,,,,,FALSE,FALSE,FALSE,Standard Rate,Standard Rate,,10,,
DB-APOLLO-2XL,Dromex Coated Oxford Polyester HIVIZ Reflective Thermal Bunny Jackets,,TRUE,1,600.6,690.69,577.5,664.13,,,,,,,,,,,FALSE,FALSE,FALSE,Standard Rate,Standard Rate,,10,,
DB-APOLLO-3XL,Dromex Coated Oxford Polyester HIVIZ Reflective Thermal Bunny Jackets,,TRUE,1,600.6,690.69,577.5,664.13,,,,,,,,,,,FALSE,FALSE,FALSE,Standard Rate,Standard Rate,,10,,
DB-APOLLO-4XL,Dromex Coated Oxford Polyester HIVIZ Reflective Thermal Bunny Jackets,,TRUE,1,600.6,690.69,577.5,664.13,,,,,,,,,,,FALSE,FALSE,FALSE,Standard Rate,Standard Rate,,10,,
DB-APOLLO-5XL,Dromex Coated Oxford Polyester HIVIZ Reflective Thermal Bunny Jackets,,TRUE,1,600.6,690.69,577.5,664.13,,,,,,,,,,,FALSE,FALSE,FALSE,Standard Rate,Standard Rate,,10,,
DB-WETPRO-LNB-S-YNVB,"Dromex Two Tone Waterproof Hi Viz Thermal Jackets, Wetpro Jacket Size",,TRUE,1,572,657.8,550,632.5,,,,,,,,,,,FALSE,FALSE,FALSE,Standard Rate,Standard Rate,,10,,
DB-WETPRO-LNB-M-YNVB,"Dromex Two Tone Waterproof Hi Viz Thermal Jackets, Wetpro Jacket Size",,TRUE,1,572,657.8,550,632.5,,,,,,,,,,,FALSE,FALSE,FALSE,Standard Rate,Standard Rate,,10,,
DB-WETPRO-LNB-L-YNVB,"Dromex Two Tone Waterproof Hi Viz Thermal Jackets, Wetpro Jacket Size",,TRUE,1,572,657.8,550,632.5,,,,,,,,,,,FALSE,FALSE,FALSE,Standard Rate,Standard Rate,,10,,
DB-WETPRO-LNB-XL-YNVB,"Dromex Two Tone Waterproof Hi Viz Thermal Jackets, Wetpro Jacket Size",,TRUE,1,572,657.8,550,632.5,,,,,,,,,,,FALSE,FALSE,FALSE,Standard Rate,Standard Rate,,10,,
DB-WETPRO-LNB-2XL-YNVB,"Dromex Two Tone Waterproof Hi Viz Thermal Jackets, Wetpro Jacket Size",,TRUE,1,572,657.8,550,632.5,,,,,,,,,,,FALSE,FALSE,FALSE,Standard Rate,Standard Rate,,10,,
DB-WETPRO-LNB-3XL-YNVB,"Dromex Two Tone Waterproof Hi Viz Thermal Jackets, Wetpro Jacket Size",,TRUE,1,572,657.8,550,632.5,,,,,,,,,,,FALSE,FALSE,FALSE,Standard Rate,Standard Rate,,10,,
DB-WETPRO-LNB-4XL-YNVB,"Dromex Two Tone Waterproof Hi Viz Thermal Jackets, Wetpro Jacket Size",,TRUE,1,572,657.8,550,632.5,,,,,,,,,,,FALSE,FALSE,FALSE,Standard Rate,Standard Rate,,10,,
DB-WETPRO-LNB-5XL-YNVB,"Dromex Two Tone Waterproof Hi Viz Thermal Jackets, Wetpro Jacket Size",,TRUE,1,572,657.8,550,632.5,,,,,,,,,,,FALSE,FALSE,FALSE,Standard Rate,Standard Rate,,10,,
DB-PJ-S,Dromex Puffer Jacket,,TRUE,1,514.8,592.02,495,569.25,,,,,,,,,,,FALSE,FALSE,FALSE,Standard Rate,Standard Rate,,10,,
DB-PJ-M,Dromex Puffer Jacket,,TRUE,1,514.8,592.02,495,569.25,,,,,,,,,,,FALSE,FALSE,FALSE,Standard Rate,Standard Rate,,10,,
DB-PJ-L,Dromex Puffer Jacket,,TRUE,1,514.8,592.02,495,569.25,,,,,,,,,,,FALSE,FALSE,FALSE,Standard Rate,Standard Rate,,10,,
DB-PJ-XL,Dromex Puffer Jacket,,TRUE,1,514.8,592.02,495,569.25,,,,,,,,,,,FALSE,FALSE,FALSE,Standard Rate,Standard Rate,,10,,
DB-PJ-2XL,Dromex Puffer Jacket,,TRUE,1,514.8,592.02,495,569.25,,,,,,,,,,,FALSE,FALSE,FALSE,Standard Rate,Standard Rate,,10,,
DB-PJ-3XL,Dromex Puffer Jacket,,TRUE,1,514.8,592.02,495,569.25,,,,,,,,,,,FALSE,FALSE,FALSE,Standard Rate,Standard Rate,,10,,
DB-PJ-4XL,Dromex Puffer Jacket,,TRUE,1,514.8,592.02,495,569.25,,,,,,,,,,,FALSE,FALSE,FALSE,Standard Rate,Standard Rate,,10,,
DB-PJ-5XL,Dromex Puffer Jacket,,TRUE,1,514.8,592.02,495,569.25,,,,,,,,,,,FALSE,FALSE,FALSE,Standard Rate,Standard Rate,,10,,
DB-2TPJ-XS,Dromex 2 Tone Puffer Jacket,,TRUE,1,514.8,592.02,495,569.25,,,,,,,,,,,FALSE,FALSE,FALSE,Standard Rate,Standard Rate,,10,,
DB-2TPJ-S,Dromex 2 Tone Puffer Jacket,,TRUE,1,514.8,592.02,495,569.25,,,,,,,,,,,FALSE,FALSE,FALSE,Standard Rate,Standard Rate,,10,,
DB-2TPJ-M,Dromex 2 Tone Puffer Jacket,,TRUE,1,514.8,592.02,495,569.25,,,,,,,,,,,FALSE,FALSE,FALSE,Standard Rate,Standard Rate,,10,,
DB-2TPJ-L,Dromex 2 Tone Puffer Jacket,,TRUE,1,514.8,592.02,495,569.25,,,,,,,,,,,FALSE,FALSE,FALSE,Standard Rate,Standard Rate,,10,,
DB-2TPJ-XL,Dromex 2 Tone Puffer Jacket,,TRUE,1,514.8,592.02,495,569.25,,,,,,,,,,,FALSE,FALSE,FALSE,Standard Rate,Standard Rate,,10,,
DB-2TPJ-2XL,Dromex 2 Tone Puffer Jacket,,TRUE,1,514.8,592.02,495,569.25,,,,,,,,,,,FALSE,FALSE,FALSE,Standard Rate,Standard Rate,,10,,
DB-2TPJ-3XL,Dromex 2 Tone Puffer Jacket,,TRUE,1,514.8,592.02,495,569.25,,,,,,,,,,,FALSE,FALSE,FALSE,Standard Rate,Standard Rate,,10,,
DB-2TPJ-4XL,Dromex 2 Tone Puffer Jacket,,TRUE,1,514.8,592.02,495,569.25,,,,,,,,,,,FALSE,FALSE,FALSE,Standard Rate,Standard Rate,,10,,
DB-2TPJ-5XL,Dromex 2 Tone Puffer Jacket,,TRUE,1,514.8,592.02,495,569.25,,,,,,,,,,,FALSE,FALSE,FALSE,Standard Rate,Standard Rate,,10,,
DB-SS-XS,Dromex Softshell Jackets,,TRUE,1,414.7,476.905,398.75,458.56,,,,,,,,,,,FALSE,FALSE,FALSE,Standard Rate,Standard Rate,,10,,
DB-SS-S,Dromex Softshell Jackets,,TRUE,1,414.7,476.905,398.75,458.56,,,,,,,,,,,FALSE,FALSE,FALSE,Standard Rate,Standard Rate,,10,,
DB-SS-M,Dromex Softshell Jackets,,TRUE,1,414.7,476.905,398.75,458.56,,,,,,,,,,,FALSE,FALSE,FALSE,Standard Rate,Standard Rate,,10,,
DB-SS-L,Dromex Softshell Jackets,,TRUE,1,414.7,476.905,398.75,458.56,,,,,,,,,,,FALSE,FALSE,FALSE,Standard Rate,Standard Rate,,10,,
DB-SS-XL,Dromex Softshell Jackets,,TRUE,1,414.7,476.905,398.75,458.56,,,,,,,,,,,FALSE,FALSE,FALSE,Standard Rate,Standard Rate,,10,,
DB-SS-2XL,Dromex Softshell Jackets,,TRUE,1,414.7,476.905,398.75,458.56,,,,,,,,,,,FALSE,FALSE,FALSE,Standard Rate,Standard Rate,,10,,
DB-SS-3XL,Dromex Softshell Jackets,,TRUE,1,414.7,476.905,398.75,458.56,,,,,,,,,,,FALSE,FALSE,FALSE,Standard Rate,Standard Rate,,10,,
DB-SS-4XL,Dromex Softshell Jackets,,TRUE,1,414.7,476.905,398.75,458.56,,,,,,,,,,,FALSE,FALSE,FALSE,Standard Rate,Standard Rate,,10,,
DB-SS-5XL,Dromex Softshell Jackets,,TRUE,1,414.7,476.905,398.75,458.56,,,,,,,,,,,FALSE,FALSE,FALSE,Standard Rate,Standard Rate,,10,,
DB-STP-J-XS-N,Dromex Storm Polar Thermal/Parka Reflective Jacket,,TRUE,1,450,517.5,433,497.95,,,,,,,,,,,FALSE,FALSE,FALSE,Standard Rate,Standard Rate,,10,,
DB-STP-J-S-N,Dromex Storm Polar Thermal/Parka Reflective Jacket,,TRUE,1,464.75,534.4625,446.875,513.91,,,,,,,,,,,FALSE,FALSE,FALSE,Standard Rate,Standard Rate,,10,,
DB-STP-J-M-N,Dromex Storm Polar Thermal/Parka Reflective Jacket,,TRUE,1,464.75,534.4625,446.875,513.91,,,,,,,,,,,FALSE,FALSE,FALSE,Standard Rate,Standard Rate,,10,,
DB-STP-J-L-N,Dromex Storm Polar Thermal/Parka Reflective Jacket,,TRUE,1,464.75,534.4625,446.875,513.91,,,,,,,,,,,FALSE,FALSE,FALSE,Standard Rate,Standard Rate,,10,,
DB-STP-J-XL-N,Dromex Storm Polar Thermal/Parka Reflective Jacket,,TRUE,1,464.75,534.4625,446.875,513.91,,,,,,,,,,,FALSE,FALSE,FALSE,Standard Rate,Standard Rate,,10,,
DB-STP-J-2XL-N,Dromex Storm Polar Thermal/Parka Reflective Jacket,,TRUE,1,464.75,534.4625,446.875,513.91,,,,,,,,,,,FALSE,FALSE,FALSE,Standard Rate,Standard Rate,,10,,
DB-STP-J-3XL-N,Dromex Storm Polar Thermal/Parka Reflective Jacket,,TRUE,1,464.75,534.4625,446.875,513.91,,,,,,,,,,,FALSE,FALSE,FALSE,Standard Rate,Standard Rate,,10,,
DB-STP-J-4XL-N,Dromex Storm Polar Thermal/Parka Reflective Jacket,,TRUE,1,464.75,534.4625,446.875,513.91,,,,,,,,,,,FALSE,FALSE,FALSE,Standard Rate,Standard Rate,,10,,
DB-STP-J-5XL-N,Dromex Storm Polar Thermal/Parka Reflective Jacket,,TRUE,1,450,517.5,433,497.95,,,,,,,,,,,FALSE,FALSE,FALSE,Standard Rate,Standard Rate,,10,,
DB-STP-P-S-N,Dromex Storm Polar Thermal Reflective Pants,,TRUE,1,228.8,263.12,220,253,,,,,,,,,,,FALSE,FALSE,FALSE,Standard Rate,Standard Rate,,10,,
DB-STP-P-M-N,Dromex Storm Polar Thermal Reflective Pants,,TRUE,1,228.8,263.12,220,253,,,,,,,,,,,FALSE,FALSE,FALSE,Standard Rate,Standard Rate,,10,,
DB-STP-P-L-N,Dromex Storm Polar Thermal Reflective Pants,,TRUE,1,228.8,263.12,220,253,,,,,,,,,,,FALSE,FALSE,FALSE,Standard Rate,Standard Rate,,10,,
DB-STP-P-XL-N,Dromex Storm Polar Thermal Reflective Pants,,TRUE,1,228.8,263.12,220,253,,,,,,,,,,,FALSE,FALSE,FALSE,Standard Rate,Standard Rate,,10,,
DB-STP-P-2XL-N,Dromex Storm Polar Thermal Reflective Pants,,TRUE,1,228.8,263.12,220,253,,,,,,,,,,,FALSE,FALSE,FALSE,Standard Rate,Standard Rate,,10,,
DB-STP-P-3XL-N,Dromex Storm Polar Thermal Reflective Pants,,TRUE,1,228.8,263.12,220,253,,,,,,,,,,,FALSE,FALSE,FALSE,Standard Rate,Standard Rate,,10,,
DB-STP-P-4XL-N,Dromex Storm Polar Thermal Reflective Pants,,TRUE,1,228.8,263.12,220,253,,,,,,,,,,,FALSE,FALSE,FALSE,Standard Rate,Standard Rate,,10,,
DB-STG-J-S-N,Dromex Storm Glacier Freezer Jacket,,TRUE,1,429,493.35,412.5,474.38,,,,,,,,,,,FALSE,FALSE,FALSE,Standard Rate,Standard Rate,,10,,
DB-STG-J-M-N,Dromex Storm Glacier Freezer Jacket,,TRUE,1,429,493.35,412.5,474.38,,,,,,,,,,,FALSE,FALSE,FALSE,Standard Rate,Standard Rate,,10,,
DB-STG-J-L-N,Dromex Storm Glacier Freezer Jacket,,TRUE,1,429,493.35,412.5,474.38,,,,,,,,,,,FALSE,FALSE,FALSE,Standard Rate,Standard Rate,,10,,
DB-STG-J-XL-N,Dromex Storm Glacier Freezer Jacket,,TRUE,1,429,493.35,412.5,474.38,,,,,,,,,,,FALSE,FALSE,FALSE,Standard Rate,Standard Rate,,10,,
DB-STG-J-2XL-N,Dromex Storm Glacier Freezer Jacket,,TRUE,1,429,493.35,412.5,474.38,,,,,,,,,,,FALSE,FALSE,FALSE,Standard Rate,Standard Rate,,10,,
DB-STG-J-3XL-N,Dromex Storm Glacier Freezer Jacket,,TRUE,1,429,493.35,412.5,474.38,,,,,,,,,,,FALSE,FALSE,FALSE,Standard Rate,Standard Rate,,10,,
DB-STG-P-S-N,Dromex Storm Glacier Freezer Pants,,TRUE,1,243.1,279.565,233.75,268.81,,,,,,,,,,,FALSE,FALSE,FALSE,Standard Rate,Standard Rate,,10,,
DB-STG-P-M-N,Dromex Storm Glacier Freezer Pants,,TRUE,1,243.1,279.565,233.75,268.81,,,,,,,,,,,FALSE,FALSE,FALSE,Standard Rate,Standard Rate,,10,,
DB-STG-P-L-N,Dromex Storm Glacier Freezer Pants,,TRUE,1,243.1,279.565,233.75,268.81,,,,,,,,,,,FALSE,FALSE,FALSE,Standard Rate,Standard Rate,,10,,
DB-STG-P-XL-N,Dromex Storm Glacier Freezer Pants,,TRUE,1,243.1,279.565,233.75,268.81,,,,,,,,,,,FALSE,FALSE,FALSE,Standard Rate,Standard Rate,,10,,
DB-STG-P-2XL-N,Dromex Storm Glacier Freezer Pants,,TRUE,1,243.1,279.565,233.75,268.81,,,,,,,,,,,FALSE,FALSE,FALSE,Standard Rate,Standard Rate,,10,,
DB-STG-P-3XL-N,Dromex Storm Glacier Freezer Pants,,TRUE,1,243.1,279.565,233.75,268.81,,,,,,,,,,,FALSE,FALSE,FALSE,Standard Rate,Standard Rate,,10,,
DB-STL-S-BLK,Dromex Storm Lite Jacket,,TRUE,1,372,427.8,358,411.7,,,,,,,,,,,FALSE,FALSE,FALSE,Standard Rate,Standard Rate,,10,,
DB-STL-M-BLK,Dromex Storm Lite Jacket,,TRUE,1,372,427.8,358,411.7,,,,,,,,,,,FALSE,FALSE,FALSE,Standard Rate,Standard Rate,,10,,
DB-STL-L-BLK,Dromex Storm Lite Jacket,,TRUE,1,372,427.8,358,411.7,,,,,,,,,,,FALSE,FALSE,FALSE,Standard Rate,Standard Rate,,10,,
DB-STL-XL-BLK,Dromex Storm Lite Jacket,,TRUE,1,372,427.8,358,411.7,,,,,,,,,,,FALSE,FALSE,FALSE,Standard Rate,Standard Rate,,10,,
DB-STL-2XL-BLK,Dromex Storm Lite Jacket,,TRUE,1,372,427.8,358,411.7,,,,,,,,,,,FALSE,FALSE,FALSE,Standard Rate,Standard Rate,,10,,
DB-STL-3XL-BLK,Dromex Storm Lite Jacket,,TRUE,1,372,427.8,358,411.7,,,,,,,,,,,FALSE,FALSE,FALSE,Standard Rate,Standard Rate,,10,,
DB-STL-NB-S-N,Dromex Storm Lite Jacket,,TRUE,1,371.8,427.57,357.5,411.13,,,,,,,,,,,FALSE,FALSE,FALSE,Standard Rate,Standard Rate,,10,,
DB-STL-NB-M-N,Dromex Storm Lite Jacket,,TRUE,1,371.8,427.57,357.5,411.13,,,,,,,,,,,FALSE,FALSE,FALSE,Standard Rate,Standard Rate,,10,,
DB-STL-NB-L-N,Dromex Storm Lite Jacket,,TRUE,1,371.8,427.57,357.5,411.13,,,,,,,,,,,FALSE,FALSE,FALSE,Standard Rate,Standard Rate,,10,,
DB-STL-NB-XL-N,Dromex Storm Lite Jacket,,TRUE,1,371.8,427.57,357.5,411.13,,,,,,,,,,,FALSE,FALSE,FALSE,Standard Rate,Standard Rate,,10,,
DB-STL-NB-2XL-N,Dromex Storm Lite Jacket,,TRUE,1,371.8,427.57,357.5,411.13,,,,,,,,,,,FALSE,FALSE,FALSE,Standard Rate,Standard Rate,,10,,
DB-STL-NB-3XL-N,Dromex Storm Lite Jacket,,TRUE,1,371.8,427.57,357.5,411.13,,,,,,,,,,,FALSE,FALSE,FALSE,Standard Rate,Standard Rate,,10,,
DB-STBW-A-S-BLKW,Dromex Storm Active BW Jacket,,TRUE,1,257.4,296.01,247.5,284.63,,,,,,,,,,,FALSE,FALSE,FALSE,Standard Rate,Standard Rate,,10,,
DB-STBW-A-M-BLKW,Dromex Storm Active BW Jacket,,TRUE,1,257.4,296.01,247.5,284.63,,,,,,,,,,,FALSE,FALSE,FALSE,Standard Rate,Standard Rate,,10,,
DB-STBW-A-L-BLKW,Dromex Storm Active BW Jacket,,TRUE,1,257.4,296.01,247.5,284.63,,,,,,,,,,,FALSE,FALSE,FALSE,Standard Rate,Standard Rate,,10,,
DB-STBW-A-XL-BLKW,Dromex Storm Active BW Jacket,,TRUE,1,257.4,296.01,247.5,284.63,,,,,,,,,,,FALSE,FALSE,FALSE,Standard Rate,Standard Rate,,10,,
DB-STBW-A-2XL-BLKW,Dromex Storm Active BW Jacket,,TRUE,1,257.4,296.01,247.5,284.63,,,,,,,,,,,FALSE,FALSE,FALSE,Standard Rate,Standard Rate,,10,,
DB-STBW-A-3XL-BLKW,Dromex Storm Active BW Jacket,,TRUE,1,257.4,296.01,247.5,284.63,,,,,,,,,,,FALSE,FALSE,FALSE,Standard Rate,Standard Rate,,10,,
DB-STBW-H-S-BLKW,Dromex Storm Hardbody BW Jacket,,TRUE,1,228.8,263.12,220,253,,,,,,,,,,,FALSE,FALSE,FALSE,Standard Rate,Standard Rate,,10,,
DB-STBW-H-M-BLKW,Dromex Storm Hardbody BW Jacket,,TRUE,1,228.8,263.12,220,253,,,,,,,,,,,FALSE,FALSE,FALSE,Standard Rate,Standard Rate,,10,,
DB-STBW-H-L-BLKW,Dromex Storm Hardbody BW Jacket,,TRUE,1,228.8,263.12,220,253,,,,,,,,,,,FALSE,FALSE,FALSE,Standard Rate,Standard Rate,,10,,
DB-STBW-H-XL-BLKW,Dromex Storm Hardbody BW Jacket,,TRUE,1,228.8,263.12,220,253,,,,,,,,,,,FALSE,FALSE,FALSE,Standard Rate,Standard Rate,,10,,
DB-STBW-H-2XL-BLKW,Dromex Storm Hardbody BW Jacket,,TRUE,1,228.8,263.12,220,253,,,,,,,,,,,FALSE,FALSE,FALSE,Standard Rate,Standard Rate,,10,,
DB-STBW-H-3XL-BLKW,Dromex Storm Hardbody BW Jacket,,TRUE,1,228.8,263.12,220,253,,,,,,,,,,,FALSE,FALSE,FALSE,Standard Rate,Standard Rate,,10,,
PROMAX-C4000-M-Y,Dromex Promax-C4000 Coveralls Type 3,,TRUE,1,358,411.7,344,395.6,,,,,,,,,,,FALSE,FALSE,FALSE,Standard Rate,Standard Rate,,10,,
PROMAX-C4000-L-Y,Dromex Promax-C4000 Coveralls Type 3,,TRUE,1,358,411.7,344,395.6,,,,,,,,,,,FALSE,FALSE,FALSE,Standard Rate,Standard Rate,,10,,
PROMAX-C4000-XL-Y,Dromex Promax-C4000 Coveralls Type 3,,TRUE,1,358,411.7,344,395.6,,,,,,,,,,,FALSE,FALSE,FALSE,Standard Rate,Standard Rate,,10,,
PROMAX-C4000-2XL-Y,Dromex Promax-C4000 Coveralls Type 3,,TRUE,1,358,411.7,344,395.6,,,,,,,,,,,FALSE,FALSE,FALSE,Standard Rate,Standard Rate,,10,,
PROMAX-C4000-3XL-Y,Dromex Promax-C4000 Coveralls Type 3,,TRUE,1,358,411.7,344,395.6,,,,,,,,,,,FALSE,FALSE,FALSE,Standard Rate,Standard Rate,,10,,
PROMAX-1000-M-W,Promax 1000 Medical,,TRUE,1,114,131.1,110,126.5,,,,,,,,,,,FALSE,FALSE,FALSE,Standard Rate,Standard Rate,,10,,
PROMAX-1000-L-W,Promax 1000 Medical,,TRUE,1,114,131.1,110,126.5,,,,,,,,,,,FALSE,FALSE,FALSE,Standard Rate,Standard Rate,,10,,
PROMAX-1000-XL-W,Promax 1000 Medical,,TRUE,1,114,131.1,110,126.5,,,,,,,,,,,FALSE,FALSE,FALSE,Standard Rate,Standard Rate,,10,,
PROMAX-S-W,Promax Disposable Overalls,,TRUE,1,57,65.55,55,63.25,,,,,,,,,,,FALSE,FALSE,FALSE,Standard Rate,Standard Rate,,10,,
PROMAX-M-W,Promax Disposable Overalls,,TRUE,1,57,65.55,55,63.25,,,,,,,,,,,FALSE,FALSE,FALSE,Standard Rate,Standard Rate,,10,,
PROMAX-L-W,Promax Disposable Overalls,,TRUE,1,57,65.55,55,63.25,,,,,,,,,,,FALSE,FALSE,FALSE,Standard Rate,Standard Rate,,10,,
PROMAX-XL-W,Promax Disposable Overalls,,TRUE,1,57,65.55,55,63.25,,,,,,,,,,,FALSE,FALSE,FALSE,Standard Rate,Standard Rate,,10,,
PROMAX-2XL-W,Promax Disposable Overalls,,TRUE,1,57,65.55,55,63.25,,,,,,,,,,,FALSE,FALSE,FALSE,Standard Rate,Standard Rate,,10,,
PROMAX-3XL-W,Promax Disposable Overalls,,TRUE,1,57,65.55,55,63.25,,,,,,,,,,,FALSE,FALSE,FALSE,Standard Rate,Standard Rate,,10,,
PDISPO-M-W,"Dromex Disposable Overalls, 50gsm Non Woven",,TRUE,1,27,31.05,26,29.9,,,,,,,,,,,FALSE,FALSE,FALSE,Standard Rate,Standard Rate,,10,,
PDISPO-L-W,"Dromex Disposable Overalls, 50gsm Non Woven",,TRUE,1,27,31.05,26,29.9,,,,,,,,,,,FALSE,FALSE,FALSE,Standard Rate,Standard Rate,,10,,
PDISPO-XL-W,"Dromex Disposable Overalls, 50gsm Non Woven",,TRUE,1,27,31.05,26,29.9,,,,,,,,,,,FALSE,FALSE,FALSE,Standard Rate,Standard Rate,,10,,
PDISPO-2XL-W,"Dromex Disposable Overalls, 50gsm Non Woven",,TRUE,1,27,31.05,26,29.9,,,,,,,,,,,FALSE,FALSE,FALSE,Standard Rate,Standard Rate,,10,,
PDISPO-3XL-W,"Dromex Disposable Overalls, 50gsm Non Woven",,TRUE,1,27,31.05,26,29.9,,,,,,,,,,,FALSE,FALSE,FALSE,Standard Rate,Standard Rate,,10,,
SA19-L,Dromex Day-Glow Reflective Solid Material Maxi Bib,,TRUE,1,15.015,17.26725,14.4375,16.6,,,,,,,,,,,FALSE,FALSE,FALSE,Standard Rate,Standard Rate,,10,,
SA10-S-L,"Dromex Reflective Vest, Zip, ID Pouch",,TRUE,1,31,35.65,30,34.5,,,,,,,,,,,FALSE,FALSE,FALSE,Standard Rate,Standard Rate,,10,,
SA10-M-L,"Dromex Reflective Vest, Zip, ID Pouch",,TRUE,1,31,35.65,30,34.5,,,,,,,,,,,FALSE,FALSE,FALSE,Standard Rate,Standard Rate,,10,,
SA10-L-L,"Dromex Reflective Vest, Zip, ID Pouch",,TRUE,1,31,35.65,30,34.5,,,,,,,,,,,FALSE,FALSE,FALSE,Standard Rate,Standard Rate,,10,,
SA10-XL-L,"Dromex Reflective Vest, Zip, ID Pouch",,TRUE,1,31,35.65,30,34.5,,,,,,,,,,,FALSE,FALSE,FALSE,Standard Rate,Standard Rate,,10,,
SA10-2XL-L,"Dromex Reflective Vest, Zip, ID Pouch",,TRUE,1,31,35.65,30,34.5,,,,,,,,,,,FALSE,FALSE,FALSE,Standard Rate,Standard Rate,,10,,
SA10-3XL-L,"Dromex Reflective Vest, Zip, ID Pouch",,TRUE,1,31,35.65,30,34.5,,,,,,,,,,,FALSE,FALSE,FALSE,Standard Rate,Standard Rate,,10,,
SA10-5XL-L,"Dromex Reflective Vest, Zip, ID Pouch",,TRUE,1,31,35.65,30,34.5,,,,,,,,,,,FALSE,FALSE,FALSE,Standard Rate,Standard Rate,,10,,
SA10-OR-S-O,"Dromex Reflective Vest, Zip, ID Pouch",,TRUE,1,31,35.65,30,34.5,,,,,,,,,,,FALSE,FALSE,FALSE,Standard Rate,Standard Rate,,10,,
SA10-OR-M-O,"Dromex Reflective Vest, Zip, ID Pouch",,TRUE,1,31,35.65,30,34.5,,,,,,,,,,,FALSE,FALSE,FALSE,Standard Rate,Standard Rate,,10,,
SA10-OR-L-O,"Dromex Reflective Vest, Zip, ID Pouch",,TRUE,1,31,35.65,30,34.5,,,,,,,,,,,FALSE,FALSE,FALSE,Standard Rate,Standard Rate,,10,,
SA10-OR-XL-O,"Dromex Reflective Vest, Zip, ID Pouch",,TRUE,1,31,35.65,30,34.5,,,,,,,,,,,FALSE,FALSE,FALSE,Standard Rate,Standard Rate,,10,,
SA10-OR-2XL-O,"Dromex Reflective Vest, Zip, ID Pouch",,TRUE,1,31,35.65,30,34.5,,,,,,,,,,,FALSE,FALSE,FALSE,Standard Rate,Standard Rate,,10,,
SA10-OR-3XL-O,"Dromex Reflective Vest, Zip, ID Pouch",,TRUE,1,31,35.65,30,34.5,,,,,,,,,,,FALSE,FALSE,FALSE,Standard Rate,Standard Rate,,10,,
SA10-OR-5XL-O,"Dromex Reflective Vest, Zip, ID Pouch",,TRUE,1,31,35.65,30,34.5,,,,,,,,,,,FALSE,FALSE,FALSE,Standard Rate,Standard Rate,,10,,
SA7B2-S-L,"Dromex Mesh Vest,Zip, ID, PVC Tape",,TRUE,1,34,39.1,33,37.95,,,,,,,,,,,FALSE,FALSE,FALSE,Standard Rate,Standard Rate,,10,,
SA7B2-M-L,"Dromex Mesh Vest,Zip, ID, PVC Tape",,TRUE,1,34,39.1,33,37.95,,,,,,,,,,,FALSE,FALSE,FALSE,Standard Rate,Standard Rate,,10,,
SA7B2-L,"Dromex Mesh Vest,Zip, ID, PVC Tape",,TRUE,1,34,39.1,33,37.95,,,,,,,,,,,FALSE,FALSE,FALSE,Standard Rate,Standard Rate,,10,,
SA7B2-XL-L,"Dromex Mesh Vest,Zip, ID, PVC Tape",,TRUE,1,34,39.1,33,37.95,,,,,,,,,,,FALSE,FALSE,FALSE,Standard Rate,Standard Rate,,10,,
SA7B2-2XL-L,"Dromex Mesh Vest,Zip, ID, PVC Tape",,TRUE,1,34,39.1,33,37.95,,,,,,,,,,,FALSE,FALSE,FALSE,Standard Rate,Standard Rate,,10,,
SA7B2-3XL-L,"Dromex Mesh Vest,Zip, ID, PVC Tape",,TRUE,1,34,39.1,33,37.95,,,,,,,,,,,FALSE,FALSE,FALSE,Standard Rate,Standard Rate,,10,,
SA7B2-5XL-L,"Dromex Mesh Vest,Zip, ID, PVC Tape",,TRUE,1,34.32,39.468,33,37.95,,,,,,,,,,,FALSE,FALSE,FALSE,Standard Rate,Standard Rate,,10,,
SA16A-M-L,"Dromex Reflective Vest, Zip, ID",,TRUE,1,39,44.85,37,42.55,,,,,,,,,,,FALSE,FALSE,FALSE,Standard Rate,Standard Rate,,10,,
SA16A-L-L,"Dromex Reflective Vest, Zip, ID",,TRUE,1,39,44.85,37,42.55,,,,,,,,,,,FALSE,FALSE,FALSE,Standard Rate,Standard Rate,,10,,
SA16A-XL-L,"Dromex Reflective Vest, Zip, ID",,TRUE,1,39,44.85,37,42.55,,,,,,,,,,,FALSE,FALSE,FALSE,Standard Rate,Standard Rate,,10,,
SA16A-2XL-L,"Dromex Reflective Vest, Zip, ID",,TRUE,1,39,44.85,37,42.55,,,,,,,,,,,FALSE,FALSE,FALSE,Standard Rate,Standard Rate,,10,,
SA16A-3XL-L,"Dromex Reflective Vest, Zip, ID",,TRUE,1,39,44.85,37,42.55,,,,,,,,,,,FALSE,FALSE,FALSE,Standard Rate,Standard Rate,,10,,
SA-S-LO,"Dromex 2TONE Reflective Sleeveless Waist Jacket, PVC Tape LVL3, Zip, ID, PVC Tape",,TRUE,1,51,58.65,50,57.5,,,,,,,,,,,FALSE,FALSE,FALSE,Standard Rate,Standard Rate,,10,,
SA-M-LO,"Dromex 2TONE Reflective Sleeveless Waist Jacket, PVC Tape LVL3, Zip, ID, PVC Tape",,TRUE,1,51,58.65,50,57.5,,,,,,,,,,,FALSE,FALSE,FALSE,Standard Rate,Standard Rate,,10,,
SA-L-LO,"Dromex 2TONE Reflective Sleeveless Waist Jacket, PVC Tape LVL3, Zip, ID, PVC Tape",,TRUE,1,51,58.65,50,57.5,,,,,,,,,,,FALSE,FALSE,FALSE,Standard Rate,Standard Rate,,10,,
SA-XL-LO,"Dromex 2TONE Reflective Sleeveless Waist Jacket, PVC Tape LVL3, Zip, ID, PVC Tape",,TRUE,1,51,58.65,50,57.5,,,,,,,,,,,FALSE,FALSE,FALSE,Standard Rate,Standard Rate,,10,,
SA-2XL-LO,"Dromex 2TONE Reflective Sleeveless Waist Jacket, PVC Tape LVL3, Zip, ID, PVC Tape",,TRUE,1,51,58.65,50,57.5,,,,,,,,,,,FALSE,FALSE,FALSE,Standard Rate,Standard Rate,,10,,
SA-3XL-LO,"Dromex 2TONE Reflective Sleeveless Waist Jacket, PVC Tape LVL3, Zip, ID, PVC Tape",,TRUE,1,51,58.65,50,57.5,,,,,,,,,,,FALSE,FALSE,FALSE,Standard Rate,Standard Rate,,10,,
SA-5XL-LO,"Dromex 2TONE Reflective Sleeveless Waist Jacket, PVC Tape LVL3, Zip, ID, PVC Tape",,TRUE,1,51,58.65,50,57.5,,,,,,,,,,,FALSE,FALSE,FALSE,Standard Rate,Standard Rate,,10,,
SA50-YB-S-LO,"Dromex 2TONE Reflective Sleeveless Waist Jacket, LVL3 Zip, ID",,TRUE,1,114,131.1,110,126.5,,,,,,,,,,,FALSE,FALSE,FALSE,Standard Rate,Standard Rate,,10,,
SA50-YB-M-LO,"Dromex 2TONE Reflective Sleeveless Waist Jacket, LVL3 Zip, ID",,TRUE,1,92.95,106.8925,89.375,102.78,,,,,,,,,,,FALSE,FALSE,FALSE,Standard Rate,Standard Rate,,10,,
SA50-YB-L-LO,"Dromex 2TONE Reflective Sleeveless Waist Jacket, LVL3 Zip, ID",,TRUE,1,92.95,106.8925,89.375,102.78,,,,,,,,,,,FALSE,FALSE,FALSE,Standard Rate,Standard Rate,,10,,
SA50-YB-XL-LO,"Dromex 2TONE Reflective Sleeveless Waist Jacket, LVL3 Zip, ID",,TRUE,1,92.95,106.8925,89.375,102.78,,,,,,,,,,,FALSE,FALSE,FALSE,Standard Rate,Standard Rate,,10,,
SA50-YB-2XL-LO,"Dromex 2TONE Reflective Sleeveless Waist Jacket, LVL3 Zip, ID",,TRUE,1,92.95,106.8925,89.375,102.78,,,,,,,,,,,FALSE,FALSE,FALSE,Standard Rate,Standard Rate,,10,,
SA50-YB-3XL-LO,"Dromex 2TONE Reflective Sleeveless Waist Jacket, LVL3 Zip, ID",,TRUE,1,92.95,106.8925,89.375,102.78,,,,,,,,,,,FALSE,FALSE,FALSE,Standard Rate,Standard Rate,,10,,
SA50-YOR-S-LR,"Dromex 2TONE Reflective Sleeveless Waist Jacket, LVL3 Zip, ID",,TRUE,1,114.4,131.56,110,126.5,,,,,,,,,,,FALSE,FALSE,FALSE,Standard Rate,Standard Rate,,10,,
SA50-YOR-M-LR,"Dromex 2TONE Reflective Sleeveless Waist Jacket, LVL3 Zip, ID",,TRUE,1,114.4,131.56,110,126.5,,,,,,,,,,,FALSE,FALSE,FALSE,Standard Rate,Standard Rate,,10,,
SA50-YOR-L-LR,"Dromex 2TONE Reflective Sleeveless Waist Jacket, LVL3 Zip, ID",,TRUE,1,114.4,131.56,110,126.5,,,,,,,,,,,FALSE,FALSE,FALSE,Standard Rate,Standard Rate,,10,,
SA50-YOR-XL-LR,"Dromex 2TONE Reflective Sleeveless Waist Jacket, LVL3 Zip, ID",,TRUE,1,114.4,131.56,110,126.5,,,,,,,,,,,FALSE,FALSE,FALSE,Standard Rate,Standard Rate,,10,,
SA50-YOR-2XL-LR,"Dromex 2TONE Reflective Sleeveless Waist Jacket, LVL3 Zip, ID",,TRUE,1,114.4,131.56,110,126.5,,,,,,,,,,,FALSE,FALSE,FALSE,Standard Rate,Standard Rate,,10,,
SA50-YOR-3XL-LR,"Dromex 2TONE Reflective Sleeveless Waist Jacket, LVL3 Zip, ID",,TRUE,1,114.4,131.56,110,126.5,,,,,,,,,,,FALSE,FALSE,FALSE,Standard Rate,Standard Rate,,10,,
SA11-ASFR-XL-LR,Dromex Anti Static & Flame Retardant Reflective Jackets with Flame Retardant Tape ID,,TRUE,1,157.3,180.895,151.25,173.94,,,,,,,,,,,FALSE,FALSE,FALSE,Standard Rate,Standard Rate,,10,,
SA11-ASFR-2XL-LR,Dromex Anti Static & Flame Retardant Reflective Jackets with Flame Retardant Tape ID,,TRUE,1,157.3,180.895,151.25,173.94,,,,,,,,,,,FALSE,FALSE,FALSE,Standard Rate,Standard Rate,,10,,
SA11-ASFR-3XL-LR,Dromex Anti Static & Flame Retardant Reflective Jackets with Flame Retardant Tape ID,,TRUE,1,157.3,180.895,151.25,173.94,,,,,,,,,,,FALSE,FALSE,FALSE,Standard Rate,Standard Rate,,10,,
SA11-ASFR-5XL-LR,Dromex Anti Static & Flame Retardant Reflective Jackets with Flame Retardant Tape ID,,TRUE,1,157.3,180.895,151.25,173.94,,,,,,,,,,,FALSE,FALSE,FALSE,Standard Rate,Standard Rate,,10,,
SA003FR-Y-S-L,Dromex Flame Retardant Reflective Jackets with Flame Retardant Tape,,TRUE,1,193.05,222.0075,185.625,213.47,,,,,,,,,,,FALSE,FALSE,FALSE,Standard Rate,Standard Rate,,10,,
SA003FR-Y-M-L,Dromex Flame Retardant Reflective Jackets with Flame Retardant Tape,,TRUE,1,193,221.95,186,213.9,,,,,,,,,,,FALSE,FALSE,FALSE,Standard Rate,Standard Rate,,10,,
SA003FR-Y-L-L,Dromex Flame Retardant Reflective Jackets with Flame Retardant Tape,,TRUE,1,193,221.95,186,213.9,,,,,,,,,,,FALSE,FALSE,FALSE,Standard Rate,Standard Rate,,10,,
SA003FR-Y-XL-L,Dromex Flame Retardant Reflective Jackets with Flame Retardant Tape,,TRUE,1,193.05,222.0075,185.625,213.47,,,,,,,,,,,FALSE,FALSE,FALSE,Standard Rate,Standard Rate,,10,,
SA003FR-Y-2XL-L,Dromex Flame Retardant Reflective Jackets with Flame Retardant Tape,,TRUE,1,193.05,222.0075,185.625,213.47,,,,,,,,,,,FALSE,FALSE,FALSE,Standard Rate,Standard Rate,,10,,
SA003FR-Y-3XL-L,Dromex Flame Retardant Reflective Jackets with Flame Retardant Tape,,TRUE,1,193.05,222.0075,185.625,213.47,,,,,,,,,,,FALSE,FALSE,FALSE,Standard Rate,Standard Rate,,10,,
SA003FR-Y-5XL-L,Dromex Flame Retardant Reflective Jackets with Flame Retardant Tape,,TRUE,1,193.05,222.0075,185.625,213.47,,,,,,,,,,,FALSE,FALSE,FALSE,Standard Rate,Standard Rate,,10,,
SA13-SL-S-LO,"Dromex Traffic Reflective Vest, 100% Polyester Tricot, Detachable Sleeve ID, Detach Sleeve",,TRUE,1,178.75,205.5625,171.875,197.66,,,,,,,,,,,FALSE,FALSE,FALSE,Standard Rate,Standard Rate,,10,,
SA13-SL-M-LO,"Dromex Traffic Reflective Vest, 100% Polyester Tricot, Detachable Sleeve ID, Detach Sleeve",,TRUE,1,178.75,205.5625,171.875,197.66,,,,,,,,,,,FALSE,FALSE,FALSE,Standard Rate,Standard Rate,,10,,
SA13-SL-L-LO,"Dromex Traffic Reflective Vest, 100% Polyester Tricot, Detachable Sleeve ID, Detach Sleeve",,TRUE,1,178.75,205.5625,171.875,197.66,,,,,,,,,,,FALSE,FALSE,FALSE,Standard Rate,Standard Rate,,10,,
SA13-SL-XL-LO,"Dromex Traffic Reflective Vest, 100% Polyester Tricot, Detachable Sleeve ID, Detach Sleeve",,TRUE,1,178.75,205.5625,171.875,197.66,,,,,,,,,,,FALSE,FALSE,FALSE,Standard Rate,Standard Rate,,10,,
SA13-SL-2XL-LO,"Dromex Traffic Reflective Vest, 100% Polyester Tricot, Detachable Sleeve ID, Detach Sleeve",,TRUE,1,178.75,205.5625,171.875,197.66,,,,,,,,,,,FALSE,FALSE,FALSE,Standard Rate,Standard Rate,,10,,
SA13-SL-3XL-LO,"Dromex Traffic Reflective Vest, 100% Polyester Tricot, Detachable Sleeve ID, Detach Sleeve",,TRUE,1,178.75,205.5625,171.875,197.66,,,,,,,,,,,FALSE,FALSE,FALSE,Standard Rate,Standard Rate,,10,,
SA14-NS-S-LO,"Dromex Traffic Reflective Vest, 100% Polyester, Sleeveless",,TRUE,1,157.3,180.895,151.25,173.94,,,,,,,,,,,FALSE,FALSE,FALSE,Standard Rate,Standard Rate,,10,,
SA14-NS-M-LO,"Dromex Traffic Reflective Vest, 100% Polyester, Sleeveless",,TRUE,1,157.3,180.895,151.25,173.94,,,,,,,,,,,FALSE,FALSE,FALSE,Standard Rate,Standard Rate,,10,,
SA14-NS-L-LO,"Dromex Traffic Reflective Vest, 100% Polyester, Sleeveless",,TRUE,1,157.3,180.895,151.25,173.94,,,,,,,,,,,FALSE,FALSE,FALSE,Standard Rate,Standard Rate,,10,,
SA14-NS-XL-LO,"Dromex Traffic Reflective Vest, 100% Polyester, Sleeveless",,TRUE,1,157.3,180.895,151.25,173.94,,,,,,,,,,,FALSE,FALSE,FALSE,Standard Rate,Standard Rate,,10,,
SA14-NS-2XL-LO,"Dromex Traffic Reflective Vest, 100% Polyester, Sleeveless",,TRUE,1,157.3,180.895,151.25,173.94,,,,,,,,,,,FALSE,FALSE,FALSE,Standard Rate,Standard Rate,,10,,
SA14-NS-3XL-LO,"Dromex Traffic Reflective Vest, 100% Polyester, Sleeveless",,TRUE,1,157.3,180.895,151.25,173.94,,,,,,,,,,,FALSE,FALSE,FALSE,Standard Rate,Standard Rate,,10,,
FA-3,Dromex First Aid Kit Regulation 3,,TRUE,1,622.05,715.3575,598.125,687.84,,,,,,,,,,,FALSE,FALSE,FALSE,Standard Rate,Standard Rate,,10,,
FA-3/REFILL,Dromex First Aid Kit Regulation 3 Refill,,TRUE,1,336.05,386.4575,323.125,371.59,,,,,,,,,,,FALSE,FALSE,FALSE,Standard Rate,Standard Rate,,10,,
FA-7,Dromex First Aid Kit Regulation 7,,TRUE,1,693.55,797.5825,666.875,766.91,,,,,,,,,,,FALSE,FALSE,FALSE,Standard Rate,Standard Rate,,10,,
FA-7/REFILL,Dromex First Aid Kit Regulation 7 Refill,,TRUE,1,407.55,468.6825,391.875,450.66,,,,,,,,,,,FALSE,FALSE,FALSE,Standard Rate,Standard Rate,,10,,
DFA-PN10,"Dromex Full Body Harness with Attached Double Lanyard, with Scaffold Hooks - Composite",,TRUE,1,529.1,608.465,508.75,585.06,,,,,,,,,,,FALSE,FALSE,FALSE,Standard Rate,Standard Rate,,10,,
DFA-PN21,"Dromex Full Body Harness with Waist Belt, Attached Double Lanyard with Scaffold Hooks - Composite",,TRUE,1,593.58,682.617,570.75,656.36,,,,,,,,,,,FALSE,FALSE,FALSE,Standard Rate,Standard Rate,,10,,
DFA-PN10-PS,Dromex Full Body Harness with Pelvic Strap - Composite,,TRUE,1,321.75,370.0125,309.375,355.78,,,,,,,,,,,FALSE,FALSE,FALSE,Standard Rate,Standard Rate,,10,,
DFA-PN361N,"Dromex Energy Absorbing Webbing Double Lanyard with PN124 & PN131, 1.75m - Composite",,TRUE,1,544.83,626.5545,523.875,602.46,,,,,,,,,,,FALSE,FALSE,FALSE,Standard Rate,Standard Rate,,10,,
DFA-STS01,Dromex Suspension Intolerance Strap - Composite,,TRUE,1,274.17,315.2955,263.625,303.17,,,,,,,,,,,FALSE,FALSE,FALSE,Standard Rate,Standard Rate,,10,,
DFA-TL01,Dromex Tool Lanyard - Composite,,TRUE,1,104.39,120.0485,100.375,115.43,,,,,,,,,,,FALSE,FALSE,FALSE,Standard Rate,Standard Rate,,10,,
DFA-TL02,Dromex Twin Tool Lanyard - Composite,,TRUE,1,160.16,184.184,154,177.1,,,,,,,,,,,FALSE,FALSE,FALSE,Standard Rate,Standard Rate,,10,,
DFA-TPGS06,Dromex Retractable Fall Arrester (6m) New Handle Casing - Composite,,TRUE,1,3432,3946.8,3300,3795,,,,,,,,,,,FALSE,FALSE,FALSE,Standard Rate,Standard Rate,,10,,
DFA-TPGS15,Dromex Retractable Fall Arrester (15m) New Handle Casing Composite,,TRUE,1,7865,9044.75,7562.5,8696.88,,,,,,,,,,,FALSE,FALSE,FALSE,Standard Rate,Standard Rate,,10,,
DFA-PN2002,Dromex Retractable Webbing Mini Block (2.5m) with Swivel Composite,,TRUE,1,1601.6,1841.84,1540,1771,,,,,,,,,,,FALSE,FALSE,FALSE,Standard Rate,Standard Rate,,10,,
DFA-MIC02,Dromex Retractable Fall Arrester (2m) with Hook Composite,,TRUE,1,2402.4,2762.76,2310,2656.5,,,,,,,,,,,FALSE,FALSE,FALSE,Standard Rate,Standard Rate,,10,,
WELDSCR-2X2-Y,"Dromex Welding Screen, 2x2m",,TRUE,1,80.595,92.68425,72.76071825,83.67,,,,,,,,,,,FALSE,FALSE,FALSE,Standard Rate,Standard Rate,,10,,
WELDSCR-2X3-Y,"Dromex Welding Screen, 2x3m",,TRUE,1,80.595,92.68425,72.76071825,83.67,,,,,,,,,,,FALSE,FALSE,FALSE,Standard Rate,Standard Rate,,10,,
DH-HH-W,Dromex Hard Hat,,TRUE,1,90.09,103.6035,86.625,99.62,,,,,,,,,,,FALSE,FALSE,FALSE,Standard Rate,Standard Rate,,10,,
DH-HH-DB-DKB,Dromex Hard Hat,,TRUE,1,90.09,103.6035,86.625,99.62,,,,,,,,,,,FALSE,FALSE,FALSE,Standard Rate,Standard Rate,,10,,
DH-HH-B,Dromex Hard Hat,,TRUE,1,90.09,103.6035,86.625,99.62,,,,,,,,,,,FALSE,FALSE,FALSE,Standard Rate,Standard Rate,,10,,
DH-HH-RD-R,Dromex Hard Hat,,TRUE,1,90.09,103.6035,86.625,99.62,,,,,,,,,,,FALSE,FALSE,FALSE,Standard Rate,Standard Rate,,10,,
DH-HH-G,Dromex Hard Hat,,TRUE,1,90.09,103.6035,86.625,99.62,,,,,,,,,,,FALSE,FALSE,FALSE,Standard Rate,Standard Rate,,10,,
DH-HH-Y,Dromex Hard Hat,,TRUE,1,90.09,103.6035,86.625,99.62,,,,,,,,,,,FALSE,FALSE,FALSE,Standard Rate,Standard Rate,,10,,
DH-HH-OR-O,Dromex Hard Hat,,TRUE,1,90.09,103.6035,86.625,99.62,,,,,,,,,,,FALSE,FALSE,FALSE,Standard Rate,Standard Rate,,10,,
DH-HH-GY,Dromex Hard Hat,,TRUE,1,90.09,103.6035,86.625,99.62,,,,,,,,,,,FALSE,FALSE,FALSE,Standard Rate,Standard Rate,,10,,
DH-HH-P,Dromex Hard Hat,,TRUE,1,82,94.3,78,89.7,,,,,,,,,,,FALSE,FALSE,FALSE,Standard Rate,Standard Rate,,10,,
DH-HH-BLK,Dromex Hard Hat,,TRUE,1,90.09,103.6035,86.625,99.62,,,,,,,,,,,FALSE,FALSE,FALSE,Standard Rate,Standard Rate,,10,,
DH-HH-BRN-BR,Dromex Hard Hat,,TRUE,1,90.09,103.6035,86.625,99.62,,,,,,,,,,,FALSE,FALSE,FALSE,Standard Rate,Standard Rate,,10,,
DH-HHCL-W,Dromex Hard Hat with Cap Lamp Bracket,,TRUE,1,104.39,120.0485,100.375,115.43,,,,,,,,,,,FALSE,FALSE,FALSE,Standard Rate,Standard Rate,,10,,
DH-HHCL-B,Dromex Hard Hat with Cap Lamp Bracket,,TRUE,1,104.39,120.0485,100.375,115.43,,,,,,,,,,,FALSE,FALSE,FALSE,Standard Rate,Standard Rate,,10,,
DH-HHCL-RD-R,Dromex Hard Hat with Cap Lamp Bracket,,TRUE,1,104.39,120.0485,100.375,115.43,,,,,,,,,,,FALSE,FALSE,FALSE,Standard Rate,Standard Rate,,10,,
DH-HHCL-Y,Dromex Hard Hat with Cap Lamp Bracket,,TRUE,1,104.39,120.0485,100.375,115.43,,,,,,,,,,,FALSE,FALSE,FALSE,Standard Rate,Standard Rate,,10,,
DH-HHCL-G,Dromex Hard Hat with Cap Lamp Bracket,,TRUE,1,104.39,120.0485,100.375,115.43,,,,,,,,,,,FALSE,FALSE,FALSE,Standard Rate,Standard Rate,,10,,
DH-HHCL-OR-O,Dromex Hard Hat with Cap Lamp Bracket,,TRUE,1,104.39,120.0485,100.375,115.43,,,,,,,,,,,FALSE,FALSE,FALSE,Standard Rate,Standard Rate,,10,,
DH-HHCL-GY,Dromex Hard Hat with Cap Lamp Bracket,,TRUE,1,104.39,120.0485,100.375,115.43,,,,,,,,,,,FALSE,FALSE,FALSE,Standard Rate,Standard Rate,,10,,
DH-HHCL-DB-DKB,Dromex Hard Hat with Cap Lamp Bracket,,TRUE,1,104.39,120.0485,100.375,115.43,,,,,,,,,,,FALSE,FALSE,FALSE,Standard Rate,Standard Rate,,10,,
BUMPCAP-NB-NVB,Dromex Bumpcap 100% Cotton EN812,,TRUE,1,92.95,106.8925,89.375,102.78,,,,,,,,,,,FALSE,FALSE,FALSE,Standard Rate,Standard Rate,,10,,
BUMPCAP-BLK-B,Dromex Bumpcap 100% Cotton EN812,,TRUE,1,92.95,106.8925,89.375,102.78,,,,,,,,,,,FALSE,FALSE,FALSE,Standard Rate,Standard Rate,,10,,
DV-11-CL,"Dromex Direct Mesh Vent (1,F) - Wide Vision Polycarbonate Lens & Vinyl Frame - EN 166:2002",,TRUE,1,9.9385,11.429275,9.55625,10.99,,,,,,,,,,,FALSE,FALSE,FALSE,Standard Rate,Standard Rate,,10,,
DV-21-CL,"Dromex In-Direct Dual Vent (1,B,3,4,9) Wide Vision Polycarbonate Lens & Vinyl Frame - EN 166:2002",,TRUE,1,12.5125,14.389375,12.03125,13.84,,,,,,,,,,,FALSE,FALSE,FALSE,Standard Rate,Standard Rate,,10,,
DV-004MAX-CL,"Dromex In-Direct Ultimate Vision, Wide Band Elastic - Polycarbonate Lens & Vinyl Frame - EN 166:2002",,TRUE,1,57.2,65.78,55,63.25,,,,,,,,,,,FALSE,FALSE,FALSE,Standard Rate,Standard Rate,,10,,
DV-EF20B-CL,Dromex Wildland Fire Fighting Goggle - DZ87+ NFPA1977 2016.Ed,,TRUE,1,143,164.45,137.5,158.13,,,,,,,,,,,FALSE,FALSE,FALSE,Standard Rate,Standard Rate,,10,,
DV-GW5-CL,Dromex Flip Front Welding Goggle,,TRUE,1,28.6,32.89,27.5,31.63,,,,,,,,,,,FALSE,FALSE,FALSE,Standard Rate,Standard Rate,,10,,
DV-026A-AM,"Dromex Amber Hdl, Anti Scratch",,TRUE,1,9.6525,11.100375,9.28125,10.67,,,,,,,,,,,FALSE,FALSE,FALSE,Standard Rate,Standard Rate,,10,,
DV-353C-AF-R-CL,"Dromex Sporty Cool Polycarbonate Lens - Vinyl Frame - EN 166:2002 Clear, Anti Scratch & Anti Fog",,TRUE,1,25.74,29.601,24.75,28.46,,,,,,,,,,,FALSE,FALSE,FALSE,Standard Rate,Standard Rate,,10,,
DV-353C-AF-B-CL,"Dromex Sporty Cool Polycarbonate Lens - Vinyl Frame - EN 166:2002 Clear, Anti Scratch & Anti Fog",,TRUE,1,25.74,29.601,24.75,28.46,,,,,,,,,,,FALSE,FALSE,FALSE,Standard Rate,Standard Rate,,10,,
DV-353C-AF-L-CL,"Dromex Sporty Cool Polycarbonate Lens - Vinyl Frame - EN 166:2002 Clear, Anti Scratch & Anti Fog",,TRUE,1,25.74,29.601,24.75,28.46,,,,,,,,,,,FALSE,FALSE,FALSE,Standard Rate,Standard Rate,,10,,
DV-894G-AF-R-GY,"Dromex Focus Polycarbonate Lens - Vinyl Frame - EN 166:2002, Anti Scratch & Anti Fog, Frame",,TRUE,1,51.48,59.202,49.5,56.93,,,,,,,,,,,FALSE,FALSE,FALSE,Standard Rate,Standard Rate,,10,,
DV-894G-AF-B-GY,"Dromex Focus Polycarbonate Lens - Vinyl Frame - EN 166:2002, Anti Scratch & Anti Fog, Frame",,TRUE,1,51.48,59.202,49.5,56.93,,,,,,,,,,,FALSE,FALSE,FALSE,Standard Rate,Standard Rate,,10,,
DV-894G-AF-Y-GY,"Dromex Focus Polycarbonate Lens - Vinyl Frame - EN 166:2002, Anti Scratch & Anti Fog, Frame",,TRUE,1,51.48,59.202,49.5,56.93,,,,,,,,,,,FALSE,FALSE,FALSE,Standard Rate,Standard Rate,,10,,
DV-326B-C-AF-CL,"Dromex Spoggle, Clear, Anti Mist",,TRUE,1,78.65,90.4475,75.625,86.97,,,,,,,,,,,FALSE,FALSE,FALSE,Standard Rate,Standard Rate,,10,,
DV-326B-G-AF-GY,"Dromex Spoggle, Anti Mist",,TRUE,1,78.65,90.4475,75.625,86.97,,,,,,,,,,,FALSE,FALSE,FALSE,Standard Rate,Standard Rate,,10,,
DV-1C-CL,"Dromex Wrap Around (Visitors) Composite Polycarbonate - EN 166:2002 Clear, Anti Scratch",,TRUE,1,11.5089,13.235235,15,17.25,,,,,,,,,,,FALSE,FALSE,FALSE,Standard Rate,Standard Rate,,10,,
DV-1GN-G,"Dromex Wrap Around (Visitors) Composite Polycarbonate - EN 166:2002, Anti Scratch",,TRUE,1,11.5089,13.235235,15,17.25,,,,,,,,,,,FALSE,FALSE,FALSE,Standard Rate,Standard Rate,,10,,
DV-504-CL,Dromex Wire Mesh Eye Protector with Vinyl Frame & Clear Side Shields,,TRUE,1,30.03,34.5345,28.875,33.21,,,,,,,,,,,FALSE,FALSE,FALSE,Standard Rate,Standard Rate,,10,,
DV-026C-CL,"Dromex Euro Polycarbonate Lens - Vinyl Frame - EN 166:2002 Clear, Anti Scratch",,TRUE,1,9.6525,11.100375,9.28125,10.67,,,,,,,,,,,FALSE,FALSE,FALSE,Standard Rate,Standard Rate,,10,,
DV-026C-AF-CL,"Dromex Euro Polycarbonate Lens - Vinyl Frame - EN 166:2002 Clear, Anti Scratch, Anti Fog",,TRUE,1,13.585,15.62275,13.0625,15.02,,,,,,,,,,,FALSE,FALSE,FALSE,Standard Rate,Standard Rate,,10,,
DV-026GN-G,"Dromex Euro Polycarbonate Lens - Vinyl Frame - EN 166:2002, Anti Scratch",,TRUE,1,9.6525,11.100375,9.28125,10.67,,,,,,,,,,,FALSE,FALSE,FALSE,Standard Rate,Standard Rate,,10,,
DV-026G-GY,"Dromex Euro Polycarbonate Lens - Vinyl Frame - EN 166:2002, Anti Scratch",,TRUE,1,9.6525,11.100375,9.28125,10.67,,,,,,,,,,,FALSE,FALSE,FALSE,Standard Rate,Standard Rate,,10,,
DV-026A-CL,"Dromex Euro Polycarbonate Lens - Vinyl Frame - EN 166:2002 Amber Hdl, Anti Scratch",,TRUE,1,9.6525,11.100375,9.28125,10.67,,,,,,,,,,,FALSE,FALSE,FALSE,Standard Rate,Standard Rate,,10,,
DV-026-IR5-G,"Dromex Euro Weld Polycarbonate Lens - Vinyl Frame - EN 166:2002 Shade 5.0, Anti Scratch",,TRUE,1,40.04,46.046,38.5,44.28,,,,,,,,,,,FALSE,FALSE,FALSE,Standard Rate,Standard Rate,,10,,
DV-026-IR3-G,"Dromex Euro Weld Polycarbonate Lens - Vinyl Frame - EN 166:2002 Shade 3.0, Anti Scratch",,TRUE,1,40.04,46.046,38.5,44.28,,,,,,,,,,,FALSE,FALSE,FALSE,Standard Rate,Standard Rate,,10,,
DV-55C-AF-CL,"Dromex Classic Polycarbonate Lens - Vinyl Frame - EN 166:2002 Clear, Anti Scratch, Anti Fog",,TRUE,1,24.31,27.9565,23.375,26.88,,,,,,,,,,,FALSE,FALSE,FALSE,Standard Rate,Standard Rate,,10,,
DV-55G-AF-GY,"Dromex Classic Polycarbonate Lens - Vinyl Frame - EN 166:2002, Anti Scratch, Anti Fog",,TRUE,1,24.31,27.9565,23.375,26.88,,,,,,,,,,,FALSE,FALSE,FALSE,Standard Rate,Standard Rate,,10,,
DV-12C-CL,"Dromex Sporty Polycarbonate Lens - Vinyl Frame - EN 166:2002 Clear, Anti Scratch",,TRUE,1,8.9375,10.278125,8.59375,9.88,,,,,,,,,,,FALSE,FALSE,FALSE,Standard Rate,Standard Rate,,10,,
DV-12C-AF-CL,"Dromex Sporty Polycarbonate Lens - Vinyl Frame - EN 166:2002 Clear, Anti Scratch, Anti Fog",,TRUE,1,13.585,15.62275,13.0625,15.02,,,,,,,,,,,FALSE,FALSE,FALSE,Standard Rate,Standard Rate,,10,,
DV-12G-GY,"Dromex Sporty Polycarbonate Lens - Vinyl Frame - EN 166:2002, Anti Scratch",,TRUE,1,8.9375,10.278125,8.59375,9.88,,,,,,,,,,,FALSE,FALSE,FALSE,Standard Rate,Standard Rate,,10,,
DV-12GN-G,Dromex Anti Scratch Sporty Polycarbonate Lens - Vinyl Frame - EN 166:2002,,TRUE,1,8.5514,9.83411,8.2225,9.46,,,,,,,,,,,FALSE,FALSE,FALSE,Standard Rate,Standard Rate,,10,,
DV-12A-AF-Y,"Dromex Sporty Polycarbonate Lens - Vinyl Frame - EN 166:2002 Hdl, Anti Scratch, Anti Fog",,TRUE,1,13.585,15.62275,13.0625,15.02,,,,,,,,,,,FALSE,FALSE,FALSE,Standard Rate,Standard Rate,,10,,
DV-12M-MI,"Dromex Sporty Polycarbonate Lens - Vinyl Frame - EN 166:2002 Mirror, Anti Scratch - Indoor/Outdoor",,TRUE,1,15.015,17.26725,14.4375,16.6,,,,,,,,,,,FALSE,FALSE,FALSE,Standard Rate,Standard Rate,,10,,
DV-894G-AF-B,"Dromex Focus Polycarbonate Lens - Vinyl Frame - EN 166:2002, Anti Scratch & Anti Fog, Frame",,TRUE,1,51.48,59.202,49.5,56.93,,,,,,,,,,,FALSE,FALSE,FALSE,Standard Rate,Standard Rate,,10,,
DV-894G-AF-Y,"Dromex Focus Polycarbonate Lens - Vinyl Frame - EN 166:2002, Anti Scratch & Anti Fog, Frame",,TRUE,1,51.48,59.202,49.5,56.93,,,,,,,,,,,FALSE,FALSE,FALSE,Standard Rate,Standard Rate,,10,,
F-POUCH-BLK,"Dromex Fabric Pouch, for Lens Cleaning",,TRUE,1,7.15,8.2225,6.875,7.91,,,,,,,,,,,FALSE,FALSE,FALSE,Standard Rate,Standard Rate,,10,,
8A-G,"Dromex Retainer Cord, Plastic Ring Type",,TRUE,1,5.005,5.75575,4.8125,5.53,,,,,,,,,,,FALSE,FALSE,FALSE,Standard Rate,Standard Rate,,10,,
DR-098-G,Dromex Bell PU Foam Disposable & Un Corded Earplug,,TRUE,1,1.573,1.80895,1.5125,1.74,,,,,,,,,,,FALSE,FALSE,FALSE,Standard Rate,Standard Rate,,10,,
DR-098C-G,Dromex Bell PU Foam Disposable & Corded Earplug,,TRUE,1,2.6455,3.042325,2.54375,2.93,,,,,,,,,,,FALSE,FALSE,FALSE,Standard Rate,Standard Rate,,10,,
DR-099C-PY,Dromex Dual Colour Bell PU Foam Disposable & Corded Earplug,,TRUE,1,3.861,4.44015,3.7125,4.27,,,,,,,,,,,FALSE,FALSE,FALSE,Standard Rate,Standard Rate,,10,,
DRO30-DISP,Dromex Dispenser (Included 1000 Prs of Ear Plugs),,TRUE,1,1716,1973.4,1650,1897.5,,,,,,,,,,,FALSE,FALSE,FALSE,Standard Rate,Standard Rate,,10,,
DRO30-G,Dromex Disposable Bullet Earplug (SNR 35),,TRUE,1,1.716,1.9734,1.65,1.9,,,,,,,,,,,FALSE,FALSE,FALSE,Standard Rate,Standard Rate,,10,,
DR-118C-BG,Dromex Mushroom Re-Usable Earplug with Cord (SNR29),,TRUE,1,2.6455,3.042325,2.54375,2.93,,,,,,,,,,,FALSE,FALSE,FALSE,Standard Rate,Standard Rate,,10,,
DR-090C-GG,Dromex Mushroom Re-Usable Earplug with Cord (SNR30),,TRUE,1,2.6455,3.042325,2.54375,2.93,,,,,,,,,,,FALSE,FALSE,FALSE,Standard Rate,Standard Rate,,10,,
DR-090CDET-BB,Dromex Re-Useable Earplugs Detectable Plug and Cord - (SNR 30-32),,TRUE,1,4.9335,5.673525,4.74375,5.46,,,,,,,,,,,FALSE,FALSE,FALSE,Standard Rate,Standard Rate,,10,,
DR-090CI-G,Dromex Mushroom Re-Usable Earplug with Cord in a Box (SNR30),,TRUE,1,8.58,9.867,8.25,9.49,,,,,,,,,,,FALSE,FALSE,FALSE,Standard Rate,Standard Rate,,10,,
EG3301B-B,Dromex Xtree Re-Usable Banded Earplug (SNR28),,TRUE,1,15.73,18.0895,15.125,17.39,,,,,,,,,,,FALSE,FALSE,FALSE,Standard Rate,Standard Rate,,10,,
JM-B,"Dromex Ear Muffs J-Muff, 25 SNR",,TRUE,1,37.18,42.757,35.75,41.11,,,,,,,,,,,FALSE,FALSE,FALSE,Standard Rate,Standard Rate,,10,,
CEM-B,"Dromex Ear Muffs Classic Muff, SNR 30",,TRUE,1,114.4,131.56,110,126.5,,,,,,,,,,,FALSE,FALSE,FALSE,Standard Rate,Standard Rate,,10,,
INTEREX-YBLK,Dromex Inter-Ex Ear-Muff Helmet Mount - EN 352-1 - SNR 28 Interex Ear Defender with Helmet,,TRUE,1,157.3,180.895,151.25,173.94,,,,,,,,,,,FALSE,FALSE,FALSE,Standard Rate,Standard Rate,,10,,
HHCARRIER-WCL,Dromex Evor Visor Carrier for Hard Hat with Interex,,TRUE,1,86,98.9,83,95.45,,,,,,,,,,,FALSE,FALSE,FALSE,Standard Rate,Standard Rate,,10,,
DH-MARTCARE-GY,Dromex Martcare Pc Visor & Carrier Sets,,TRUE,1,78.65,90.4475,75.625,86.97,,,,,,,,,,,FALSE,FALSE,FALSE,Standard Rate,Standard Rate,,10,,
DH-FFM,Dromex Maxi Mask - (NRCS: AZ8072/0187) ( Including Bag),,TRUE,1,1215.5,1397.825,1168.75,1344.06,,,,,,,,,,,FALSE,FALSE,FALSE,Standard Rate,Standard Rate,,10,,
DH-FFMBAG,Dromex Bag for Maxi Mask,,TRUE,1,71.5,82.225,68.75,79.06,,,,,,,,,,,FALSE,FALSE,FALSE,Standard Rate,Standard Rate,,10,,
DH-302-S,Dromex EN302 Twin Mask NRCS/8072/0413( with Respirator Bag),,TRUE,1,157.3,180.895,151.25,173.94,,,,,,,,,,,FALSE,FALSE,FALSE,Standard Rate,Standard Rate,,10,,
DH-302-M,Dromex EN302 Twin Mask NRCS/8072/0413( with Respirator Bag),,TRUE,1,157.3,180.895,151.25,173.94,,,,,,,,,,,FALSE,FALSE,FALSE,Standard Rate,Standard Rate,,10,,
DH-302-L,Dromex EN302 Twin Mask NRCS/8072/0413( with Respirator Bag),,TRUE,1,157.3,180.895,151.25,173.94,,,,,,,,,,,FALSE,FALSE,FALSE,Standard Rate,Standard Rate,,10,,
DR-A1-EN,Dromex A1-EN Twin Filter NRCS/8072/0415,,TRUE,1,143,164.45,137.5,158.13,,,,,,,,,,,FALSE,FALSE,FALSE,Standard Rate,Standard Rate,,10,,
DR-A2-EN,Dromex A2-EN Twin Filter NRCS/8072/0414,,TRUE,1,171.6,197.34,165,189.75,,,,,,,,,,,FALSE,FALSE,FALSE,Standard Rate,Standard Rate,,10,,
DR-A1P2-EN,Dromex A1P2 EN Filter NRCS/8072/0420,,TRUE,1,228.8,263.12,220,253,,,,,,,,,,,FALSE,FALSE,FALSE,Standard Rate,Standard Rate,,10,,
DR-A2P3-EN,Dromex A2P3 EN Filter NRCS/8072/0424,,TRUE,1,286,328.9,275,316.25,,,,,,,,,,,FALSE,FALSE,FALSE,Standard Rate,Standard Rate,,10,,
DR-P2-EN,Dromex P2-EN Filter NRCS/8072/0422,,TRUE,1,62.92,72.358,60.5,69.58,,,,,,,,,,,FALSE,FALSE,FALSE,Standard Rate,Standard Rate,,10,,
DR-P2PF-EN,Dromex P2PF-EN Pre Filter NRCS/8072/0423 ( 2 Retainers and 6 Pre Filters),,TRUE,1,128.7,148.005,123.75,142.31,,,,,,,,,,,FALSE,FALSE,FALSE,Standard Rate,Standard Rate,,10,,
DR-P3PF-EN,Dromex P3PF-EN Pre Filter NRCS/8072/0427,,TRUE,1,85.8,98.67,82.5,94.88,,,,,,,,,,,FALSE,FALSE,FALSE,Standard Rate,Standard Rate,,10,,
DR-P3-OV-EN,Dromex P3-Ov-EN Filter NRCS/8072/0426,,TRUE,1,114.4,131.56,110,126.5,,,,,,,,,,,FALSE,FALSE,FALSE,Standard Rate,Standard Rate,,10,,
DR-ABEK1-EN,Dromex ABEK1-EN Filter NRCS/8072/0419,,TRUE,1,271.7,312.455,261.25,300.44,,,,,,,,,,,FALSE,FALSE,FALSE,Standard Rate,Standard Rate,,10,,
DR-ABEK1P3-EN,Dromex ABEK1P3-EN Filter NRCS/8072/0425,,TRUE,1,357.5,411.125,343.75,395.31,,,,,,,,,,,FALSE,FALSE,FALSE,Standard Rate,Standard Rate,,10,,
DH-101,Dromex Midimask PVC Single Mask - (NRCS: AZ2011/43),,TRUE,1,68.64,78.936,66,75.9,,,,,,,,,,,FALSE,FALSE,FALSE,Standard Rate,Standard Rate,,10,,
DHCS-A1,Dromex A1 - Single Unifit Filter (NRCS: AZ2011/70),,TRUE,1,100.1,115.115,96.25,110.69,,,,,,,,,,,FALSE,FALSE,FALSE,Standard Rate,Standard Rate,,10,,
DHCS-P2,Dromex P2 - Single Unifit Filter (NRCS: AZ2011/67),,TRUE,1,51.48,59.202,49.5,56.93,,,,,,,,,,,FALSE,FALSE,FALSE,Standard Rate,Standard Rate,,10,,
DHCS-P2PF,"Dromex P2PF - Single Unifit Pre-Filter / 1 Cover, Set of 6",,TRUE,1,102.96,118.404,99,113.85,,,,,,,,,,,FALSE,FALSE,FALSE,Standard Rate,Standard Rate,,10,,
DH-102,Dromex Midimask PVC Double Mask - (NRCS: AZ2011/45),,TRUE,1,77.22,88.803,74.25,85.39,,,,,,,,,,,FALSE,FALSE,FALSE,Standard Rate,Standard Rate,,10,,
DH-202,Dromex Midimask TPR Double Mask - (NRCS: AZ2011/46),,TRUE,1,102.96,118.404,99,113.85,,,,,,,,,,,FALSE,FALSE,FALSE,Standard Rate,Standard Rate,,10,,
DHRB-BLK,Dromex Respirator Bag,,TRUE,1,57.2,65.78,55,63.25,,,,,,,,,,,FALSE,FALSE,FALSE,Standard Rate,Standard Rate,,10,,
DHCT-A1,Dromex A1 - Twin Unifit Filter (NRCS: AZ2011/42),,TRUE,1,74.36,85.514,71.5,82.23,,,,,,,,,,,FALSE,FALSE,FALSE,Standard Rate,Standard Rate,,10,,
DHCT-A2,Dromex A2 - Twin Unifit Filter (NRCS: AZ2011/47),,TRUE,1,94.38,108.537,90.75,104.36,,,,,,,,,,,FALSE,FALSE,FALSE,Standard Rate,Standard Rate,,10,,
DHCT-B1,Dromex B1 - Twin Unifit Filter (NRCS: AZ2011/54),,TRUE,1,100.1,115.115,96.25,110.69,,,,,,,,,,,FALSE,FALSE,FALSE,Standard Rate,Standard Rate,,10,,
DHCT-ABEK1,Dromex ABEK1 - Twin Unifit Filter (NRCS: AZ2011/56),,TRUE,1,228.8,263.12,220,253,,,,,,,,,,,FALSE,FALSE,FALSE,Standard Rate,Standard Rate,,10,,
DHCT-P2,Dromex P2 - Twin Unifit Filter (NRCS: AZ201168),,TRUE,1,45.76,52.624,44,50.6,,,,,,,,,,,FALSE,FALSE,FALSE,Standard Rate,Standard Rate,,10,,
DHCT-P3,Dromex P3 - Twin Unifit Filter (NRCS: AZ2011/48),,TRUE,1,85.8,98.67,82.5,94.88,,,,,,,,,,,FALSE,FALSE,FALSE,Standard Rate,Standard Rate,,10,,
DHCT-P2PF,Dromex P2PF - Twin Unifit Pre-Filter Set of Six,,TRUE,1,114.4,131.56,110,126.5,,,,,,,,,,,FALSE,FALSE,FALSE,Standard Rate,Standard Rate,,10,,
DHCT-P3PF,Dromex P3PF - Twin Unifit Pre-Filter One Set,,TRUE,1,107.25,123.3375,103.125,118.59,,,,,,,,,,,FALSE,FALSE,FALSE,Standard Rate,Standard Rate,,10,,
FFP-DRO-01,Dromex FFP2 (SABS Ref: AZ2004/18),,TRUE,1,114.8,132.02,102.5,117.88,,,,,,,,,,,FALSE,FALSE,FALSE,Standard Rate,Standard Rate,,10,,
FFP-DRO-02,Dromex FFP2 V (SABS Ref: AZ2004/17),,TRUE,1,114.8,132.02,102.5,117.88,,,,,,,,,,,FALSE,FALSE,FALSE,Standard Rate,Standard Rate,,10,,
FFP-DRO-03-W,"Dromex FFP3 V, Cont Seal, Adj Hband (SABS Ref: AZ2004/15)",,TRUE,1,114.8,132.02,102.5,117.88,,,,,,,,,,,FALSE,FALSE,FALSE,Standard Rate,Standard Rate,,10,,
FFP-DRO-04,"Dromex FFP3 V, Activ, Cont Seal, Adj Hband (SABS Ref: AZ2004/14)",,TRUE,1,114.8,132.02,102.5,117.88,,,,,,,,,,,FALSE,FALSE,FALSE,Standard Rate,Standard Rate,,10,,
FFP-DRO-05,"Dromex FFP2 V, Activ, Cont Seal, Adj Hband (SABS Ref: AZ2004/24)",,TRUE,1,114.8,132.02,102.5,117.88,,,,,,,,,,,FALSE,FALSE,FALSE,Standard Rate,Standard Rate,,10,,
FFP-DRO-06-W,"Dromex FFP3 V, Flat Fold Mask with Adjustable Headband",,TRUE,1,114.8,132.02,102.5,117.88,,,,,,,,,,,FALSE,FALSE,FALSE,Standard Rate,Standard Rate,,10,,
N95-5150,"Dromex N95 Moulded, 5150 Medical Mask",,TRUE,1,2940,3381,1925,2213.75,,,,,,,,,,,FALSE,FALSE,FALSE,Standard Rate,Standard Rate,,10,,
QSA-2010,Dromex FFP1 Qsa (SABS Ref: AZ2006/21),,TRUE,1,1230,1414.5,11825,13598.75,,,,,,,,,,,FALSE,FALSE,FALSE,Standard Rate,Standard Rate,,10,,
QSA-2020,Dromex FFP2 Qsa (SABS Ref: AZ2006/20),,TRUE,1,1401,1611.15,13475,15496.25,,,,,,,,,,,FALSE,FALSE,FALSE,Standard Rate,Standard Rate,,10,,
QSA-2021,"Dromex FFP2 Qsa, Valve (SABS Ref: AZ2006/29)",,TRUE,1,1304,1499.6,1254,1442.1,,,,,,,,,,,FALSE,FALSE,FALSE,Standard Rate,Standard Rate,,10,,
QSA-2020RP5,"Dromex FFP2, 5 Per Pack (60 Packets Per Carton) (SABS Ref: AZ2006/20)",,TRUE,1,1716,1973.4,1650,1897.5,,,,,,,,,,,FALSE,FALSE,FALSE,Standard Rate,Standard Rate,,10,,
DF-9160-4-BLK,Dromex Work Socks,,TRUE,1,31,35.65,30,34.5,,,,,,,,,,,FALSE,FALSE,FALSE,Standard Rate,Standard Rate,,10,,
DF-9160-5-BLK,Dromex Work Socks,,TRUE,1,31,35.65,30,34.5,,,,,,,,,,,FALSE,FALSE,FALSE,Standard Rate,Standard Rate,,10,,
DF-9160-6-BLK,Dromex Work Socks,,TRUE,1,31,35.65,30,34.5,,,,,,,,,,,FALSE,FALSE,FALSE,Standard Rate,Standard Rate,,10,,
DF-9160-7-BLK,Dromex Work Socks,,TRUE,1,31,35.65,30,34.5,,,,,,,,,,,FALSE,FALSE,FALSE,Standard Rate,Standard Rate,,10,,
DF-9160-8-BLK,Dromex Work Socks,,TRUE,1,31,35.65,30,34.5,,,,,,,,,,,FALSE,FALSE,FALSE,Standard Rate,Standard Rate,,10,,
DF-9160-9-BLK,Dromex Work Socks,,TRUE,1,31,35.65,30,34.5,,,,,,,,,,,FALSE,FALSE,FALSE,Standard Rate,Standard Rate,,10,,
DF-9160-10-BLK,Dromex Work Socks,,TRUE,1,31,35.65,30,34.5,,,,,,,,,,,FALSE,FALSE,FALSE,Standard Rate,Standard Rate,,10,,
DF-9160-11-BLK,Dromex Work Socks,,TRUE,1,31,35.65,30,34.5,,,,,,,,,,,FALSE,FALSE,FALSE,Standard Rate,Standard Rate,,10,,
DF-9160-NB-4-NVB,Dromex Work Socks,,TRUE,1,31,35.65,30,34.5,,,,,,,,,,,FALSE,FALSE,FALSE,Standard Rate,Standard Rate,,10,,
DF-9160-NB-5-NVB,Dromex Work Socks,,TRUE,1,31,35.65,30,34.5,,,,,,,,,,,FALSE,FALSE,FALSE,Standard Rate,Standard Rate,,10,,
DF-9160-NB-6-NVB,Dromex Work Socks,,TRUE,1,31,35.65,30,34.5,,,,,,,,,,,FALSE,FALSE,FALSE,Standard Rate,Standard Rate,,10,,
DF-9160-NB-7-NVB,Dromex Work Socks,,TRUE,1,31,35.65,30,34.5,,,,,,,,,,,FALSE,FALSE,FALSE,Standard Rate,Standard Rate,,10,,
DF-9160-NB-8-NVB,Dromex Work Socks,,TRUE,1,31,35.65,30,34.5,,,,,,,,,,,FALSE,FALSE,FALSE,Standard Rate,Standard Rate,,10,,
DF-9160-NB-9-NVB,Dromex Work Socks,,TRUE,1,31,35.65,30,34.5,,,,,,,,,,,FALSE,FALSE,FALSE,Standard Rate,Standard Rate,,10,,
DF-9160-NB-10-NVB,Dromex Work Socks,,TRUE,1,31,35.65,30,34.5,,,,,,,,,,,FALSE,FALSE,FALSE,Standard Rate,Standard Rate,,10,,
DF-9160-NB-11-NVB,Dromex Work Socks,,TRUE,1,31,35.65,30,34.5,,,,,,,,,,,FALSE,FALSE,FALSE,Standard Rate,Standard Rate,,10,,
DF-9160-4-CH,Dromex Work Socks,,TRUE,1,31,35.65,30,34.5,,,,,,,,,,,FALSE,FALSE,FALSE,Standard Rate,Standard Rate,,10,,
DF-9160-5-CH,Dromex Work Socks,,TRUE,1,31,35.65,30,34.5,,,,,,,,,,,FALSE,FALSE,FALSE,Standard Rate,Standard Rate,,10,,
DF-9160-6-CH,Dromex Work Socks,,TRUE,1,31,35.65,30,34.5,,,,,,,,,,,FALSE,FALSE,FALSE,Standard Rate,Standard Rate,,10,,
DF-9160-7-CH,Dromex Work Socks,,TRUE,1,31,35.65,30,34.5,,,,,,,,,,,FALSE,FALSE,FALSE,Standard Rate,Standard Rate,,10,,
DF-9160-8-CH,Dromex Work Socks,,TRUE,1,31,35.65,30,34.5,,,,,,,,,,,FALSE,FALSE,FALSE,Standard Rate,Standard Rate,,10,,
DF-9160-9-CH,Dromex Work Socks,,TRUE,1,31,35.65,30,34.5,,,,,,,,,,,FALSE,FALSE,FALSE,Standard Rate,Standard Rate,,10,,
DF-9160-10-CH,Dromex Work Socks,,TRUE,1,31,35.65,30,34.5,,,,,,,,,,,FALSE,FALSE,FALSE,Standard Rate,Standard Rate,,10,,
DF-9160-11-CH,Dromex Work Socks,,TRUE,1,31,35.65,30,34.5,,,,,,,,,,,FALSE,FALSE,FALSE,Standard Rate,Standard Rate,,10,,
DF-9160-KH-4-K,Dromex Work Socks,,TRUE,1,31,35.65,30,34.5,,,,,,,,,,,FALSE,FALSE,FALSE,Standard Rate,Standard Rate,,10,,
DF-9160-KH-5-K,Dromex Work Socks,,TRUE,1,31,35.65,30,34.5,,,,,,,,,,,FALSE,FALSE,FALSE,Standard Rate,Standard Rate,,10,,
DF-9160-KH-6-K,Dromex Work Socks,,TRUE,1,31,35.65,30,34.5,,,,,,,,,,,FALSE,FALSE,FALSE,Standard Rate,Standard Rate,,10,,
DF-9160-KH-7-K,Dromex Work Socks,,TRUE,1,31,35.65,30,34.5,,,,,,,,,,,FALSE,FALSE,FALSE,Standard Rate,Standard Rate,,10,,
DF-9160-KH-8-K,Dromex Work Socks,,TRUE,1,31,35.65,30,34.5,,,,,,,,,,,FALSE,FALSE,FALSE,Standard Rate,Standard Rate,,10,,
DF-9160-KH-9-K,Dromex Work Socks,,TRUE,1,31,35.65,30,34.5,,,,,,,,,,,FALSE,FALSE,FALSE,Standard Rate,Standard Rate,,10,,
DF-9160-KH-10-K,Dromex Work Socks,,TRUE,1,31,35.65,30,34.5,,,,,,,,,,,FALSE,FALSE,FALSE,Standard Rate,Standard Rate,,10,,
DF-9160-KH-11-K,Dromex Work Socks,,TRUE,1,31,35.65,30,34.5,,,,,,,,,,,FALSE,FALSE,FALSE,Standard Rate,Standard Rate,,10,,
DF-9161-4-BLK,Dromex Anti-Static Socks,,TRUE,1,46,52.9,45,51.75,,,,,,,,,,,FALSE,FALSE,FALSE,Standard Rate,Standard Rate,,10,,
DF-9161-5-BLK,Dromex Anti-Static Socks,,TRUE,1,46,52.9,45,51.75,,,,,,,,,,,FALSE,FALSE,FALSE,Standard Rate,Standard Rate,,10,,
DF-9161-6-BLK,Dromex Anti-Static Socks,,TRUE,1,46,52.9,45,51.75,,,,,,,,,,,FALSE,FALSE,FALSE,Standard Rate,Standard Rate,,10,,
DF-9161-7-BLK,Dromex Anti-Static Socks,,TRUE,1,46,52.9,45,51.75,,,,,,,,,,,FALSE,FALSE,FALSE,Standard Rate,Standard Rate,,10,,
DF-9161-8-BLK,Dromex Anti-Static Socks,,TRUE,1,46,52.9,45,51.75,,,,,,,,,,,FALSE,FALSE,FALSE,Standard Rate,Standard Rate,,10,,
DF-9161-9-BLK,Dromex Anti-Static Socks,,TRUE,1,46,52.9,45,51.75,,,,,,,,,,,FALSE,FALSE,FALSE,Standard Rate,Standard Rate,,10,,
DF-9161-10-BLK,Dromex Anti-Static Socks,,TRUE,1,46,52.9,45,51.75,,,,,,,,,,,FALSE,FALSE,FALSE,Standard Rate,Standard Rate,,10,,
DF-9161-11-BLK,Dromex Anti-Static Socks,,TRUE,1,46,52.9,45,51.75,,,,,,,,,,,FALSE,FALSE,FALSE,Standard Rate,Standard Rate,,10,,
DF-9161-NB-4-NVB,Dromex Anti-Static Socks,,TRUE,1,46,52.9,45,51.75,,,,,,,,,,,FALSE,FALSE,FALSE,Standard Rate,Standard Rate,,10,,
DF-9161-NB-5-NVB,Dromex Anti-Static Socks,,TRUE,1,46,52.9,45,51.75,,,,,,,,,,,FALSE,FALSE,FALSE,Standard Rate,Standard Rate,,10,,
DF-9161-NB-6-NVB,Dromex Anti-Static Socks,,TRUE,1,46,52.9,45,51.75,,,,,,,,,,,FALSE,FALSE,FALSE,Standard Rate,Standard Rate,,10,,
DF-9161-NB-7-NVB,Dromex Anti-Static Socks,,TRUE,1,46,52.9,45,51.75,,,,,,,,,,,FALSE,FALSE,FALSE,Standard Rate,Standard Rate,,10,,
DF-9161-NB-8-NVB,Dromex Anti-Static Socks,,TRUE,1,46,52.9,45,51.75,,,,,,,,,,,FALSE,FALSE,FALSE,Standard Rate,Standard Rate,,10,,
DF-9161-NB-9-NVB,Dromex Anti-Static Socks,,TRUE,1,46,52.9,45,51.75,,,,,,,,,,,FALSE,FALSE,FALSE,Standard Rate,Standard Rate,,10,,
DF-9161-NB-10-NVB,Dromex Anti-Static Socks,,TRUE,1,46,52.9,45,51.75,,,,,,,,,,,FALSE,FALSE,FALSE,Standard Rate,Standard Rate,,10,,
DF-9161-NB-11-NVB,Dromex Anti-Static Socks,,TRUE,1,46,52.9,45,51.75,,,,,,,,,,,FALSE,FALSE,FALSE,Standard Rate,Standard Rate,,10,,
DF-9162-8-CH,Dromex Flame Retardant Socks,,TRUE,1,157,180.55,151,173.65,,,,,,,,,,,FALSE,FALSE,FALSE,Standard Rate,Standard Rate,,10,,
DF-9162-9-CH,Dromex Flame Retardant Socks,,TRUE,1,157,180.55,151,173.65,,,,,,,,,,,FALSE,FALSE,FALSE,Standard Rate,Standard Rate,,10,,
DF-9162-10-CH,Dromex Flame Retardant Socks,,TRUE,1,157,180.55,151,173.65,,,,,,,,,,,FALSE,FALSE,FALSE,Standard Rate,Standard Rate,,10,,
DF-9162-11-CH,Dromex Flame Retardant Socks,,TRUE,1,157,180.55,151,173.65,,,,,,,,,,,FALSE,FALSE,FALSE,Standard Rate,Standard Rate,,10,,
SS1011/SHOE-3-BLK,Dromex Boxer Safety Shoe,,TRUE,1,240.24,276.276,231,265.65,,,,,,,,,,,FALSE,FALSE,FALSE,Standard Rate,Standard Rate,,10,,
SS1011/SHOE-4-BLK,Dromex Boxer Safety Shoe,,TRUE,1,240.24,276.276,231,265.65,,,,,,,,,,,FALSE,FALSE,FALSE,Standard Rate,Standard Rate,,10,,
SS1011/SHOE-5-BLK,Dromex Boxer Safety Shoe,,TRUE,1,240.24,276.276,231,265.65,,,,,,,,,,,FALSE,FALSE,FALSE,Standard Rate,Standard Rate,,10,,
SS1011/SHOE-6-BLK,Dromex Boxer Safety Shoe,,TRUE,1,240.24,276.276,231,265.65,,,,,,,,,,,FALSE,FALSE,FALSE,Standard Rate,Standard Rate,,10,,
SS1011/SHOE-7-BLK,Dromex Boxer Safety Shoe,,TRUE,1,240.24,276.276,231,265.65,,,,,,,,,,,FALSE,FALSE,FALSE,Standard Rate,Standard Rate,,10,,
SS1011/SHOE-8-BLK,Dromex Boxer Safety Shoe,,TRUE,1,240.24,276.276,231,265.65,,,,,,,,,,,FALSE,FALSE,FALSE,Standard Rate,Standard Rate,,10,,
SS1011/SHOE-9-BLK,Dromex Boxer Safety Shoe,,TRUE,1,240.24,276.276,231,265.65,,,,,,,,,,,FALSE,FALSE,FALSE,Standard Rate,Standard Rate,,10,,
SS1011/SHOE-10-BLK,Dromex Boxer Safety Shoe,,TRUE,1,240.24,276.276,231,265.65,,,,,,,,,,,FALSE,FALSE,FALSE,Standard Rate,Standard Rate,,10,,
SS1011/SHOE-11-BLK,Dromex Boxer Safety Shoe,,TRUE,1,240.24,276.276,231,265.65,,,,,,,,,,,FALSE,FALSE,FALSE,Standard Rate,Standard Rate,,10,,
SS1011/SHOE-12-BLK,Dromex Boxer Safety Shoe,,TRUE,1,240.24,276.276,231,265.65,,,,,,,,,,,FALSE,FALSE,FALSE,Standard Rate,Standard Rate,,10,,
SS1011/SHOE-13-BLK,Dromex Boxer Safety Shoe,,TRUE,1,240.24,276.276,231,265.65,,,,,,,,,,,FALSE,FALSE,FALSE,Standard Rate,Standard Rate,,10,,
SS1020/BOOT-3-BLK,Dromex Boxer Safety Boot - ISO 20345:2011 S1 Wrc,,TRUE,1,243.1,279.565,233.75,268.81,,,,,,,,,,,FALSE,FALSE,FALSE,Standard Rate,Standard Rate,,10,,
SS1020/BOOT-4-BLK,Dromex Boxer Safety Boot - ISO 20345:2011 S1 Wrc,,TRUE,1,243.1,279.565,233.75,268.81,,,,,,,,,,,FALSE,FALSE,FALSE,Standard Rate,Standard Rate,,10,,
SS1020/BOOT-5-BLK,Dromex Boxer Safety Boot - ISO 20345:2011 S1 Wrc,,TRUE,1,243.1,279.565,233.75,268.81,,,,,,,,,,,FALSE,FALSE,FALSE,Standard Rate,Standard Rate,,10,,
SS1020/BOOT-6-BLK,Dromex Boxer Safety Boot - ISO 20345:2011 S1 Wrc,,TRUE,1,243.1,279.565,233.75,268.81,,,,,,,,,,,FALSE,FALSE,FALSE,Standard Rate,Standard Rate,,10,,
SS1020/BOOT-7-BLK,Dromex Boxer Safety Boot - ISO 20345:2011 S1 Wrc,,TRUE,1,243.1,279.565,233.75,268.81,,,,,,,,,,,FALSE,FALSE,FALSE,Standard Rate,Standard Rate,,10,,
SS1020/BOOT-8-BLK,Dromex Boxer Safety Boot - ISO 20345:2011 S1 Wrc,,TRUE,1,243.1,279.565,233.75,268.81,,,,,,,,,,,FALSE,FALSE,FALSE,Standard Rate,Standard Rate,,10,,
SS1020/BOOT-9-BLK,Dromex Boxer Safety Boot - ISO 20345:2011 S1 Wrc,,TRUE,1,243.1,279.565,233.75,268.81,,,,,,,,,,,FALSE,FALSE,FALSE,Standard Rate,Standard Rate,,10,,
SS1020/BOOT-10-BLK,Dromex Boxer Safety Boot - ISO 20345:2011 S1 Wrc,,TRUE,1,243.1,279.565,233.75,268.81,,,,,,,,,,,FALSE,FALSE,FALSE,Standard Rate,Standard Rate,,10,,
SS1020/BOOT-11-BLK,Dromex Boxer Safety Boot - ISO 20345:2011 S1 Wrc,,TRUE,1,243.1,279.565,233.75,268.81,,,,,,,,,,,FALSE,FALSE,FALSE,Standard Rate,Standard Rate,,10,,
SS1020/BOOT-12-BLK,Dromex Boxer Safety Boot - ISO 20345:2011 S1 Wrc,,TRUE,1,243.1,279.565,233.75,268.81,,,,,,,,,,,FALSE,FALSE,FALSE,Standard Rate,Standard Rate,,10,,
SS1020/BOOT-13-BLK,Dromex Boxer Safety Boot - ISO 20345:2011 S1 Wrc,,TRUE,1,753.61,866.6515,233.75,268.81,,,,,,,,,,,FALSE,FALSE,FALSE,Standard Rate,Standard Rate,,10,,
DF-UBLK-3-BLK,Dromex Ulteco Safety Boot,,TRUE,1,564.85,649.5775,543.125,624.59,,,,,,,,,,,FALSE,FALSE,FALSE,Standard Rate,Standard Rate,,10,,
DF-UBLK-4-BLK,Dromex Ulteco Safety Boot,,TRUE,1,564.85,649.5775,543.125,624.59,,,,,,,,,,,FALSE,FALSE,FALSE,Standard Rate,Standard Rate,,10,,
DF-UBLK-5-BLK,Dromex Ulteco Safety Boot,,TRUE,1,564.85,649.5775,543.125,624.59,,,,,,,,,,,FALSE,FALSE,FALSE,Standard Rate,Standard Rate,,10,,
DF-UBLK-6-BLK,Dromex Ulteco Safety Boot,,TRUE,1,564.85,649.5775,543.125,624.59,,,,,,,,,,,FALSE,FALSE,FALSE,Standard Rate,Standard Rate,,10,,
DF-UBLK-7-BLK,Dromex Ulteco Safety Boot,,TRUE,1,564.85,649.5775,543.125,624.59,,,,,,,,,,,FALSE,FALSE,FALSE,Standard Rate,Standard Rate,,10,,
DF-UBLK-8-BLK,Dromex Ulteco Safety Boot,,TRUE,1,564.85,649.5775,543.125,624.59,,,,,,,,,,,FALSE,FALSE,FALSE,Standard Rate,Standard Rate,,10,,
DF-UBLK-9-BLK,Dromex Ulteco Safety Boot,,TRUE,1,564.85,649.5775,543.125,624.59,,,,,,,,,,,FALSE,FALSE,FALSE,Standard Rate,Standard Rate,,10,,
DF-UBLK-10-BLK,Dromex Ulteco Safety Boot,,TRUE,1,564.85,649.5775,543.125,624.59,,,,,,,,,,,FALSE,FALSE,FALSE,Standard Rate,Standard Rate,,10,,
DF-UBLK-11-BLK,Dromex Ulteco Safety Boot,,TRUE,1,564.85,649.5775,543.125,624.59,,,,,,,,,,,FALSE,FALSE,FALSE,Standard Rate,Standard Rate,,10,,
DF-UBLK-12-BLK,Dromex Ulteco Safety Boot,,TRUE,1,564.85,649.5775,543.125,624.59,,,,,,,,,,,FALSE,FALSE,FALSE,Standard Rate,Standard Rate,,10,,
DF-UBLK-13-BLK,Dromex Ulteco Safety Boot,,TRUE,1,564.85,649.5775,543.125,624.59,,,,,,,,,,,FALSE,FALSE,FALSE,Standard Rate,Standard Rate,,10,,
DF-USHOE-3-BLK,Dromex Ulteco Safety Shoe,,TRUE,1,536.25,616.6875,515.625,592.97,,,,,,,,,,,FALSE,FALSE,FALSE,Standard Rate,Standard Rate,,10,,
DF-USHOE-4-BLK,Dromex Ulteco Safety Shoe,,TRUE,1,536.25,616.6875,515.625,592.97,,,,,,,,,,,FALSE,FALSE,FALSE,Standard Rate,Standard Rate,,10,,
DF-USHOE-5-BLK,Dromex Ulteco Safety Shoe,,TRUE,1,536.25,616.6875,515.625,592.97,,,,,,,,,,,FALSE,FALSE,FALSE,Standard Rate,Standard Rate,,10,,
DF-USHOE-6-BLK,Dromex Ulteco Safety Shoe,,TRUE,1,536.25,616.6875,515.625,592.97,,,,,,,,,,,FALSE,FALSE,FALSE,Standard Rate,Standard Rate,,10,,
DF-USHOE-7-BLK,Dromex Ulteco Safety Shoe,,TRUE,1,536.25,616.6875,515.625,592.97,,,,,,,,,,,FALSE,FALSE,FALSE,Standard Rate,Standard Rate,,10,,
DF-USHOE-8-BLK,Dromex Ulteco Safety Shoe,,TRUE,1,536.25,616.6875,515.625,592.97,,,,,,,,,,,FALSE,FALSE,FALSE,Standard Rate,Standard Rate,,10,,
DF-USHOE-9-BLK,Dromex Ulteco Safety Shoe,,TRUE,1,536.25,616.6875,515.625,592.97,,,,,,,,,,,FALSE,FALSE,FALSE,Standard Rate,Standard Rate,,10,,
DF-USHOE-10-BLK,Dromex Ulteco Safety Shoe,,TRUE,1,536.25,616.6875,515.625,592.97,,,,,,,,,,,FALSE,FALSE,FALSE,Standard Rate,Standard Rate,,10,,
DF-USHOE-11-BLK,Dromex Ulteco Safety Shoe,,TRUE,1,536.25,616.6875,515.625,592.97,,,,,,,,,,,FALSE,FALSE,FALSE,Standard Rate,Standard Rate,,10,,
DF-USHOE-12-BLK,Dromex Ulteco Safety Shoe,,TRUE,1,536.25,616.6875,515.625,592.97,,,,,,,,,,,FALSE,FALSE,FALSE,Standard Rate,Standard Rate,,10,,
DF-USHOE-13-BLK,Dromex Ulteco Safety Shoe,,TRUE,1,536.25,616.6875,515.625,592.97,,,,,,,,,,,FALSE,FALSE,FALSE,Standard Rate,Standard Rate,,10,,
DF-SK7026-3-BLK,"Dromex Ulteco Plus, SK7026, S3 Boot",,TRUE,1,686.4,789.36,660,759,,,,,,,,,,,FALSE,FALSE,FALSE,Standard Rate,Standard Rate,,10,,
DF-SK7026-4-BLK,"Dromex Ulteco Plus, SK7026, S3 Boot",,TRUE,1,686.4,789.36,660,759,,,,,,,,,,,FALSE,FALSE,FALSE,Standard Rate,Standard Rate,,10,,
DF-SK7026-5-BLK,"Dromex Ulteco Plus, SK7026, S3 Boot",,TRUE,1,686.4,789.36,660,759,,,,,,,,,,,FALSE,FALSE,FALSE,Standard Rate,Standard Rate,,10,,
DF-SK7026-6-BLK,"Dromex Ulteco Plus, SK7026, S3 Boot",,TRUE,1,686.4,789.36,660,759,,,,,,,,,,,FALSE,FALSE,FALSE,Standard Rate,Standard Rate,,10,,
DF-SK7026-7-BLK,"Dromex Ulteco Plus, SK7026, S3 Boot",,TRUE,1,686.4,789.36,660,759,,,,,,,,,,,FALSE,FALSE,FALSE,Standard Rate,Standard Rate,,10,,
DF-SK7026-8-BLK,"Dromex Ulteco Plus, SK7026, S3 Boot",,TRUE,1,686.4,789.36,660,759,,,,,,,,,,,FALSE,FALSE,FALSE,Standard Rate,Standard Rate,,10,,
DF-SK7026-9-BLK,"Dromex Ulteco Plus, SK7026, S3 Boot",,TRUE,1,686.4,789.36,660,759,,,,,,,,,,,FALSE,FALSE,FALSE,Standard Rate,Standard Rate,,10,,
DF-SK7026-10-BLK,"Dromex Ulteco Plus, SK7026, S3 Boot",,TRUE,1,686.4,789.36,660,759,,,,,,,,,,,FALSE,FALSE,FALSE,Standard Rate,Standard Rate,,10,,
DF-SK7026-11-BLK,"Dromex Ulteco Plus, SK7026, S3 Boot",,TRUE,1,686.4,789.36,660,759,,,,,,,,,,,FALSE,FALSE,FALSE,Standard Rate,Standard Rate,,10,,
DF-SK7026-12-BLK,"Dromex Ulteco Plus, SK7026, S3 Boot",,TRUE,1,686.4,789.36,660,759,,,,,,,,,,,FALSE,FALSE,FALSE,Standard Rate,Standard Rate,,10,,
DF-SK7026-13-BLK,"Dromex Ulteco Plus, SK7026, S3 Boot",,TRUE,1,686.4,789.36,660,759,,,,,,,,,,,FALSE,FALSE,FALSE,Standard Rate,Standard Rate,,10,,
DF-NOBUHLE-2-BLK,Dromex Ladies Nobuhle Boot,,TRUE,1,700.7,805.805,673.75,774.81,,,,,,,,,,,FALSE,FALSE,FALSE,Standard Rate,Standard Rate,,10,,
DF-NOBUHLE-3-BLK,Dromex Ladies Nobuhle Boot,,TRUE,1,700.7,805.805,673.75,774.81,,,,,,,,,,,FALSE,FALSE,FALSE,Standard Rate,Standard Rate,,10,,
DF-NOBUHLE-4-BLK,Dromex Ladies Nobuhle Boot,,TRUE,1,700.7,805.805,673.75,774.81,,,,,,,,,,,FALSE,FALSE,FALSE,Standard Rate,Standard Rate,,10,,
DF-NOBUHLE-5-BLK,Dromex Ladies Nobuhle Boot,,TRUE,1,700.7,805.805,673.75,774.81,,,,,,,,,,,FALSE,FALSE,FALSE,Standard Rate,Standard Rate,,10,,
DF-NOBUHLE-6-BLK,Dromex Ladies Nobuhle Boot,,TRUE,1,700.7,805.805,673.75,774.81,,,,,,,,,,,FALSE,FALSE,FALSE,Standard Rate,Standard Rate,,10,,
DF-NOBUHLE-7-BLK,Dromex Ladies Nobuhle Boot,,TRUE,1,700.7,805.805,673.75,774.81,,,,,,,,,,,FALSE,FALSE,FALSE,Standard Rate,Standard Rate,,10,,
DF-NOBUHLE-8-BLK,Dromex Ladies Nobuhle Boot,,TRUE,1,700.7,805.805,673.75,774.81,,,,,,,,,,,FALSE,FALSE,FALSE,Standard Rate,Standard Rate,,10,,
DF-NOBUHLE-9-BLK,Dromex Ladies Nobuhle Boot,,TRUE,1,700.7,805.805,673.75,774.81,,,,,,,,,,,FALSE,FALSE,FALSE,Standard Rate,Standard Rate,,10,,
DF-CHELSEA-3-BLKBR,Dromex Crazy Horse Leather Chelsea Boot Blk & Br Chelsea Boot,,TRUE,1,893.75,1027.8125,859.375,988.28,,,,,,,,,,,FALSE,FALSE,FALSE,Standard Rate,Standard Rate,,10,,
DF-CHELSEA-4-BLKBR,Dromex Crazy Horse Leather Chelsea Boot Blk & Br Chelsea Boot,,TRUE,1,893.75,1027.8125,859.375,988.28,,,,,,,,,,,FALSE,FALSE,FALSE,Standard Rate,Standard Rate,,10,,
DF-CHELSEA-5-BLKBR,Dromex Crazy Horse Leather Chelsea Boot Blk & Br Chelsea Boot,,TRUE,1,893.75,1027.8125,859.375,988.28,,,,,,,,,,,FALSE,FALSE,FALSE,Standard Rate,Standard Rate,,10,,
DF-CHELSEA-6-BLKBR,Dromex Crazy Horse Leather Chelsea Boot Blk & Br Chelsea Boot,,TRUE,1,893.75,1027.8125,859.375,988.28,,,,,,,,,,,FALSE,FALSE,FALSE,Standard Rate,Standard Rate,,10,,
DF-CHELSEA-7-BLKBR,Dromex Crazy Horse Leather Chelsea Boot Blk & Br Chelsea Boot,,TRUE,1,893.75,1027.8125,859.375,988.28,,,,,,,,,,,FALSE,FALSE,FALSE,Standard Rate,Standard Rate,,10,,
DF-CHELSEA-8-BLKBR,Dromex Crazy Horse Leather Chelsea Boot Blk & Br Chelsea Boot,,TRUE,1,893.75,1027.8125,859.375,988.28,,,,,,,,,,,FALSE,FALSE,FALSE,Standard Rate,Standard Rate,,10,,
DF-CHELSEA-9-BLKBR,Dromex Crazy Horse Leather Chelsea Boot Blk & Br Chelsea Boot,,TRUE,1,893.75,1027.8125,859.375,988.28,,,,,,,,,,,FALSE,FALSE,FALSE,Standard Rate,Standard Rate,,10,,
DF-CHELSEA-10-BLKBR,Dromex Crazy Horse Leather Chelsea Boot Blk & Br Chelsea Boot,,TRUE,1,893.75,1027.8125,859.375,988.28,,,,,,,,,,,FALSE,FALSE,FALSE,Standard Rate,Standard Rate,,10,,
DF-CHELSEA-11-BLKBR,Dromex Crazy Horse Leather Chelsea Boot Blk & Br Chelsea Boot,,TRUE,1,893.75,1027.8125,859.375,988.28,,,,,,,,,,,FALSE,FALSE,FALSE,Standard Rate,Standard Rate,,10,,
DF-CHELSEA-12-BLKBR,Dromex Crazy Horse Leather Chelsea Boot Blk & Br Chelsea Boot,,TRUE,1,893.75,1027.8125,859.375,988.28,,,,,,,,,,,FALSE,FALSE,FALSE,Standard Rate,Standard Rate,,10,,
DF-CHELSEA-13-BLKBR,Dromex Crazy Horse Leather Chelsea Boot Blk & Br Chelsea Boot,,TRUE,1,893.75,1027.8125,859.375,988.28,,,,,,,,,,,FALSE,FALSE,FALSE,Standard Rate,Standard Rate,,10,,
DF-SS1050-3-BLK,Dromex Boxer Chelsea Boot,,TRUE,1,393.25,452.2375,378.125,434.84,,,,,,,,,,,FALSE,FALSE,FALSE,Standard Rate,Standard Rate,,10,,
DF-SS1050-4-BLK,Dromex Boxer Chelsea Boot,,TRUE,1,414.7,476.905,398.75,458.56,,,,,,,,,,,FALSE,FALSE,FALSE,Standard Rate,Standard Rate,,10,,
DF-SS1050-5-BLK,Dromex Boxer Chelsea Boot,,TRUE,1,414.7,476.905,398.75,458.56,,,,,,,,,,,FALSE,FALSE,FALSE,Standard Rate,Standard Rate,,10,,
DF-SS1050-6-BLK,Dromex Boxer Chelsea Boot,,TRUE,1,414.7,476.905,398.75,458.56,,,,,,,,,,,FALSE,FALSE,FALSE,Standard Rate,Standard Rate,,10,,
DF-SS1050-7-BLK,Dromex Boxer Chelsea Boot,,TRUE,1,414.7,476.905,398.75,458.56,,,,,,,,,,,FALSE,FALSE,FALSE,Standard Rate,Standard Rate,,10,,
DF-SS1050-8-BLK,Dromex Boxer Chelsea Boot,,TRUE,1,414.7,476.905,398.75,458.56,,,,,,,,,,,FALSE,FALSE,FALSE,Standard Rate,Standard Rate,,10,,
DF-SS1050-9-BLK,Dromex Boxer Chelsea Boot,,TRUE,1,414.7,476.905,398.75,458.56,,,,,,,,,,,FALSE,FALSE,FALSE,Standard Rate,Standard Rate,,10,,
DF-SS1050-10-BLK,Dromex Boxer Chelsea Boot,,TRUE,1,414.7,476.905,398.75,458.56,,,,,,,,,,,FALSE,FALSE,FALSE,Standard Rate,Standard Rate,,10,,
DF-SS1050-11-BLK,Dromex Boxer Chelsea Boot,,TRUE,1,414.7,476.905,398.75,458.56,,,,,,,,,,,FALSE,FALSE,FALSE,Standard Rate,Standard Rate,,10,,
DF-SS1050-12-BLK,Dromex Boxer Chelsea Boot,,TRUE,1,414.7,476.905,398.75,458.56,,,,,,,,,,,FALSE,FALSE,FALSE,Standard Rate,Standard Rate,,10,,
DF-SS1050-13-BLK,Dromex Boxer Chelsea Boot,,TRUE,1,414.7,476.905,398.75,458.56,,,,,,,,,,,FALSE,FALSE,FALSE,Standard Rate,Standard Rate,,10,,
DFB-3-BLK,"Dromex Fireman'S Boot, SA/Bj-Rac 2",,TRUE,1,2860,3289,2750,3162.5,,,,,,,,,,,FALSE,FALSE,FALSE,Standard Rate,Standard Rate,,10,,
DFB-4½-BLK,"Dromex Fireman'S Boot, SA/Bj-Rac 2",,TRUE,1,2860,3289,2750,3162.5,,,,,,,,,,,FALSE,FALSE,FALSE,Standard Rate,Standard Rate,,10,,
DFB-5½-BLK,"Dromex Fireman'S Boot, SA/Bj-Rac 2",,TRUE,1,2860,3289,2750,3162.5,,,,,,,,,,,FALSE,FALSE,FALSE,Standard Rate,Standard Rate,,10,,
DFB-6-BLK,"Dromex Fireman'S Boot, SA/Bj-Rac 2",,TRUE,1,2860,3289,2750,3162.5,,,,,,,,,,,FALSE,FALSE,FALSE,Standard Rate,Standard Rate,,10,,
DFB-7-BLK,"Dromex Fireman'S Boot, SA/Bj-Rac 2",,TRUE,1,2860,3289,2750,3162.5,,,,,,,,,,,FALSE,FALSE,FALSE,Standard Rate,Standard Rate,,10,,
DFB-8-BLK,"Dromex Fireman'S Boot, SA/Bj-Rac 2",,TRUE,1,2860,3289,2750,3162.5,,,,,,,,,,,FALSE,FALSE,FALSE,Standard Rate,Standard Rate,,10,,
DFB-9½-BLK,"Dromex Fireman'S Boot, SA/Bj-Rac 2",,TRUE,1,2860,3289,2750,3162.5,,,,,,,,,,,FALSE,FALSE,FALSE,Standard Rate,Standard Rate,,10,,
DFB-10½-BLK,"Dromex Fireman'S Boot, SA/Bj-Rac 2",,TRUE,1,2860,3289,2750,3162.5,,,,,,,,,,,FALSE,FALSE,FALSE,Standard Rate,Standard Rate,,10,,
DFB-11½-BLK,"Dromex Fireman'S Boot, SA/Bj-Rac 2",,TRUE,1,2860,3289,2750,3162.5,,,,,,,,,,,FALSE,FALSE,FALSE,Standard Rate,Standard Rate,,10,,
DF-EMPEROR-BR,"Dromex Emperor Smelter Boot, - Colour",,TRUE,1,2145,2466.75,2063,2372.45,,,,,,,,,,,FALSE,FALSE,FALSE,Standard Rate,Standard Rate,,10,,
DF-BOLT-3-BLK,Dromex Electrical Hazard Boots Bolt,,TRUE,1,1194.05,1373.1575,1148.125,1320.34,,,,,,,,,,,FALSE,FALSE,FALSE,Standard Rate,Standard Rate,,10,,
DF-BOLT-4-BLK,Dromex Electrical Hazard Boots Bolt,,TRUE,1,1194.05,1373.1575,1148.125,1320.34,,,,,,,,,,,FALSE,FALSE,FALSE,Standard Rate,Standard Rate,,10,,
DF-BOLT-5-BLK,Dromex Electrical Hazard Boots Bolt,,TRUE,1,1194.05,1373.1575,1148.125,1320.34,,,,,,,,,,,FALSE,FALSE,FALSE,Standard Rate,Standard Rate,,10,,
DF-BOLT-6-BLK,Dromex Electrical Hazard Boots Bolt,,TRUE,1,1194.05,1373.1575,1148.125,1320.34,,,,,,,,,,,FALSE,FALSE,FALSE,Standard Rate,Standard Rate,,10,,
DF-BOLT-7-BLK,Dromex Electrical Hazard Boots Bolt,,TRUE,1,1194.05,1373.1575,1148.125,1320.34,,,,,,,,,,,FALSE,FALSE,FALSE,Standard Rate,Standard Rate,,10,,
DF-BOLT-8-BLK,Dromex Electrical Hazard Boots Bolt,,TRUE,1,1194.05,1373.1575,1148.125,1320.34,,,,,,,,,,,FALSE,FALSE,FALSE,Standard Rate,Standard Rate,,10,,
DF-BOLT-9-BLK,Dromex Electrical Hazard Boots Bolt,,TRUE,1,1194.05,1373.1575,1148.125,1320.34,,,,,,,,,,,FALSE,FALSE,FALSE,Standard Rate,Standard Rate,,10,,
DF-BOLT-10-BLK,Dromex Electrical Hazard Boots Bolt,,TRUE,1,1194.05,1373.1575,1148.125,1320.34,,,,,,,,,,,FALSE,FALSE,FALSE,Standard Rate,Standard Rate,,10,,
DF-BOLT-11-BLK,Dromex Electrical Hazard Boots Bolt,,TRUE,1,1194.05,1373.1575,1148.125,1320.34,,,,,,,,,,,FALSE,FALSE,FALSE,Standard Rate,Standard Rate,,10,,
DF-BOLT-12-BLK,Dromex Electrical Hazard Boots Bolt,,TRUE,1,1194.05,1373.1575,1148.125,1320.34,,,,,,,,,,,FALSE,FALSE,FALSE,Standard Rate,Standard Rate,,10,,
DF-BOLT-13-BLK,Dromex Electrical Hazard Boots Bolt,,TRUE,1,1194.05,1373.1575,1148.125,1320.34,,,,,,,,,,,FALSE,FALSE,FALSE,Standard Rate,Standard Rate,,10,,
DF-SWIFT-4-BLK,Dromex Light Industrial Sneaker Range Swift,,TRUE,1,800.8,920.92,770,885.5,,,,,,,,,,,FALSE,FALSE,FALSE,Standard Rate,Standard Rate,,10,,
DF-SWIFT-5-BLK,Dromex Light Industrial Sneaker Range Swift,,TRUE,1,800.8,920.92,770,885.5,,,,,,,,,,,FALSE,FALSE,FALSE,Standard Rate,Standard Rate,,10,,
DF-SWIFT-6-BLK,Dromex Light Industrial Sneaker Range Swift,,TRUE,1,800.8,920.92,770,885.5,,,,,,,,,,,FALSE,FALSE,FALSE,Standard Rate,Standard Rate,,10,,
DF-SWIFT-7-BLK,Dromex Light Industrial Sneaker Range Swift,,TRUE,1,800.8,920.92,770,885.5,,,,,,,,,,,FALSE,FALSE,FALSE,Standard Rate,Standard Rate,,10,,
DF-SWIFT-8-BLK,Dromex Light Industrial Sneaker Range Swift,,TRUE,1,800.8,920.92,770,885.5,,,,,,,,,,,FALSE,FALSE,FALSE,Standard Rate,Standard Rate,,10,,
DF-SWIFT-9-BLK,Dromex Light Industrial Sneaker Range Swift,,TRUE,1,800.8,920.92,770,885.5,,,,,,,,,,,FALSE,FALSE,FALSE,Standard Rate,Standard Rate,,10,,
DF-SWIFT-10-BLK,Dromex Light Industrial Sneaker Range Swift,,TRUE,1,800.8,920.92,770,885.5,,,,,,,,,,,FALSE,FALSE,FALSE,Standard Rate,Standard Rate,,10,,
DF-SWIFT-11-BLK,Dromex Light Industrial Sneaker Range Swift,,TRUE,1,800.8,920.92,770,885.5,,,,,,,,,,,FALSE,FALSE,FALSE,Standard Rate,Standard Rate,,10,,
DF-SWIFT-12-BLK,Dromex Light Industrial Sneaker Range Swift,,TRUE,1,800.8,920.92,770,885.5,,,,,,,,,,,FALSE,FALSE,FALSE,Standard Rate,Standard Rate,,10,,
DF-SWIFT-13-BLK,Dromex Light Industrial Sneaker Range Swift,,TRUE,1,800.8,920.92,770,885.5,,,,,,,,,,,FALSE,FALSE,FALSE,Standard Rate,Standard Rate,,10,,
DF-FLITE-M-4-GYB,Dromex Flite Sneaker,,TRUE,1,950.95,1093.5925,914.375,1051.53,,,,,,,,,,,FALSE,FALSE,FALSE,Standard Rate,Standard Rate,,10,,
DF-FLITE-M-5-GYB,Dromex Flite Sneaker,,TRUE,1,950.95,1093.5925,914.375,1051.53,,,,,,,,,,,FALSE,FALSE,FALSE,Standard Rate,Standard Rate,,10,,
DF-FLITE-M-6-GYB,Dromex Flite Sneaker,,TRUE,1,950.95,1093.5925,914.375,1051.53,,,,,,,,,,,FALSE,FALSE,FALSE,Standard Rate,Standard Rate,,10,,
DF-FLITE-M-7-GYB,Dromex Flite Sneaker,,TRUE,1,950.95,1093.5925,914.375,1051.53,,,,,,,,,,,FALSE,FALSE,FALSE,Standard Rate,Standard Rate,,10,,
DF-FLITE-M-8-GYB,Dromex Flite Sneaker,,TRUE,1,950.95,1093.5925,914.375,1051.53,,,,,,,,,,,FALSE,FALSE,FALSE,Standard Rate,Standard Rate,,10,,
DF-FLITE-M-9-GYB,Dromex Flite Sneaker,,TRUE,1,950.95,1093.5925,914.375,1051.53,,,,,,,,,,,FALSE,FALSE,FALSE,Standard Rate,Standard Rate,,10,,
DF-FLITE-M-10-GYB,Dromex Flite Sneaker,,TRUE,1,950.95,1093.5925,914.375,1051.53,,,,,,,,,,,FALSE,FALSE,FALSE,Standard Rate,Standard Rate,,10,,
DF-FLITE-M-11-GYB,Dromex Flite Sneaker,,TRUE,1,950.95,1093.5925,914.375,1051.53,,,,,,,,,,,FALSE,FALSE,FALSE,Standard Rate,Standard Rate,,10,,
DF-FLITE-M-12-GYB,Dromex Flite Sneaker,,TRUE,1,2947.945,3390.13675,914.375,1051.53,,,,,,,,,,,FALSE,FALSE,FALSE,Standard Rate,Standard Rate,,10,,
DF-FLITE-M-13-GYB,Dromex Flite Sneaker,,TRUE,1,950.95,1093.5925,914.375,1051.53,,,,,,,,,,,FALSE,FALSE,FALSE,Standard Rate,Standard Rate,,10,,
DF-FLITE-L-2-GYP,Dromex Flite Ladies Sneaker,,TRUE,1,929.5,1068.925,893.75,1027.81,,,,,,,,,,,FALSE,FALSE,FALSE,Standard Rate,Standard Rate,,10,,
DF-FLITE-L-3-GYP,Dromex Flite Ladies Sneaker,,TRUE,1,929.5,1068.925,893.75,1027.81,,,,,,,,,,,FALSE,FALSE,FALSE,Standard Rate,Standard Rate,,10,,
DF-FLITE-L-4-GYP,Dromex Flite Ladies Sneaker,,TRUE,1,929.5,1068.925,893.75,1027.81,,,,,,,,,,,FALSE,FALSE,FALSE,Standard Rate,Standard Rate,,10,,
DF-FLITE-L-5-GYP,Dromex Flite Ladies Sneaker,,TRUE,1,929.5,1068.925,893.75,1027.81,,,,,,,,,,,FALSE,FALSE,FALSE,Standard Rate,Standard Rate,,10,,
DF-FLITE-L-6-GYP,Dromex Flite Ladies Sneaker,,TRUE,1,929.5,1068.925,893.75,1027.81,,,,,,,,,,,FALSE,FALSE,FALSE,Standard Rate,Standard Rate,,10,,
DF-FLITE-L-7-GYP,Dromex Flite Ladies Sneaker,,TRUE,1,929.5,1068.925,893.75,1027.81,,,,,,,,,,,FALSE,FALSE,FALSE,Standard Rate,Standard Rate,,10,,
DF-FLITE-L-8-GYP,Dromex Flite Ladies Sneaker,,TRUE,1,929.5,1068.925,893.75,1027.81,,,,,,,,,,,FALSE,FALSE,FALSE,Standard Rate,Standard Rate,,10,,
DF-FLITE-L-9-GYP,Dromex Flite Ladies Sneaker,,TRUE,1,929.5,1068.925,893.75,1027.81,,,,,,,,,,,FALSE,FALSE,FALSE,Standard Rate,Standard Rate,,10,,
DF-GB-GP-4-BLK,Dromex Unisex Armour Gumboot,,TRUE,1,128.7,148.005,123.75,142.31,,,,,,,,,,,FALSE,FALSE,FALSE,Standard Rate,Standard Rate,,10,,
DF-GB-GP-5-BLK,Dromex Unisex Armour Gumboot,,TRUE,1,128.7,148.005,123.75,142.31,,,,,,,,,,,FALSE,FALSE,FALSE,Standard Rate,Standard Rate,,10,,
DF-GB-GP-6-BLK,Dromex Unisex Armour Gumboot,,TRUE,1,128.7,148.005,123.75,142.31,,,,,,,,,,,FALSE,FALSE,FALSE,Standard Rate,Standard Rate,,10,,
DF-GB-GP-7-BLK,Dromex Unisex Armour Gumboot,,TRUE,1,128.7,148.005,123.75,142.31,,,,,,,,,,,FALSE,FALSE,FALSE,Standard Rate,Standard Rate,,10,,
DF-GB-GP-8-BLK,Dromex Unisex Armour Gumboot,,TRUE,1,128.7,148.005,123.75,142.31,,,,,,,,,,,FALSE,FALSE,FALSE,Standard Rate,Standard Rate,,10,,
DF-GB-GP-9-BLK,Dromex Unisex Armour Gumboot,,TRUE,1,128.7,148.005,123.75,142.31,,,,,,,,,,,FALSE,FALSE,FALSE,Standard Rate,Standard Rate,,10,,
DF-GB-GP-10-BLK,Dromex Unisex Armour Gumboot,,TRUE,1,128.7,148.005,123.75,142.31,,,,,,,,,,,FALSE,FALSE,FALSE,Standard Rate,Standard Rate,,10,,
DF-GB-GP-11-BLK,Dromex Unisex Armour Gumboot,,TRUE,1,128.7,148.005,123.75,142.31,,,,,,,,,,,FALSE,FALSE,FALSE,Standard Rate,Standard Rate,,10,,
DF-GB-GP-12-BLK,Dromex Unisex Armour Gumboot,,TRUE,1,128.7,148.005,123.75,142.31,,,,,,,,,,,FALSE,FALSE,FALSE,Standard Rate,Standard Rate,,10,,
DF-GB-GP-13-BLK,Dromex Unisex Armour Gumboot,,TRUE,1,128.7,148.005,123.75,142.31,,,,,,,,,,,FALSE,FALSE,FALSE,Standard Rate,Standard Rate,,10,,
DF-SP-STCM-4-BLK,"Dromex Spartacus - Steel Toe Cap and Midsole(STCM), Acid & Oil Resistant Gumboot, STCM",,TRUE,1,228.8,263.12,220,253,,,,,,,,,,,FALSE,FALSE,FALSE,Standard Rate,Standard Rate,,10,,
DF-SP-STCM-5-BLK,"Dromex Spartacus - Steel Toe Cap and Midsole(STCM), Acid & Oil Resistant Gumboot, STCM",,TRUE,1,228.8,263.12,220,253,,,,,,,,,,,FALSE,FALSE,FALSE,Standard Rate,Standard Rate,,10,,
DF-SP-STCM-6-BLK,"Dromex Spartacus - Steel Toe Cap and Midsole(STCM), Acid & Oil Resistant Gumboot, STCM",,TRUE,1,228.8,263.12,220,253,,,,,,,,,,,FALSE,FALSE,FALSE,Standard Rate,Standard Rate,,10,,
DF-SP-STCM-7-BLK,"Dromex Spartacus - Steel Toe Cap and Midsole(STCM), Acid & Oil Resistant Gumboot, STCM",,TRUE,1,228.8,263.12,220,253,,,,,,,,,,,FALSE,FALSE,FALSE,Standard Rate,Standard Rate,,10,,
DF-SP-STCM-8-BLK,"Dromex Spartacus - Steel Toe Cap and Midsole(STCM), Acid & Oil Resistant Gumboot, STCM",,TRUE,1,228.8,263.12,220,253,,,,,,,,,,,FALSE,FALSE,FALSE,Standard Rate,Standard Rate,,10,,
DF-SP-STCM-9-BLK,"Dromex Spartacus - Steel Toe Cap and Midsole(STCM), Acid & Oil Resistant Gumboot, STCM",,TRUE,1,228.8,263.12,220,253,,,,,,,,,,,FALSE,FALSE,FALSE,Standard Rate,Standard Rate,,10,,
DF-SP-STCM-10-BLK,"Dromex Spartacus - Steel Toe Cap and Midsole(STCM), Acid & Oil Resistant Gumboot, STCM",,TRUE,1,228.8,263.12,220,253,,,,,,,,,,,FALSE,FALSE,FALSE,Standard Rate,Standard Rate,,10,,
DF-SP-STCM-11-BLK,"Dromex Spartacus - Steel Toe Cap and Midsole(STCM), Acid & Oil Resistant Gumboot, STCM",,TRUE,1,228.8,263.12,220,253,,,,,,,,,,,FALSE,FALSE,FALSE,Standard Rate,Standard Rate,,10,,
DF-SP-STCM-12-BLK,"Dromex Spartacus - Steel Toe Cap and Midsole(STCM), Acid & Oil Resistant Gumboot, STCM",,TRUE,1,228.8,263.12,220,253,,,,,,,,,,,FALSE,FALSE,FALSE,Standard Rate,Standard Rate,,10,,
DF-SP-STCM-13-BLK,"Dromex Spartacus - Steel Toe Cap and Midsole(STCM), Acid & Oil Resistant Gumboot, STCM",,TRUE,1,228.8,263.12,220,253,,,,,,,,,,,FALSE,FALSE,FALSE,Standard Rate,Standard Rate,,10,,
DF-GB-LL-3-W,Dromex Calf Length Ladies Lite Gum Boot,,TRUE,1,117.26,134.849,112.75,129.66,,,,,,,,,,,FALSE,FALSE,FALSE,Standard Rate,Standard Rate,,10,,
DF-GB-LL-4-W,Dromex Calf Length Ladies Lite Gum Boot,,TRUE,1,117.26,134.849,112.75,129.66,,,,,,,,,,,FALSE,FALSE,FALSE,Standard Rate,Standard Rate,,10,,
DF-GB-LL-5-W,Dromex Calf Length Ladies Lite Gum Boot,,TRUE,1,117.26,134.849,112.75,129.66,,,,,,,,,,,FALSE,FALSE,FALSE,Standard Rate,Standard Rate,,10,,
DF-GB-LL-6-W,Dromex Calf Length Ladies Lite Gum Boot,,TRUE,1,117.26,134.849,112.75,129.66,,,,,,,,,,,FALSE,FALSE,FALSE,Standard Rate,Standard Rate,,10,,
DF-GB-LL-7-W,Dromex Calf Length Ladies Lite Gum Boot,,TRUE,1,117.26,134.849,112.75,129.66,,,,,,,,,,,FALSE,FALSE,FALSE,Standard Rate,Standard Rate,,10,,
DF-GB-LL-8-W,Dromex Calf Length Ladies Lite Gum Boot,,TRUE,1,117.26,134.849,112.75,129.66,,,,,,,,,,,FALSE,FALSE,FALSE,Standard Rate,Standard Rate,,10,,
DF-GB-LL-9-W,Dromex Calf Length Ladies Lite Gum Boot,,TRUE,1,117.26,134.849,112.75,129.66,,,,,,,,,,,FALSE,FALSE,FALSE,Standard Rate,Standard Rate,,10,,
DF-GB-MN-4-W,Dromex Knee Length Mighty Nite Gum Boot,,TRUE,1,122.98,141.427,118.25,135.99,,,,,,,,,,,FALSE,FALSE,FALSE,Standard Rate,Standard Rate,,10,,
DF-GB-MN-5-W,Dromex Knee Length Mighty Nite Gum Boot,,TRUE,1,122.98,141.427,118.25,135.99,,,,,,,,,,,FALSE,FALSE,FALSE,Standard Rate,Standard Rate,,10,,
DF-GB-MN-6-W,Dromex Knee Length Mighty Nite Gum Boot,,TRUE,1,122.98,141.427,118.25,135.99,,,,,,,,,,,FALSE,FALSE,FALSE,Standard Rate,Standard Rate,,10,,
DF-GB-MN-7-W,Dromex Knee Length Mighty Nite Gum Boot,,TRUE,1,122.98,141.427,118.25,135.99,,,,,,,,,,,FALSE,FALSE,FALSE,Standard Rate,Standard Rate,,10,,
DF-GB-MN-8-W,Dromex Knee Length Mighty Nite Gum Boot,,TRUE,1,122.98,141.427,118.25,135.99,,,,,,,,,,,FALSE,FALSE,FALSE,Standard Rate,Standard Rate,,10,,
DF-GB-MN-9-W,Dromex Knee Length Mighty Nite Gum Boot,,TRUE,1,122.98,141.427,118.25,135.99,,,,,,,,,,,FALSE,FALSE,FALSE,Standard Rate,Standard Rate,,10,,
DF-GB-MN-10-W,Dromex Knee Length Mighty Nite Gum Boot,,TRUE,1,122.98,141.427,118.25,135.99,,,,,,,,,,,FALSE,FALSE,FALSE,Standard Rate,Standard Rate,,10,,
DF-GB-MN-11-W,Dromex Knee Length Mighty Nite Gum Boot,,TRUE,1,122.98,141.427,118.25,135.99,,,,,,,,,,,FALSE,FALSE,FALSE,Standard Rate,Standard Rate,,10,,
DF-GB-MN-12-W,Dromex Knee Length Mighty Nite Gum Boot,,TRUE,1,122.98,141.427,118.25,135.99,,,,,,,,,,,FALSE,FALSE,FALSE,Standard Rate,Standard Rate,,10,,
DF-GB-MN-13-W,Dromex Knee Length Mighty Nite Gum Boot,,TRUE,1,122.98,141.427,118.25,135.99,,,,,,,,,,,FALSE,FALSE,FALSE,Standard Rate,Standard Rate,,10,,
DF-CH-GB-4-BLKW,Dromex Chelsea Gum Boot,,TRUE,1,257.4,296.01,247.5,284.63,,,,,,,,,,,FALSE,FALSE,FALSE,Standard Rate,Standard Rate,,10,,
DF-CH-GB-5-BLKW,Dromex Chelsea Gum Boot,,TRUE,1,257.4,296.01,247.5,284.63,,,,,,,,,,,FALSE,FALSE,FALSE,Standard Rate,Standard Rate,,10,,
DF-CH-GB-6-BLKW,Dromex Chelsea Gum Boot,,TRUE,1,257.4,296.01,247.5,284.63,,,,,,,,,,,FALSE,FALSE,FALSE,Standard Rate,Standard Rate,,10,,
DF-CH-GB-7-BLKW,Dromex Chelsea Gum Boot,,TRUE,1,257.4,296.01,247.5,284.63,,,,,,,,,,,FALSE,FALSE,FALSE,Standard Rate,Standard Rate,,10,,
DF-CH-GB-8-BLKW,Dromex Chelsea Gum Boot,,TRUE,1,257.4,296.01,247.5,284.63,,,,,,,,,,,FALSE,FALSE,FALSE,Standard Rate,Standard Rate,,10,,
DF-CH-GB-9-BLKW,Dromex Chelsea Gum Boot,,TRUE,1,257.4,296.01,247.5,284.63,,,,,,,,,,,FALSE,FALSE,FALSE,Standard Rate,Standard Rate,,10,,
DF-CH-GB-10-BLKW,Dromex Chelsea Gum Boot,,TRUE,1,257.4,296.01,247.5,284.63,,,,,,,,,,,FALSE,FALSE,FALSE,Standard Rate,Standard Rate,,10,,
DF-CH-GB-11-BLKW,Dromex Chelsea Gum Boot,,TRUE,1,257.4,296.01,247.5,284.63,,,,,,,,,,,FALSE,FALSE,FALSE,Standard Rate,Standard Rate,,10,,
DF-CH-GB-12-BLKW,Dromex Chelsea Gum Boot,,TRUE,1,257.4,296.01,247.5,284.63,,,,,,,,,,,FALSE,FALSE,FALSE,Standard Rate,Standard Rate,,10,,
DW-TSHIRTXX-XS,Dromex 100% Cotton Crew Neck Tee Shirt,,TRUE,1,68.64,78.936,66,75.9,,,,,,,,,,,FALSE,FALSE,FALSE,Standard Rate,Standard Rate,,10,,
DW-TSHIRTXX-S,Dromex 100% Cotton Crew Neck Tee Shirt,,TRUE,1,68.64,78.936,66,75.9,,,,,,,,,,,FALSE,FALSE,FALSE,Standard Rate,Standard Rate,,10,,
DW-TSHIRTXX-M,Dromex 100% Cotton Crew Neck Tee Shirt,,TRUE,1,68.64,78.936,66,75.9,,,,,,,,,,,FALSE,FALSE,FALSE,Standard Rate,Standard Rate,,10,,
DW-TSHIRTXX-L,Dromex 100% Cotton Crew Neck Tee Shirt,,TRUE,1,68.64,78.936,66,75.9,,,,,,,,,,,FALSE,FALSE,FALSE,Standard Rate,Standard Rate,,10,,
DW-TSHIRTXX-XL,Dromex 100% Cotton Crew Neck Tee Shirt,,TRUE,1,68.64,78.936,66,75.9,,,,,,,,,,,FALSE,FALSE,FALSE,Standard Rate,Standard Rate,,10,,
DW-TSHIRTXX-2XL,Dromex 100% Cotton Crew Neck Tee Shirt,,TRUE,1,68.64,78.936,66,75.9,,,,,,,,,,,FALSE,FALSE,FALSE,Standard Rate,Standard Rate,,10,,
DW-TSHIRTXX-3XL,Dromex 100% Cotton Crew Neck Tee Shirt,,TRUE,1,68.64,78.936,66,75.9,,,,,,,,,,,FALSE,FALSE,FALSE,Standard Rate,Standard Rate,,10,,
DW-TSHIRTXX-4XL,Dromex 100% Cotton Crew Neck Tee Shirt,,TRUE,1,68.64,78.936,66,75.9,,,,,,,,,,,FALSE,FALSE,FALSE,Standard Rate,Standard Rate,,10,,
DW-TSHIRTXX-5XL,Dromex 100% Cotton Crew Neck Tee Shirt,,TRUE,1,68.64,78.936,66,75.9,,,,,,,,,,,FALSE,FALSE,FALSE,Standard Rate,Standard Rate,,10,,
DW-TECH-TXX-XS,Dromex 100% Polyester Tee Shirt - Crew Neck - 140gsm Quick Dry Tee Shirt,,TRUE,1,64.35,74.0025,61.875,71.16,,,,,,,,,,,FALSE,FALSE,FALSE,Standard Rate,Standard Rate,,10,,
DW-TECH-TXX-S,Dromex 100% Polyester Tee Shirt - Crew Neck - 140gsm Quick Dry Tee Shirt,,TRUE,1,64.35,74.0025,61.875,71.16,,,,,,,,,,,FALSE,FALSE,FALSE,Standard Rate,Standard Rate,,10,,
DW-TECH-TXX-M,Dromex 100% Polyester Tee Shirt - Crew Neck - 140gsm Quick Dry Tee Shirt,,TRUE,1,64.35,74.0025,61.875,71.16,,,,,,,,,,,FALSE,FALSE,FALSE,Standard Rate,Standard Rate,,10,,
DW-TECH-TXX-L,Dromex 100% Polyester Tee Shirt - Crew Neck - 140gsm Quick Dry Tee Shirt,,TRUE,1,64.35,74.0025,61.875,71.16,,,,,,,,,,,FALSE,FALSE,FALSE,Standard Rate,Standard Rate,,10,,
DW-TECH-TXX-XL,Dromex 100% Polyester Tee Shirt - Crew Neck - 140gsm Quick Dry Tee Shirt,,TRUE,1,64.35,74.0025,61.875,71.16,,,,,,,,,,,FALSE,FALSE,FALSE,Standard Rate,Standard Rate,,10,,
DW-TECH-TXX-2XL,Dromex 100% Polyester Tee Shirt - Crew Neck - 140gsm Quick Dry Tee Shirt,,TRUE,1,64.35,74.0025,61.875,71.16,,,,,,,,,,,FALSE,FALSE,FALSE,Standard Rate,Standard Rate,,10,,
DW-TECH-TXX-3XL,Dromex 100% Polyester Tee Shirt - Crew Neck - 140gsm Quick Dry Tee Shirt,,TRUE,1,64.35,74.0025,61.875,71.16,,,,,,,,,,,FALSE,FALSE,FALSE,Standard Rate,Standard Rate,,10,,
DW-TECH-TXX-4XL,Dromex 100% Polyester Tee Shirt - Crew Neck - 140gsm Quick Dry Tee Shirt,,TRUE,1,64.35,74.0025,61.875,71.16,,,,,,,,,,,FALSE,FALSE,FALSE,Standard Rate,Standard Rate,,10,,
DW-TECH-TXX-5XL,Dromex 100% Polyester Tee Shirt - Crew Neck - 140gsm Quick Dry Tee Shirt,,TRUE,1,64.35,74.0025,61.875,71.16,,,,,,,,,,,FALSE,FALSE,FALSE,Standard Rate,Standard Rate,,10,,
DW-GOLFER-XS,"Dromex Pique Knit Golfer, 100% Polyester",,TRUE,1,87.23,100.3145,83.875,96.46,,,,,,,,,,,FALSE,FALSE,FALSE,Standard Rate,Standard Rate,,10,,
DW-GOLFER-S,"Dromex Pique Knit Golfer, 100% Polyester",,TRUE,1,87.23,100.3145,83.875,96.46,,,,,,,,,,,FALSE,FALSE,FALSE,Standard Rate,Standard Rate,,10,,
DW-GOLFER-M,"Dromex Pique Knit Golfer, 100% Polyester",,TRUE,1,87.23,100.3145,83.875,96.46,,,,,,,,,,,FALSE,FALSE,FALSE,Standard Rate,Standard Rate,,10,,
DW-GOLFER-L,"Dromex Pique Knit Golfer, 100% Polyester",,TRUE,1,87.23,100.3145,83.875,96.46,,,,,,,,,,,FALSE,FALSE,FALSE,Standard Rate,Standard Rate,,10,,
DW-GOLFER-XL,"Dromex Pique Knit Golfer, 100% Polyester",,TRUE,1,87.23,100.3145,83.875,96.46,,,,,,,,,,,FALSE,FALSE,FALSE,Standard Rate,Standard Rate,,10,,
DW-GOLFER-2XL,"Dromex Pique Knit Golfer, 100% Polyester",,TRUE,1,87.23,100.3145,83.875,96.46,,,,,,,,,,,FALSE,FALSE,FALSE,Standard Rate,Standard Rate,,10,,
DW-GOLFER-3XL,"Dromex Pique Knit Golfer, 100% Polyester",,TRUE,1,87.23,100.3145,83.875,96.46,,,,,,,,,,,FALSE,FALSE,FALSE,Standard Rate,Standard Rate,,10,,
DW-GOLFER-4XL,"Dromex Pique Knit Golfer, 100% Polyester",,TRUE,1,87.23,100.3145,83.875,96.46,,,,,,,,,,,FALSE,FALSE,FALSE,Standard Rate,Standard Rate,,10,,
DW-GOLFER-5XL,"Dromex Pique Knit Golfer, 100% Polyester",,TRUE,1,87.23,100.3145,83.875,96.46,,,,,,,,,,,FALSE,FALSE,FALSE,Standard Rate,Standard Rate,,10,,
DW-TECH-GXX-XS,"Dromex 100% Polyester,145gsm Premium Quick Dry Golfer",,TRUE,1,85.8,98.67,82.5,94.88,,,,,,,,,,,FALSE,FALSE,FALSE,Standard Rate,Standard Rate,,10,,
DW-TECH-GXX-S,"Dromex 100% Polyester,145gsm Premium Quick Dry Golfer",,TRUE,1,85.8,98.67,82.5,94.88,,,,,,,,,,,FALSE,FALSE,FALSE,Standard Rate,Standard Rate,,10,,
DW-TECH-GXX-M,"Dromex 100% Polyester,145gsm Premium Quick Dry Golfer",,TRUE,1,85.8,98.67,82.5,94.88,,,,,,,,,,,FALSE,FALSE,FALSE,Standard Rate,Standard Rate,,10,,
DW-TECH-GXX-L,"Dromex 100% Polyester,145gsm Premium Quick Dry Golfer",,TRUE,1,85.8,98.67,82.5,94.88,,,,,,,,,,,FALSE,FALSE,FALSE,Standard Rate,Standard Rate,,10,,
DW-TECH-GXX-XL,"Dromex 100% Polyester,145gsm Premium Quick Dry Golfer",,TRUE,1,85.8,98.67,82.5,94.88,,,,,,,,,,,FALSE,FALSE,FALSE,Standard Rate,Standard Rate,,10,,
DW-TECH-GXX-2XL,"Dromex 100% Polyester,145gsm Premium Quick Dry Golfer",,TRUE,1,85.8,98.67,82.5,94.88,,,,,,,,,,,FALSE,FALSE,FALSE,Standard Rate,Standard Rate,,10,,
DW-TECH-GXX-3XL,"Dromex 100% Polyester,145gsm Premium Quick Dry Golfer",,TRUE,1,85.8,98.67,82.5,94.88,,,,,,,,,,,FALSE,FALSE,FALSE,Standard Rate,Standard Rate,,10,,
DW-TECH-GXX-4XL,"Dromex 100% Polyester,145gsm Premium Quick Dry Golfer",,TRUE,1,85.8,98.67,82.5,94.88,,,,,,,,,,,FALSE,FALSE,FALSE,Standard Rate,Standard Rate,,10,,
DW-TECH-GXX-5XL,"Dromex 100% Polyester,145gsm Premium Quick Dry Golfer",,TRUE,1,85.8,98.67,82.5,94.88,,,,,,,,,,,FALSE,FALSE,FALSE,Standard Rate,Standard Rate,,10,,
DW-HVTECH-GXX-XS,"Dromex 100% Polyester,145 GSM Quick Dry Golfer Two Tone",,TRUE,1,101.53,116.7595,97.625,112.27,,,,,,,,,,,FALSE,FALSE,FALSE,Standard Rate,Standard Rate,,10,,
DW-HVTECH-GXX-S,"Dromex 100% Polyester,145 GSM Quick Dry Golfer Two Tone",,TRUE,1,101.53,116.7595,97.625,112.27,,,,,,,,,,,FALSE,FALSE,FALSE,Standard Rate,Standard Rate,,10,,
DW-HVTECH-GXX-M,"Dromex 100% Polyester,145 GSM Quick Dry Golfer Two Tone",,TRUE,1,101.53,116.7595,97.625,112.27,,,,,,,,,,,FALSE,FALSE,FALSE,Standard Rate,Standard Rate,,10,,
DW-HVTECH-GXX-L,"Dromex 100% Polyester,145 GSM Quick Dry Golfer Two Tone",,TRUE,1,101.53,116.7595,97.625,112.27,,,,,,,,,,,FALSE,FALSE,FALSE,Standard Rate,Standard Rate,,10,,
DW-HVTECH-GXX-XL,"Dromex 100% Polyester,145 GSM Quick Dry Golfer Two Tone",,TRUE,1,101.53,116.7595,97.625,112.27,,,,,,,,,,,FALSE,FALSE,FALSE,Standard Rate,Standard Rate,,10,,
DW-HVTECH-GXX-2XL,"Dromex 100% Polyester,145 GSM Quick Dry Golfer Two Tone",,TRUE,1,101.53,116.7595,97.625,112.27,,,,,,,,,,,FALSE,FALSE,FALSE,Standard Rate,Standard Rate,,10,,
DW-HVTECH-GXX-3XL,"Dromex 100% Polyester,145 GSM Quick Dry Golfer Two Tone",,TRUE,1,101.53,116.7595,97.625,112.27,,,,,,,,,,,FALSE,FALSE,FALSE,Standard Rate,Standard Rate,,10,,
DW-HVTECH-GXX-4XL,"Dromex 100% Polyester,145 GSM Quick Dry Golfer Two Tone",,TRUE,1,101.53,116.7595,97.625,112.27,,,,,,,,,,,FALSE,FALSE,FALSE,Standard Rate,Standard Rate,,10,,
DW-HVTECH-GXX-5XL,"Dromex 100% Polyester,145 GSM Quick Dry Golfer Two Tone",,TRUE,1,101.53,116.7595,97.625,112.27,,,,,,,,,,,FALSE,FALSE,FALSE,Standard Rate,Standard Rate,,10,,
DW-CHINOS-28,Dromex Stretch Chinos,,TRUE,1,314.6,361.79,302.5,347.88,,,,,,,,,,,FALSE,FALSE,FALSE,Standard Rate,Standard Rate,,10,,
DW-CHINOS-30,Dromex Stretch Chinos,,TRUE,1,314.6,361.79,302.5,347.88,,,,,,,,,,,FALSE,FALSE,FALSE,Standard Rate,Standard Rate,,10,,
DW-CHINOS-32,Dromex Stretch Chinos,,TRUE,1,314.6,361.79,302.5,347.88,,,,,,,,,,,FALSE,FALSE,FALSE,Standard Rate,Standard Rate,,10,,
DW-CHINOS-34,Dromex Stretch Chinos,,TRUE,1,314.6,361.79,302.5,347.88,,,,,,,,,,,FALSE,FALSE,FALSE,Standard Rate,Standard Rate,,10,,
DW-CHINOS-36,Dromex Stretch Chinos,,TRUE,1,314.6,361.79,302.5,347.88,,,,,,,,,,,FALSE,FALSE,FALSE,Standard Rate,Standard Rate,,10,,
DW-CHINOS-38,Dromex Stretch Chinos,,TRUE,1,314.6,361.79,302.5,347.88,,,,,,,,,,,FALSE,FALSE,FALSE,Standard Rate,Standard Rate,,10,,
DW-CHINOS-40,Dromex Stretch Chinos,,TRUE,1,314.6,361.79,302.5,347.88,,,,,,,,,,,FALSE,FALSE,FALSE,Standard Rate,Standard Rate,,10,,
DW-CHINOS-42,Dromex Stretch Chinos,,TRUE,1,314.6,361.79,302.5,347.88,,,,,,,,,,,FALSE,FALSE,FALSE,Standard Rate,Standard Rate,,10,,
DW-CHINOS-44,Dromex Stretch Chinos,,TRUE,1,314.6,361.79,302.5,347.88,,,,,,,,,,,FALSE,FALSE,FALSE,Standard Rate,Standard Rate,,10,,
DW-CHINOS-46,Dromex Stretch Chinos,,TRUE,1,314.6,361.79,302.5,347.88,,,,,,,,,,,FALSE,FALSE,FALSE,Standard Rate,Standard Rate,,10,,
DW-CHINOS-48,Dromex Stretch Chinos,,TRUE,1,314.6,361.79,302.5,347.88,,,,,,,,,,,FALSE,FALSE,FALSE,Standard Rate,Standard Rate,,10,,
DW-CHINOS-50,Dromex Stretch Chinos,,TRUE,1,314.6,361.79,302.5,347.88,,,,,,,,,,,FALSE,FALSE,FALSE,Standard Rate,Standard Rate,,10,,
DW-CHINO-SHORTS-28,Dromex Stretch Chino Shorts,,TRUE,1,314.6,361.79,302.5,347.88,,,,,,,,,,,FALSE,FALSE,FALSE,Standard Rate,Standard Rate,,10,,
DW-CHINO-SHORTS-30,Dromex Stretch Chino Shorts,,TRUE,1,314.6,361.79,302.5,347.88,,,,,,,,,,,FALSE,FALSE,FALSE,Standard Rate,Standard Rate,,10,,
DW-CHINO-SHORTS-32,Dromex Stretch Chino Shorts,,TRUE,1,314.6,361.79,302.5,347.88,,,,,,,,,,,FALSE,FALSE,FALSE,Standard Rate,Standard Rate,,10,,
DW-CHINO-SHORTS-34,Dromex Stretch Chino Shorts,,TRUE,1,314.6,361.79,302.5,347.88,,,,,,,,,,,FALSE,FALSE,FALSE,Standard Rate,Standard Rate,,10,,
DW-CHINO-SHORTS-36,Dromex Stretch Chino Shorts,,TRUE,1,314.6,361.79,302.5,347.88,,,,,,,,,,,FALSE,FALSE,FALSE,Standard Rate,Standard Rate,,10,,
DW-CHINO-SHORTS-38,Dromex Stretch Chino Shorts,,TRUE,1,314.6,361.79,302.5,347.88,,,,,,,,,,,FALSE,FALSE,FALSE,Standard Rate,Standard Rate,,10,,
DW-CHINO-SHORTS-40,Dromex Stretch Chino Shorts,,TRUE,1,314.6,361.79,302.5,347.88,,,,,,,,,,,FALSE,FALSE,FALSE,Standard Rate,Standard Rate,,10,,
DW-CHINO-SHORTS-42,Dromex Stretch Chino Shorts,,TRUE,1,314.6,361.79,302.5,347.88,,,,,,,,,,,FALSE,FALSE,FALSE,Standard Rate,Standard Rate,,10,,
DW-CHINO-SHORTS-44,Dromex Stretch Chino Shorts,,TRUE,1,314.6,361.79,302.5,347.88,,,,,,,,,,,FALSE,FALSE,FALSE,Standard Rate,Standard Rate,,10,,
DW-CHINO-SHORTS-46,Dromex Stretch Chino Shorts,,TRUE,1,314.6,361.79,302.5,347.88,,,,,,,,,,,FALSE,FALSE,FALSE,Standard Rate,Standard Rate,,10,,
DW-CHINO-SHORTS-48,Dromex Stretch Chino Shorts,,TRUE,1,314.6,361.79,302.5,347.88,,,,,,,,,,,FALSE,FALSE,FALSE,Standard Rate,Standard Rate,,10,,
DW-CHINO-SHORTS-50,Dromex Stretch Chino Shorts,,TRUE,1,314.6,361.79,302.5,347.88,,,,,,,,,,,FALSE,FALSE,FALSE,Standard Rate,Standard Rate,,10,,
DW-FORMLS-S,Dromex 100% Cotton Poplin Formal Button Down Formal Long Sleeve Shirts,,TRUE,1,221.65,254.8975,213.125,245.09,,,,,,,,,,,FALSE,FALSE,FALSE,Standard Rate,Standard Rate,,10,,
DW-FORMLS-M,Dromex 100% Cotton Poplin Formal Button Down Formal Long Sleeve Shirts,,TRUE,1,221.65,254.8975,213.125,245.09,,,,,,,,,,,FALSE,FALSE,FALSE,Standard Rate,Standard Rate,,10,,
DW-FORMLS-L,Dromex 100% Cotton Poplin Formal Button Down Formal Long Sleeve Shirts,,TRUE,1,221.65,254.8975,213.125,245.09,,,,,,,,,,,FALSE,FALSE,FALSE,Standard Rate,Standard Rate,,10,,
DW-FORMLS-XL,Dromex 100% Cotton Poplin Formal Button Down Formal Long Sleeve Shirts,,TRUE,1,221.65,254.8975,213.125,245.09,,,,,,,,,,,FALSE,FALSE,FALSE,Standard Rate,Standard Rate,,10,,
DW-FORMLS-2XL,Dromex 100% Cotton Poplin Formal Button Down Formal Long Sleeve Shirts,,TRUE,1,221.65,254.8975,213.125,245.09,,,,,,,,,,,FALSE,FALSE,FALSE,Standard Rate,Standard Rate,,10,,
DW-FORMLS-3XL,Dromex 100% Cotton Poplin Formal Button Down Formal Long Sleeve Shirts,,TRUE,1,221.65,254.8975,213.125,245.09,,,,,,,,,,,FALSE,FALSE,FALSE,Standard Rate,Standard Rate,,10,,
DW-FORMSS-S,Dromex 100% Cotton Poplin Formal Button Down Formal Short Sleeve Shirts,,TRUE,1,207.35,238.4525,199.375,229.28,,,,,,,,,,,FALSE,FALSE,FALSE,Standard Rate,Standard Rate,,10,,
DW-FORMSS-M,Dromex 100% Cotton Poplin Formal Button Down Formal Short Sleeve Shirts,,TRUE,1,207.35,238.4525,199.375,229.28,,,,,,,,,,,FALSE,FALSE,FALSE,Standard Rate,Standard Rate,,10,,
DW-FORMSS-L,Dromex 100% Cotton Poplin Formal Button Down Formal Short Sleeve Shirts,,TRUE,1,207.35,238.4525,199.375,229.28,,,,,,,,,,,FALSE,FALSE,FALSE,Standard Rate,Standard Rate,,10,,
DW-FORMSS-XL,Dromex 100% Cotton Poplin Formal Button Down Formal Short Sleeve Shirts,,TRUE,1,207.35,238.4525,199.375,229.28,,,,,,,,,,,FALSE,FALSE,FALSE,Standard Rate,Standard Rate,,10,,
DW-FORMSS-2XL,Dromex 100% Cotton Poplin Formal Button Down Formal Short Sleeve Shirts,,TRUE,1,207.35,238.4525,199.375,229.28,,,,,,,,,,,FALSE,FALSE,FALSE,Standard Rate,Standard Rate,,10,,
DW-FORMSS-3XL,Dromex 100% Cotton Poplin Formal Button Down Formal Short Sleeve Shirts,,TRUE,1,207.35,238.4525,199.375,229.28,,,,,,,,,,,FALSE,FALSE,FALSE,Standard Rate,Standard Rate,,10,,
DW-SH-XS-K,Dromex Short Sleeve Workshirts Horizon Range,,TRUE,1,329,378.35,316,363.4,,,,,,,,,,,FALSE,FALSE,FALSE,Standard Rate,Standard Rate,,10,,
DW-SH-S-K,Dromex Short Sleeve Workshirts Horizon Range,,TRUE,1,329,378.35,316,363.4,,,,,,,,,,,FALSE,FALSE,FALSE,Standard Rate,Standard Rate,,10,,
DW-SH-M-K,Dromex Short Sleeve Workshirts Horizon Range,,TRUE,1,329,378.35,316,363.4,,,,,,,,,,,FALSE,FALSE,FALSE,Standard Rate,Standard Rate,,10,,
DW-SH-L-K,Dromex Short Sleeve Workshirts Horizon Range,,TRUE,1,329,378.35,316,363.4,,,,,,,,,,,FALSE,FALSE,FALSE,Standard Rate,Standard Rate,,10,,
DW-SH-XL-K,Dromex Short Sleeve Workshirts Horizon Range,,TRUE,1,329,378.35,316,363.4,,,,,,,,,,,FALSE,FALSE,FALSE,Standard Rate,Standard Rate,,10,,
DW-SH-2XL-K,Dromex Short Sleeve Workshirts Horizon Range,,TRUE,1,329,378.35,316,363.4,,,,,,,,,,,FALSE,FALSE,FALSE,Standard Rate,Standard Rate,,10,,
DW-SH-3XL-K,Dromex Short Sleeve Workshirts Horizon Range,,TRUE,1,329,378.35,316,363.4,,,,,,,,,,,FALSE,FALSE,FALSE,Standard Rate,Standard Rate,,10,,
DW-SH-4XL-K,Dromex Short Sleeve Workshirts Horizon Range,,TRUE,1,329,378.35,316,363.4,,,,,,,,,,,FALSE,FALSE,FALSE,Standard Rate,Standard Rate,,10,,
DW-SH-5XL-K,Dromex Short Sleeve Workshirts Horizon Range,,TRUE,1,329,378.35,316,363.4,,,,,,,,,,,FALSE,FALSE,FALSE,Standard Rate,Standard Rate,,10,,
DW-DSHIRT-XS-B,Dromex Horizon Range Denim Short Sleeve Shirt,,TRUE,1,357.5,411.125,343.75,395.31,,,,,,,,,,,FALSE,FALSE,FALSE,Standard Rate,Standard Rate,,10,,
DW-DSHIRT-S-B,Dromex Horizon Range Denim Short Sleeve Shirt,,TRUE,1,357.5,411.125,343.75,395.31,,,,,,,,,,,FALSE,FALSE,FALSE,Standard Rate,Standard Rate,,10,,
DW-DSHIRT-M-B,Dromex Horizon Range Denim Short Sleeve Shirt,,TRUE,1,357.5,411.125,343.75,395.31,,,,,,,,,,,FALSE,FALSE,FALSE,Standard Rate,Standard Rate,,10,,
DW-DSHIRT-L-B,Dromex Horizon Range Denim Short Sleeve Shirt,,TRUE,1,357.5,411.125,343.75,395.31,,,,,,,,,,,FALSE,FALSE,FALSE,Standard Rate,Standard Rate,,10,,
DW-DSHIRT-XL-B,Dromex Horizon Range Denim Short Sleeve Shirt,,TRUE,1,357.5,411.125,343.75,395.31,,,,,,,,,,,FALSE,FALSE,FALSE,Standard Rate,Standard Rate,,10,,
DW-DSHIRT-2XL-B,Dromex Horizon Range Denim Short Sleeve Shirt,,TRUE,1,357.5,411.125,343.75,395.31,,,,,,,,,,,FALSE,FALSE,FALSE,Standard Rate,Standard Rate,,10,,
DW-DSHIRT-3XL-B,Dromex Horizon Range Denim Short Sleeve Shirt,,TRUE,1,357.5,411.125,343.75,395.31,,,,,,,,,,,FALSE,FALSE,FALSE,Standard Rate,Standard Rate,,10,,
DW-DSHIRT-4XL-B,Dromex Horizon Range Denim Short Sleeve Shirt,,TRUE,1,357.5,411.125,343.75,395.31,,,,,,,,,,,FALSE,FALSE,FALSE,Standard Rate,Standard Rate,,10,,
DW-DSHIRT-5XL-B,Dromex Horizon Range Denim Short Sleeve Shirt,,TRUE,1,357.5,411.125,343.75,395.31,,,,,,,,,,,FALSE,FALSE,FALSE,Standard Rate,Standard Rate,,10,,
DW-2TSHIRTS-XS,Dromex 2 Tone Shirts Horizon,,TRUE,1,336.05,386.4575,323.125,371.59,,,,,,,,,,,FALSE,FALSE,FALSE,Standard Rate,Standard Rate,,10,,
DW-2TSHIRTS-S,Dromex 2 Tone Shirts Horizon,,TRUE,1,336.05,386.4575,323.125,371.59,,,,,,,,,,,FALSE,FALSE,FALSE,Standard Rate,Standard Rate,,10,,
DW-2TSHIRTS-M,Dromex 2 Tone Shirts Horizon,,TRUE,1,336.05,386.4575,323.125,371.59,,,,,,,,,,,FALSE,FALSE,FALSE,Standard Rate,Standard Rate,,10,,
DW-2TSHIRTS-L,Dromex 2 Tone Shirts Horizon,,TRUE,1,336.05,386.4575,323.125,371.59,,,,,,,,,,,FALSE,FALSE,FALSE,Standard Rate,Standard Rate,,10,,
DW-2TSHIRTS-XL,Dromex 2 Tone Shirts Horizon,,TRUE,1,336.05,386.4575,323.125,371.59,,,,,,,,,,,FALSE,FALSE,FALSE,Standard Rate,Standard Rate,,10,,
DW-2TSHIRTS-2XL,Dromex 2 Tone Shirts Horizon,,TRUE,1,336.05,386.4575,323.125,371.59,,,,,,,,,,,FALSE,FALSE,FALSE,Standard Rate,Standard Rate,,10,,
DW-2TSHIRTS-3XL,Dromex 2 Tone Shirts Horizon,,TRUE,1,336.05,386.4575,323.125,371.59,,,,,,,,,,,FALSE,FALSE,FALSE,Standard Rate,Standard Rate,,10,,
DW-2TSHIRTS-4XL,Dromex 2 Tone Shirts Horizon,,TRUE,1,336.05,386.4575,323.125,371.59,,,,,,,,,,,FALSE,FALSE,FALSE,Standard Rate,Standard Rate,,10,,
DW-2TSHIRTS-5XL,Dromex 2 Tone Shirts Horizon,,TRUE,1,336.05,386.4575,323.125,371.59,,,,,,,,,,,FALSE,FALSE,FALSE,Standard Rate,Standard Rate,,10,,
DW-ST-CARGO-SH-28,Dromex Cotton Stretch Technical Cargo Shorts,,TRUE,1,421.85,485.1275,405.625,466.47,,,,,,,,,,,FALSE,FALSE,FALSE,Standard Rate,Standard Rate,,10,,
DW-ST-CARGO-SH-30,Dromex Cotton Stretch Technical Cargo Shorts,,TRUE,1,421.85,485.1275,405.625,466.47,,,,,,,,,,,FALSE,FALSE,FALSE,Standard Rate,Standard Rate,,10,,
DW-ST-CARGO-SH-32,Dromex Cotton Stretch Technical Cargo Shorts,,TRUE,1,421.85,485.1275,405.625,466.47,,,,,,,,,,,FALSE,FALSE,FALSE,Standard Rate,Standard Rate,,10,,
DW-ST-CARGO-SH-34,Dromex Cotton Stretch Technical Cargo Shorts,,TRUE,1,421.85,485.1275,405.625,466.47,,,,,,,,,,,FALSE,FALSE,FALSE,Standard Rate,Standard Rate,,10,,
DW-ST-CARGO-SH-36,Dromex Cotton Stretch Technical Cargo Shorts,,TRUE,1,421.85,485.1275,405.625,466.47,,,,,,,,,,,FALSE,FALSE,FALSE,Standard Rate,Standard Rate,,10,,
DW-ST-CARGO-SH-38,Dromex Cotton Stretch Technical Cargo Shorts,,TRUE,1,421.85,485.1275,405.625,466.47,,,,,,,,,,,FALSE,FALSE,FALSE,Standard Rate,Standard Rate,,10,,
DW-ST-CARGO-SH-40,Dromex Cotton Stretch Technical Cargo Shorts,,TRUE,1,421.85,485.1275,405.625,466.47,,,,,,,,,,,FALSE,FALSE,FALSE,Standard Rate,Standard Rate,,10,,
DW-ST-CARGO-SH-42,Dromex Cotton Stretch Technical Cargo Shorts,,TRUE,1,421.85,485.1275,405.625,466.47,,,,,,,,,,,FALSE,FALSE,FALSE,Standard Rate,Standard Rate,,10,,
DW-ST-CARGO-SH-44,Dromex Cotton Stretch Technical Cargo Shorts,,TRUE,1,421.85,485.1275,405.625,466.47,,,,,,,,,,,FALSE,FALSE,FALSE,Standard Rate,Standard Rate,,10,,
DW-ST-CARGO-SH-46,Dromex Cotton Stretch Technical Cargo Shorts,,TRUE,1,421.85,485.1275,405.625,466.47,,,,,,,,,,,FALSE,FALSE,FALSE,Standard Rate,Standard Rate,,10,,
DW-ST-CARGO-SH-48,Dromex Cotton Stretch Technical Cargo Shorts,,TRUE,1,421.85,485.1275,405.625,466.47,,,,,,,,,,,FALSE,FALSE,FALSE,Standard Rate,Standard Rate,,10,,
DW-ST-CARGO-SH-50,Dromex Cotton Stretch Technical Cargo Shorts,,TRUE,1,421.85,485.1275,405.625,466.47,,,,,,,,,,,FALSE,FALSE,FALSE,Standard Rate,Standard Rate,,10,,
DW-UTI-SH-28,Dromex Utility Shorts,,TRUE,1,464.75,534.4625,446.875,513.91,,,,,,,,,,,FALSE,FALSE,FALSE,Standard Rate,Standard Rate,,10,,
DW-UTI-SH-30,Dromex Utility Shorts,,TRUE,1,464.75,534.4625,446.875,513.91,,,,,,,,,,,FALSE,FALSE,FALSE,Standard Rate,Standard Rate,,10,,
DW-UTI-SH-32,Dromex Utility Shorts,,TRUE,1,464.75,534.4625,446.875,513.91,,,,,,,,,,,FALSE,FALSE,FALSE,Standard Rate,Standard Rate,,10,,
DW-UTI-SH-34,Dromex Utility Shorts,,TRUE,1,464.75,534.4625,446.875,513.91,,,,,,,,,,,FALSE,FALSE,FALSE,Standard Rate,Standard Rate,,10,,
DW-UTI-SH-36,Dromex Utility Shorts,,TRUE,1,464.75,534.4625,446.875,513.91,,,,,,,,,,,FALSE,FALSE,FALSE,Standard Rate,Standard Rate,,10,,
DW-UTI-SH-38,Dromex Utility Shorts,,TRUE,1,464.75,534.4625,446.875,513.91,,,,,,,,,,,FALSE,FALSE,FALSE,Standard Rate,Standard Rate,,10,,
DW-UTI-SH-40,Dromex Utility Shorts,,TRUE,1,464.75,534.4625,446.875,513.91,,,,,,,,,,,FALSE,FALSE,FALSE,Standard Rate,Standard Rate,,10,,
DW-UTI-SH-42,Dromex Utility Shorts,,TRUE,1,464.75,534.4625,446.875,513.91,,,,,,,,,,,FALSE,FALSE,FALSE,Standard Rate,Standard Rate,,10,,
DW-UTI-SH-44,Dromex Utility Shorts,,TRUE,1,464.75,534.4625,446.875,513.91,,,,,,,,,,,FALSE,FALSE,FALSE,Standard Rate,Standard Rate,,10,,
DW-UTI-SH-46,Dromex Utility Shorts,,TRUE,1,464.75,534.4625,446.875,513.91,,,,,,,,,,,FALSE,FALSE,FALSE,Standard Rate,Standard Rate,,10,,
DW-UTI-SH-48,Dromex Utility Shorts,,TRUE,1,464.75,534.4625,446.875,513.91,,,,,,,,,,,FALSE,FALSE,FALSE,Standard Rate,Standard Rate,,10,,
DW-UTI-SH-50,Dromex Utility Shorts,,TRUE,1,464.75,534.4625,446.875,513.91,,,,,,,,,,,FALSE,FALSE,FALSE,Standard Rate,Standard Rate,,10,,
DW-UTI-PN-28,Dromex Utility Pants,,TRUE,1,564.85,649.5775,543.125,624.59,,,,,,,,,,,FALSE,FALSE,FALSE,Standard Rate,Standard Rate,,10,,
DW-UTI-PN-30,Dromex Utility Pants,,TRUE,1,564.85,649.5775,543.125,624.59,,,,,,,,,,,FALSE,FALSE,FALSE,Standard Rate,Standard Rate,,10,,
DW-UTI-PN-32,Dromex Utility Pants,,TRUE,1,564.85,649.5775,543.125,624.59,,,,,,,,,,,FALSE,FALSE,FALSE,Standard Rate,Standard Rate,,10,,
DW-UTI-PN-34,Dromex Utility Pants,,TRUE,1,564.85,649.5775,543.125,624.59,,,,,,,,,,,FALSE,FALSE,FALSE,Standard Rate,Standard Rate,,10,,
DW-UTI-PN-36,Dromex Utility Pants,,TRUE,1,564.85,649.5775,543.125,624.59,,,,,,,,,,,FALSE,FALSE,FALSE,Standard Rate,Standard Rate,,10,,
DW-UTI-PN-38,Dromex Utility Pants,,TRUE,1,564.85,649.5775,543.125,624.59,,,,,,,,,,,FALSE,FALSE,FALSE,Standard Rate,Standard Rate,,10,,
DW-UTI-PN-40,Dromex Utility Pants,,TRUE,1,564.85,649.5775,543.125,624.59,,,,,,,,,,,FALSE,FALSE,FALSE,Standard Rate,Standard Rate,,10,,
DW-UTI-PN-42,Dromex Utility Pants,,TRUE,1,564.85,649.5775,543.125,624.59,,,,,,,,,,,FALSE,FALSE,FALSE,Standard Rate,Standard Rate,,10,,
DW-UTI-PN-44,Dromex Utility Pants,,TRUE,1,564.85,649.5775,543.125,624.59,,,,,,,,,,,FALSE,FALSE,FALSE,Standard Rate,Standard Rate,,10,,
DW-UTI-PN-46,Dromex Utility Pants,,TRUE,1,564.85,649.5775,543.125,624.59,,,,,,,,,,,FALSE,FALSE,FALSE,Standard Rate,Standard Rate,,10,,
DW-UTI-PN-48,Dromex Utility Pants,,TRUE,1,564.85,649.5775,543.125,624.59,,,,,,,,,,,FALSE,FALSE,FALSE,Standard Rate,Standard Rate,,10,,
DW-UTI-PN-50,Dromex Utility Pants,,TRUE,1,564.85,649.5775,543.125,624.59,,,,,,,,,,,FALSE,FALSE,FALSE,Standard Rate,Standard Rate,,10,,
DW-UTI-J-S,Dromex Utility Jacket,,TRUE,1,643.5,740.025,618.75,711.56,,,,,,,,,,,FALSE,FALSE,FALSE,Standard Rate,Standard Rate,,10,,
DW-UTI-J-M,Dromex Utility Jacket,,TRUE,1,643.5,740.025,618.75,711.56,,,,,,,,,,,FALSE,FALSE,FALSE,Standard Rate,Standard Rate,,10,,
DW-UTI-J-L,Dromex Utility Jacket,,TRUE,1,643.5,740.025,618.75,711.56,,,,,,,,,,,FALSE,FALSE,FALSE,Standard Rate,Standard Rate,,10,,
DW-UTI-J-XL,Dromex Utility Jacket,,TRUE,1,643.5,740.025,618.75,711.56,,,,,,,,,,,FALSE,FALSE,FALSE,Standard Rate,Standard Rate,,10,,
DW-UTI-J-2XL,Dromex Utility Jacket,,TRUE,1,643.5,740.025,618.75,711.56,,,,,,,,,,,FALSE,FALSE,FALSE,Standard Rate,Standard Rate,,10,,
DW-UTI-J-3XL,Dromex Utility Jacket,,TRUE,1,643.5,740.025,618.75,711.56,,,,,,,,,,,FALSE,FALSE,FALSE,Standard Rate,Standard Rate,,10,,
DW-UTI-FA-PN-AB-28-B,Dromex Utility Pants Airforce Fa,,TRUE,1,750.75,863.3625,721.875,830.16,,,,,,,,,,,FALSE,FALSE,FALSE,Standard Rate,Standard Rate,,10,,
DW-UTI-FA-PN-AB-30-B,Dromex Utility Pants Airforce Fa,,TRUE,1,750.75,863.3625,721.875,830.16,,,,,,,,,,,FALSE,FALSE,FALSE,Standard Rate,Standard Rate,,10,,
DW-UTI-FA-PN-AB-32-B,Dromex Utility Pants Airforce Fa,,TRUE,1,750.75,863.3625,721.875,830.16,,,,,,,,,,,FALSE,FALSE,FALSE,Standard Rate,Standard Rate,,10,,
DW-UTI-FA-PN-AB-34-B,Dromex Utility Pants Airforce Fa,,TRUE,1,750.75,863.3625,721.875,830.16,,,,,,,,,,,FALSE,FALSE,FALSE,Standard Rate,Standard Rate,,10,,
DW-UTI-FA-PN-AB-36-B,Dromex Utility Pants Airforce Fa,,TRUE,1,750.75,863.3625,721.875,830.16,,,,,,,,,,,FALSE,FALSE,FALSE,Standard Rate,Standard Rate,,10,,
DW-UTI-FA-PN-AB-38-B,Dromex Utility Pants Airforce Fa,,TRUE,1,750.75,863.3625,721.875,830.16,,,,,,,,,,,FALSE,FALSE,FALSE,Standard Rate,Standard Rate,,10,,
DW-UTI-FA-PN-AB-40-B,Dromex Utility Pants Airforce Fa,,TRUE,1,750.75,863.3625,721.875,830.16,,,,,,,,,,,FALSE,FALSE,FALSE,Standard Rate,Standard Rate,,10,,
DW-UTI-FA-PN-AB-42-B,Dromex Utility Pants Airforce Fa,,TRUE,1,750.75,863.3625,721.875,830.16,,,,,,,,,,,FALSE,FALSE,FALSE,Standard Rate,Standard Rate,,10,,
DW-UTI-FA-PN-AB-44-B,Dromex Utility Pants Airforce Fa,,TRUE,1,750.75,863.3625,721.875,830.16,,,,,,,,,,,FALSE,FALSE,FALSE,Standard Rate,Standard Rate,,10,,
DW-UTI-FA-PN-AB-46-B,Dromex Utility Pants Airforce Fa,,TRUE,1,750.75,863.3625,721.875,830.16,,,,,,,,,,,FALSE,FALSE,FALSE,Standard Rate,Standard Rate,,10,,
DW-UTI-FA-PN-AB-48-B,Dromex Utility Pants Airforce Fa,,TRUE,1,750.75,863.3625,721.875,830.16,,,,,,,,,,,FALSE,FALSE,FALSE,Standard Rate,Standard Rate,,10,,
DW-UTI-FA-PN-AB-50-B,Dromex Utility Pants Airforce Fa,,TRUE,1,750.75,863.3625,721.875,830.16,,,,,,,,,,,FALSE,FALSE,FALSE,Standard Rate,Standard Rate,,10,,
DW-UTI-FA-J-AB-S-B,Dromex Utility Jackets Airforce Fa,,TRUE,1,822.25,945.5875,790.625,909.22,,,,,,,,,,,FALSE,FALSE,FALSE,Standard Rate,Standard Rate,,10,,
DW-UTI-FA-J-AB-M-B,Dromex Utility Jackets Airforce Fa,,TRUE,1,822.25,945.5875,790.625,909.22,,,,,,,,,,,FALSE,FALSE,FALSE,Standard Rate,Standard Rate,,10,,
DW-UTI-FA-J-AB-L-B,Dromex Utility Jackets Airforce Fa,,TRUE,1,822.25,945.5875,790.625,909.22,,,,,,,,,,,FALSE,FALSE,FALSE,Standard Rate,Standard Rate,,10,,
DW-UTI-FA-J-AB-XL-B,Dromex Utility Jackets Airforce Fa,,TRUE,1,822.25,945.5875,790.625,909.22,,,,,,,,,,,FALSE,FALSE,FALSE,Standard Rate,Standard Rate,,10,,
DW-UTI-FA-J-AB-2XL-B,Dromex Utility Jackets Airforce Fa,,TRUE,1,822.25,945.5875,790.625,909.22,,,,,,,,,,,FALSE,FALSE,FALSE,Standard Rate,Standard Rate,,10,,
DW-UTI-FA-J-AB-3XL-B,Dromex Utility Jackets Airforce Fa,,TRUE,1,822.25,945.5875,790.625,909.22,,,,,,,,,,,FALSE,FALSE,FALSE,Standard Rate,Standard Rate,,10,,
DW-UTI-KPN-28-BLK,Dromex Utility Pants with Knee Pad Pocket,,TRUE,1,615,707.25,591,679.65,,,,,,,,,,,FALSE,FALSE,FALSE,Standard Rate,Standard Rate,,10,,
DW-UTI-KPN-30-BLK,Dromex Utility Pants with Knee Pad Pocket,,TRUE,1,615,707.25,591,679.65,,,,,,,,,,,FALSE,FALSE,FALSE,Standard Rate,Standard Rate,,10,,
DW-UTI-KPN-32-BLK,Dromex Utility Pants with Knee Pad Pocket,,TRUE,1,615,707.25,591,679.65,,,,,,,,,,,FALSE,FALSE,FALSE,Standard Rate,Standard Rate,,10,,
DW-UTI-KPN-34-BLK,Dromex Utility Pants with Knee Pad Pocket,,TRUE,1,615,707.25,591,679.65,,,,,,,,,,,FALSE,FALSE,FALSE,Standard Rate,Standard Rate,,10,,
DW-UTI-KPN-36-BLK,Dromex Utility Pants with Knee Pad Pocket,,TRUE,1,615,707.25,591,679.65,,,,,,,,,,,FALSE,FALSE,FALSE,Standard Rate,Standard Rate,,10,,
DW-UTI-KPN-38-BLK,Dromex Utility Pants with Knee Pad Pocket,,TRUE,1,615,707.25,591,679.65,,,,,,,,,,,FALSE,FALSE,FALSE,Standard Rate,Standard Rate,,10,,
DW-UTI-KPN-40-BLK,Dromex Utility Pants with Knee Pad Pocket,,TRUE,1,615,707.25,591,679.65,,,,,,,,,,,FALSE,FALSE,FALSE,Standard Rate,Standard Rate,,10,,
DW-UTI-KPN-42-BLK,Dromex Utility Pants with Knee Pad Pocket,,TRUE,1,615,707.25,591,679.65,,,,,,,,,,,FALSE,FALSE,FALSE,Standard Rate,Standard Rate,,10,,
DW-UTI-KPN-44-BLK,Dromex Utility Pants with Knee Pad Pocket,,TRUE,1,615,707.25,591,679.65,,,,,,,,,,,FALSE,FALSE,FALSE,Standard Rate,Standard Rate,,10,,
DW-UTI-KPN-46-BLK,Dromex Utility Pants with Knee Pad Pocket,,TRUE,1,615,707.25,591,679.65,,,,,,,,,,,FALSE,FALSE,FALSE,Standard Rate,Standard Rate,,10,,
DW-UTI-KPN-48-BLK,Dromex Utility Pants with Knee Pad Pocket,,TRUE,1,615,707.25,591,679.65,,,,,,,,,,,FALSE,FALSE,FALSE,Standard Rate,Standard Rate,,10,,
DW-UTI-KPN-50-BLK,Dromex Utility Pants with Knee Pad Pocket,,TRUE,1,615,707.25,591,679.65,,,,,,,,,,,FALSE,FALSE,FALSE,Standard Rate,Standard Rate,,10,,
DW-HYB-RB-S32-32-RYB,Dromex Polycotton Two Piece Hybrid Conti Suits Conti Suit,,TRUE,1,133,152.95,128,147.2,,,,,,,,,,,FALSE,FALSE,FALSE,Standard Rate,Standard Rate,,10,,
DW-HYB-RB-S32-34-RYB,Dromex Polycotton Two Piece Hybrid Conti Suits Conti Suit,,TRUE,1,133,152.95,128,147.2,,,,,,,,,,,FALSE,FALSE,FALSE,Standard Rate,Standard Rate,,10,,
DW-HYB-RB-S32-36-RYB,Dromex Polycotton Two Piece Hybrid Conti Suits Conti Suit,,TRUE,1,133,152.95,128,147.2,,,,,,,,,,,FALSE,FALSE,FALSE,Standard Rate,Standard Rate,,10,,
DW-HYB-RB-S32-38-RYB,Dromex Polycotton Two Piece Hybrid Conti Suits Conti Suit,,TRUE,1,133,152.95,128,147.2,,,,,,,,,,,FALSE,FALSE,FALSE,Standard Rate,Standard Rate,,10,,
DW-HYB-RB-S32-40-RYB,Dromex Polycotton Two Piece Hybrid Conti Suits Conti Suit,,TRUE,1,133,152.95,128,147.2,,,,,,,,,,,FALSE,FALSE,FALSE,Standard Rate,Standard Rate,,10,,
DW-HYB-RB-S32-42-RYB,Dromex Polycotton Two Piece Hybrid Conti Suits Conti Suit,,TRUE,1,133,152.95,128,147.2,,,,,,,,,,,FALSE,FALSE,FALSE,Standard Rate,Standard Rate,,10,,
DW-HYB-RB-S32-44-RYB,Dromex Polycotton Two Piece Hybrid Conti Suits Conti Suit,,TRUE,1,133,152.95,128,147.2,,,,,,,,,,,FALSE,FALSE,FALSE,Standard Rate,Standard Rate,,10,,
DW-HYB-RB-S32-46-RYB,Dromex Polycotton Two Piece Hybrid Conti Suits Conti Suit,,TRUE,1,133,152.95,128,147.2,,,,,,,,,,,FALSE,FALSE,FALSE,Standard Rate,Standard Rate,,10,,
DW-HYB-RB-S32-48-RYB,Dromex Polycotton Two Piece Hybrid Conti Suits Conti Suit,,TRUE,1,133,152.95,128,147.2,,,,,,,,,,,FALSE,FALSE,FALSE,Standard Rate,Standard Rate,,10,,
DW-HYB-RB-S32-50-RYB,Dromex Polycotton Two Piece Hybrid Conti Suits Conti Suit,,TRUE,1,133,152.95,128,147.2,,,,,,,,,,,FALSE,FALSE,FALSE,Standard Rate,Standard Rate,,10,,
DW-HYBRT-RB-S32-32-RYB,Dromex Polycotton Two Piece Hybrid Conti Suits with Reflective Tape,,TRUE,1,150,172.5,144,165.6,,,,,,,,,,,FALSE,FALSE,FALSE,Standard Rate,Standard Rate,,10,,
DW-HYBRT-RB-S32-34-RYB,Dromex Polycotton Two Piece Hybrid Conti Suits with Reflective Tape,,TRUE,1,150,172.5,144,165.6,,,,,,,,,,,FALSE,FALSE,FALSE,Standard Rate,Standard Rate,,10,,
DW-HYBRT-RB-S32-36-RYB,Dromex Polycotton Two Piece Hybrid Conti Suits with Reflective Tape,,TRUE,1,150,172.5,144,165.6,,,,,,,,,,,FALSE,FALSE,FALSE,Standard Rate,Standard Rate,,10,,
DW-HYBRT-RB-S32-38-RYB,Dromex Polycotton Two Piece Hybrid Conti Suits with Reflective Tape,,TRUE,1,150,172.5,144,165.6,,,,,,,,,,,FALSE,FALSE,FALSE,Standard Rate,Standard Rate,,10,,
DW-HYBRT-RB-S32-40-RYB,Dromex Polycotton Two Piece Hybrid Conti Suits with Reflective Tape,,TRUE,1,150,172.5,144,165.6,,,,,,,,,,,FALSE,FALSE,FALSE,Standard Rate,Standard Rate,,10,,
DW-HYBRT-RB-S32-42-RYB,Dromex Polycotton Two Piece Hybrid Conti Suits with Reflective Tape,,TRUE,1,150,172.5,144,165.6,,,,,,,,,,,FALSE,FALSE,FALSE,Standard Rate,Standard Rate,,10,,
DW-HYBRT-RB-S32-44-RYB,Dromex Polycotton Two Piece Hybrid Conti Suits with Reflective Tape,,TRUE,1,150,172.5,144,165.6,,,,,,,,,,,FALSE,FALSE,FALSE,Standard Rate,Standard Rate,,10,,
DW-HYBRT-RB-S32-46-RYB,Dromex Polycotton Two Piece Hybrid Conti Suits with Reflective Tape,,TRUE,1,150,172.5,144,165.6,,,,,,,,,,,FALSE,FALSE,FALSE,Standard Rate,Standard Rate,,10,,
DW-HYBRT-RB-S32-48-RYB,Dromex Polycotton Two Piece Hybrid Conti Suits with Reflective Tape,,TRUE,1,150,172.5,144,165.6,,,,,,,,,,,FALSE,FALSE,FALSE,Standard Rate,Standard Rate,,10,,
DW-HYBRT-RB-S32-50-RYB,Dromex Polycotton Two Piece Hybrid Conti Suits with Reflective Tape,,TRUE,1,150,172.5,144,165.6,,,,,,,,,,,FALSE,FALSE,FALSE,Standard Rate,Standard Rate,,10,,
DW-HACCP-J-30,Dromex 65/35 Polycotton HACCP Compliant Conti Jacket,,TRUE,1,157.3,180.895,151.25,173.94,,,,,,,,,,,FALSE,FALSE,FALSE,Standard Rate,Standard Rate,,10,,
DW-HACCP-J-32,Dromex 65/35 Polycotton HACCP Compliant Conti Jacket,,TRUE,1,157.3,180.895,151.25,173.94,,,,,,,,,,,FALSE,FALSE,FALSE,Standard Rate,Standard Rate,,10,,
DW-HACCP-J-34,Dromex 65/35 Polycotton HACCP Compliant Conti Jacket,,TRUE,1,157.3,180.895,151.25,173.94,,,,,,,,,,,FALSE,FALSE,FALSE,Standard Rate,Standard Rate,,10,,
DW-HACCP-J-36,Dromex 65/35 Polycotton HACCP Compliant Conti Jacket,,TRUE,1,157.3,180.895,151.25,173.94,,,,,,,,,,,FALSE,FALSE,FALSE,Standard Rate,Standard Rate,,10,,
DW-HACCP-J-38,Dromex 65/35 Polycotton HACCP Compliant Conti Jacket,,TRUE,1,157.3,180.895,151.25,173.94,,,,,,,,,,,FALSE,FALSE,FALSE,Standard Rate,Standard Rate,,10,,
DW-HACCP-J-40,Dromex 65/35 Polycotton HACCP Compliant Conti Jacket,,TRUE,1,157.3,180.895,151.25,173.94,,,,,,,,,,,FALSE,FALSE,FALSE,Standard Rate,Standard Rate,,10,,
DW-HACCP-J-42,Dromex 65/35 Polycotton HACCP Compliant Conti Jacket,,TRUE,1,157.3,180.895,151.25,173.94,,,,,,,,,,,FALSE,FALSE,FALSE,Standard Rate,Standard Rate,,10,,
DW-HACCP-J-44,Dromex 65/35 Polycotton HACCP Compliant Conti Jacket,,TRUE,1,157.3,180.895,151.25,173.94,,,,,,,,,,,FALSE,FALSE,FALSE,Standard Rate,Standard Rate,,10,,
DW-HACCP-J-46,Dromex 65/35 Polycotton HACCP Compliant Conti Jacket,,TRUE,1,157.3,180.895,151.25,173.94,,,,,,,,,,,FALSE,FALSE,FALSE,Standard Rate,Standard Rate,,10,,
DW-HACCP-J-48,Dromex 65/35 Polycotton HACCP Compliant Conti Jacket,,TRUE,1,157.3,180.895,151.25,173.94,,,,,,,,,,,FALSE,FALSE,FALSE,Standard Rate,Standard Rate,,10,,
DW-HACCP-J-50,Dromex 65/35 Polycotton HACCP Compliant Conti Jacket,,TRUE,1,157.3,180.895,151.25,173.94,,,,,,,,,,,FALSE,FALSE,FALSE,Standard Rate,Standard Rate,,10,,
DW-HACCP-J-52,Dromex 65/35 Polycotton HACCP Compliant Conti Jacket,,TRUE,1,157.3,180.895,151.25,173.94,,,,,,,,,,,FALSE,FALSE,FALSE,Standard Rate,Standard Rate,,10,,
DW-HACCP-J-54,Dromex 65/35 Polycotton HACCP Compliant Conti Jacket,,TRUE,1,157.3,180.895,151.25,173.94,,,,,,,,,,,FALSE,FALSE,FALSE,Standard Rate,Standard Rate,,10,,
DW-HACCP-J-56,Dromex 65/35 Polycotton HACCP Compliant Conti Jacket,,TRUE,1,157.3,180.895,151.25,173.94,,,,,,,,,,,FALSE,FALSE,FALSE,Standard Rate,Standard Rate,,10,,
DW-HACCP-J-58,Dromex 65/35 Polycotton HACCP Compliant Conti Jacket,,TRUE,1,157.3,180.895,151.25,173.94,,,,,,,,,,,FALSE,FALSE,FALSE,Standard Rate,Standard Rate,,10,,
DW-HACCP-J-60,Dromex 65/35 Polycotton HACCP Compliant Conti Jacket,,TRUE,1,157.3,180.895,151.25,173.94,,,,,,,,,,,FALSE,FALSE,FALSE,Standard Rate,Standard Rate,,10,,
DW-HACCP-P-26,Dromex 65/35 Polycotton HACCP Compliant Pants Conti Pants,,TRUE,1,157.3,180.895,151.25,173.94,,,,,,,,,,,FALSE,FALSE,FALSE,Standard Rate,Standard Rate,,10,,
DW-HACCP-P-28,Dromex 65/35 Polycotton HACCP Compliant Pants Conti Pants,,TRUE,1,157.3,180.895,151.25,173.94,,,,,,,,,,,FALSE,FALSE,FALSE,Standard Rate,Standard Rate,,10,,
DW-HACCP-P-30,Dromex 65/35 Polycotton HACCP Compliant Pants Conti Pants,,TRUE,1,157.3,180.895,151.25,173.94,,,,,,,,,,,FALSE,FALSE,FALSE,Standard Rate,Standard Rate,,10,,
DW-HACCP-P-32,Dromex 65/35 Polycotton HACCP Compliant Pants Conti Pants,,TRUE,1,157.3,180.895,151.25,173.94,,,,,,,,,,,FALSE,FALSE,FALSE,Standard Rate,Standard Rate,,10,,
DW-HACCP-P-34,Dromex 65/35 Polycotton HACCP Compliant Pants Conti Pants,,TRUE,1,157.3,180.895,151.25,173.94,,,,,,,,,,,FALSE,FALSE,FALSE,Standard Rate,Standard Rate,,10,,
DW-HACCP-P-36,Dromex 65/35 Polycotton HACCP Compliant Pants Conti Pants,,TRUE,1,157.3,180.895,151.25,173.94,,,,,,,,,,,FALSE,FALSE,FALSE,Standard Rate,Standard Rate,,10,,
DW-HACCP-P-38,Dromex 65/35 Polycotton HACCP Compliant Pants Conti Pants,,TRUE,1,157.3,180.895,151.25,173.94,,,,,,,,,,,FALSE,FALSE,FALSE,Standard Rate,Standard Rate,,10,,
DW-HACCP-P-40,Dromex 65/35 Polycotton HACCP Compliant Pants Conti Pants,,TRUE,1,157.3,180.895,151.25,173.94,,,,,,,,,,,FALSE,FALSE,FALSE,Standard Rate,Standard Rate,,10,,
DW-HACCP-P-42,Dromex 65/35 Polycotton HACCP Compliant Pants Conti Pants,,TRUE,1,157.3,180.895,151.25,173.94,,,,,,,,,,,FALSE,FALSE,FALSE,Standard Rate,Standard Rate,,10,,
DW-HACCP-P-44,Dromex 65/35 Polycotton HACCP Compliant Pants Conti Pants,,TRUE,1,157.3,180.895,151.25,173.94,,,,,,,,,,,FALSE,FALSE,FALSE,Standard Rate,Standard Rate,,10,,
DW-HACCP-P-46,Dromex 65/35 Polycotton HACCP Compliant Pants Conti Pants,,TRUE,1,157.3,180.895,151.25,173.94,,,,,,,,,,,FALSE,FALSE,FALSE,Standard Rate,Standard Rate,,10,,
DW-HACCP-P-48,Dromex 65/35 Polycotton HACCP Compliant Pants Conti Pants,,TRUE,1,157.3,180.895,151.25,173.94,,,,,,,,,,,FALSE,FALSE,FALSE,Standard Rate,Standard Rate,,10,,
DW-HACCP-P-50,Dromex 65/35 Polycotton HACCP Compliant Pants Conti Pants,,TRUE,1,157.3,180.895,151.25,173.94,,,,,,,,,,,FALSE,FALSE,FALSE,Standard Rate,Standard Rate,,10,,
DW-HACCP-P-52,Dromex 65/35 Polycotton HACCP Compliant Pants Conti Pants,,TRUE,1,157.3,180.895,151.25,173.94,,,,,,,,,,,FALSE,FALSE,FALSE,Standard Rate,Standard Rate,,10,,
DW-HACCP-P-54,Dromex 65/35 Polycotton HACCP Compliant Pants Conti Pants,,TRUE,1,157.3,180.895,151.25,173.94,,,,,,,,,,,FALSE,FALSE,FALSE,Standard Rate,Standard Rate,,10,,
DW-HACCP-P-56,Dromex 65/35 Polycotton HACCP Compliant Pants Conti Pants,,TRUE,1,157.3,180.895,151.25,173.94,,,,,,,,,,,FALSE,FALSE,FALSE,Standard Rate,Standard Rate,,10,,
DW-HACCP-DC-XS,Dromex HACCP Compliant Dust Coats,,TRUE,1,265,304.75,254,292.1,,,,,,,,,,,FALSE,FALSE,FALSE,Standard Rate,Standard Rate,,10,,
DW-HACCP-DC-S,Dromex HACCP Compliant Dust Coats,,TRUE,1,265,304.75,254,292.1,,,,,,,,,,,FALSE,FALSE,FALSE,Standard Rate,Standard Rate,,10,,
DW-HACCP-DC-M,Dromex HACCP Compliant Dust Coats,,TRUE,1,265,304.75,254,292.1,,,,,,,,,,,FALSE,FALSE,FALSE,Standard Rate,Standard Rate,,10,,
DW-HACCP-DC-L,Dromex HACCP Compliant Dust Coats,,TRUE,1,265,304.75,254,292.1,,,,,,,,,,,FALSE,FALSE,FALSE,Standard Rate,Standard Rate,,10,,
DW-HACCP-DC-XL,Dromex HACCP Compliant Dust Coats,,TRUE,1,264.55,304.2325,254.375,292.53,,,,,,,,,,,FALSE,FALSE,FALSE,Standard Rate,Standard Rate,,10,,
DW-HACCP-DC-2XL,Dromex HACCP Compliant Dust Coats,,TRUE,1,264.55,304.2325,254.375,292.53,,,,,,,,,,,FALSE,FALSE,FALSE,Standard Rate,Standard Rate,,10,,
DW-HACCP-DC-3XL,Dromex HACCP Compliant Dust Coats,,TRUE,1,264.55,304.2325,254.375,292.53,,,,,,,,,,,FALSE,FALSE,FALSE,Standard Rate,Standard Rate,,10,,
DW-CONTIRB-S30-30,Dromex Polycotton Two Piece Conti Suits Royal Conti Suit,,TRUE,1,167,192.05,161,185.15,,,,,,,,,,,FALSE,FALSE,FALSE,Standard Rate,Standard Rate,,10,,
DW-CONTIRB-S30-32,Dromex Polycotton Two Piece Conti Suits Royal Conti Suit,,TRUE,1,167,192.05,161,185.15,,,,,,,,,,,FALSE,FALSE,FALSE,Standard Rate,Standard Rate,,10,,
DW-CONTIRB-S30-34,Dromex Polycotton Two Piece Conti Suits Royal Conti Suit,,TRUE,1,167,192.05,161,185.15,,,,,,,,,,,FALSE,FALSE,FALSE,Standard Rate,Standard Rate,,10,,
DW-CONTIRB-S30-36,Dromex Polycotton Two Piece Conti Suits Royal Conti Suit,,TRUE,1,167,192.05,161,185.15,,,,,,,,,,,FALSE,FALSE,FALSE,Standard Rate,Standard Rate,,10,,
DW-CONTIRB-S30-38,Dromex Polycotton Two Piece Conti Suits Royal Conti Suit,,TRUE,1,167,192.05,161,185.15,,,,,,,,,,,FALSE,FALSE,FALSE,Standard Rate,Standard Rate,,10,,
DW-CONTIRB-S30-40,Dromex Polycotton Two Piece Conti Suits Royal Conti Suit,,TRUE,1,167,192.05,161,185.15,,,,,,,,,,,FALSE,FALSE,FALSE,Standard Rate,Standard Rate,,10,,
DW-CONTIRB-S30-42,Dromex Polycotton Two Piece Conti Suits Royal Conti Suit,,TRUE,1,167,192.05,161,185.15,,,,,,,,,,,FALSE,FALSE,FALSE,Standard Rate,Standard Rate,,10,,
DW-CONTIRB-S30-44,Dromex Polycotton Two Piece Conti Suits Royal Conti Suit,,TRUE,1,167,192.05,161,185.15,,,,,,,,,,,FALSE,FALSE,FALSE,Standard Rate,Standard Rate,,10,,
DW-CONTIRB-S30-46,Dromex Polycotton Two Piece Conti Suits Royal Conti Suit,,TRUE,1,167,192.05,161,185.15,,,,,,,,,,,FALSE,FALSE,FALSE,Standard Rate,Standard Rate,,10,,
DW-CONTIRB-S30-48,Dromex Polycotton Two Piece Conti Suits Royal Conti Suit,,TRUE,1,167,192.05,161,185.15,,,,,,,,,,,FALSE,FALSE,FALSE,Standard Rate,Standard Rate,,10,,
DW-CONTIRB-S30-50,Dromex Polycotton Two Piece Conti Suits Royal Conti Suit,,TRUE,1,167,192.05,161,185.15,,,,,,,,,,,FALSE,FALSE,FALSE,Standard Rate,Standard Rate,,10,,
DW-CONTIRB-S30-52,Dromex Polycotton Two Piece Conti Suits Royal Conti Suit,,TRUE,1,167,192.05,161,185.15,,,,,,,,,,,FALSE,FALSE,FALSE,Standard Rate,Standard Rate,,10,,
DW-CONTIRB-S30-54,Dromex Polycotton Two Piece Conti Suits Royal Conti Suit,,TRUE,1,167,192.05,161,185.15,,,,,,,,,,,FALSE,FALSE,FALSE,Standard Rate,Standard Rate,,10,,
DW-CONTIRB-S30-56,Dromex Polycotton Two Piece Conti Suits Royal Conti Suit,,TRUE,1,167,192.05,161,185.15,,,,,,,,,,,FALSE,FALSE,FALSE,Standard Rate,Standard Rate,,10,,
DW-CONTIRB-S30-58,Dromex Polycotton Two Piece Conti Suits Royal Conti Suit,,TRUE,1,167,192.05,161,185.15,,,,,,,,,,,FALSE,FALSE,FALSE,Standard Rate,Standard Rate,,10,,
DW-CONTIRB-S30-60,Dromex Polycotton Two Piece Conti Suits Royal Conti Suit,,TRUE,1,167,192.05,161,185.15,,,,,,,,,,,FALSE,FALSE,FALSE,Standard Rate,Standard Rate,,10,,
DW-CONTIRB-S30-62,Dromex Polycotton Two Piece Conti Suits Royal Conti Suit,,TRUE,1,167,192.05,161,185.15,,,,,,,,,,,FALSE,FALSE,FALSE,Standard Rate,Standard Rate,,10,,
DW-CONTIRB-S30-64,Dromex Polycotton Two Piece Conti Suits Royal Conti Suit,,TRUE,1,167,192.05,161,185.15,,,,,,,,,,,FALSE,FALSE,FALSE,Standard Rate,Standard Rate,,10,,
DW-CONTIXX-S30-30,Dromex Polycotton Two Piece Conti Suits,,TRUE,1,167,192.05,161,185.15,,,,,,,,,,,FALSE,FALSE,FALSE,Standard Rate,Standard Rate,,10,,
DW-CONTIXX-S30-32,Dromex Polycotton Two Piece Conti Suits,,TRUE,1,167,192.05,161,185.15,,,,,,,,,,,FALSE,FALSE,FALSE,Standard Rate,Standard Rate,,10,,
DW-CONTIXX-S30-34,Dromex Polycotton Two Piece Conti Suits,,TRUE,1,167,192.05,161,185.15,,,,,,,,,,,FALSE,FALSE,FALSE,Standard Rate,Standard Rate,,10,,
DW-CONTIXX-S30-36,Dromex Polycotton Two Piece Conti Suits,,TRUE,1,167,192.05,161,185.15,,,,,,,,,,,FALSE,FALSE,FALSE,Standard Rate,Standard Rate,,10,,
DW-CONTIXX-S30-38,Dromex Polycotton Two Piece Conti Suits,,TRUE,1,167,192.05,161,185.15,,,,,,,,,,,FALSE,FALSE,FALSE,Standard Rate,Standard Rate,,10,,
DW-CONTIXX-S30-40,Dromex Polycotton Two Piece Conti Suits,,TRUE,1,167,192.05,161,185.15,,,,,,,,,,,FALSE,FALSE,FALSE,Standard Rate,Standard Rate,,10,,
DW-CONTIXX-S30-42,Dromex Polycotton Two Piece Conti Suits,,TRUE,1,167,192.05,161,185.15,,,,,,,,,,,FALSE,FALSE,FALSE,Standard Rate,Standard Rate,,10,,
DW-CONTIXX-S30-44,Dromex Polycotton Two Piece Conti Suits,,TRUE,1,167,192.05,161,185.15,,,,,,,,,,,FALSE,FALSE,FALSE,Standard Rate,Standard Rate,,10,,
DW-CONTIXX-S30-46,Dromex Polycotton Two Piece Conti Suits,,TRUE,1,167,192.05,161,185.15,,,,,,,,,,,FALSE,FALSE,FALSE,Standard Rate,Standard Rate,,10,,
DW-CONTIXX-S30-48,Dromex Polycotton Two Piece Conti Suits,,TRUE,1,167,192.05,161,185.15,,,,,,,,,,,FALSE,FALSE,FALSE,Standard Rate,Standard Rate,,10,,
DW-CONTIXX-S30-50,Dromex Polycotton Two Piece Conti Suits,,TRUE,1,167,192.05,161,185.15,,,,,,,,,,,FALSE,FALSE,FALSE,Standard Rate,Standard Rate,,10,,
DW-CONTIXX-S30-52,Dromex Polycotton Two Piece Conti Suits,,TRUE,1,167,192.05,161,185.15,,,,,,,,,,,FALSE,FALSE,FALSE,Standard Rate,Standard Rate,,10,,
DW-CONTIXX-S30-54,Dromex Polycotton Two Piece Conti Suits,,TRUE,1,167,192.05,161,185.15,,,,,,,,,,,FALSE,FALSE,FALSE,Standard Rate,Standard Rate,,10,,
DW-CONTIXX-S30-56,Dromex Polycotton Two Piece Conti Suits,,TRUE,1,167,192.05,161,185.15,,,,,,,,,,,FALSE,FALSE,FALSE,Standard Rate,Standard Rate,,10,,
DW-CONTIXX-S30-58,Dromex Polycotton Two Piece Conti Suits,,TRUE,1,167,192.05,161,185.15,,,,,,,,,,,FALSE,FALSE,FALSE,Standard Rate,Standard Rate,,10,,
DW-CONTIXX-S30-60,Dromex Polycotton Two Piece Conti Suits,,TRUE,1,167,192.05,161,185.15,,,,,,,,,,,FALSE,FALSE,FALSE,Standard Rate,Standard Rate,,10,,
DW-CONTIXX-S30-62,Dromex Polycotton Two Piece Conti Suits,,TRUE,1,167,192.05,161,185.15,,,,,,,,,,,FALSE,FALSE,FALSE,Standard Rate,Standard Rate,,10,,
DW-CONTIXX-S30-64,Dromex Polycotton Two Piece Conti Suits,,TRUE,1,167,192.05,161,185.15,,,,,,,,,,,FALSE,FALSE,FALSE,Standard Rate,Standard Rate,,10,,
DW-CONTI-RT-S30-30-RYB,Dromex Polycotton Two Piece Conti Suits with Reflective,,TRUE,1,187,215.05,180,207,,,,,,,,,,,FALSE,FALSE,FALSE,Standard Rate,Standard Rate,,10,,
DW-CONTI-RT-S30-32-RYB,Dromex Polycotton Two Piece Conti Suits with Reflective,,TRUE,1,187,215.05,180,207,,,,,,,,,,,FALSE,FALSE,FALSE,Standard Rate,Standard Rate,,10,,
DW-CONTI-RT-S30-34-RYB,Dromex Polycotton Two Piece Conti Suits with Reflective,,TRUE,1,187,215.05,180,207,,,,,,,,,,,FALSE,FALSE,FALSE,Standard Rate,Standard Rate,,10,,
DW-CONTI-RT-S30-36-RYB,Dromex Polycotton Two Piece Conti Suits with Reflective,,TRUE,1,187,215.05,180,207,,,,,,,,,,,FALSE,FALSE,FALSE,Standard Rate,Standard Rate,,10,,
DW-CONTI-RT-S30-38-RYB,Dromex Polycotton Two Piece Conti Suits with Reflective,,TRUE,1,187,215.05,180,207,,,,,,,,,,,FALSE,FALSE,FALSE,Standard Rate,Standard Rate,,10,,
DW-CONTI-RT-S30-40-RYB,Dromex Polycotton Two Piece Conti Suits with Reflective,,TRUE,1,187,215.05,180,207,,,,,,,,,,,FALSE,FALSE,FALSE,Standard Rate,Standard Rate,,10,,
DW-CONTI-RT-S30-42-RYB,Dromex Polycotton Two Piece Conti Suits with Reflective,,TRUE,1,187,215.05,180,207,,,,,,,,,,,FALSE,FALSE,FALSE,Standard Rate,Standard Rate,,10,,
DW-CONTI-RT-S30-44-RYB,Dromex Polycotton Two Piece Conti Suits with Reflective,,TRUE,1,187,215.05,180,207,,,,,,,,,,,FALSE,FALSE,FALSE,Standard Rate,Standard Rate,,10,,
DW-CONTI-RT-S30-46-RYB,Dromex Polycotton Two Piece Conti Suits with Reflective,,TRUE,1,187,215.05,180,207,,,,,,,,,,,FALSE,FALSE,FALSE,Standard Rate,Standard Rate,,10,,
DW-CONTI-RT-S30-48-RYB,Dromex Polycotton Two Piece Conti Suits with Reflective,,TRUE,1,187,215.05,180,207,,,,,,,,,,,FALSE,FALSE,FALSE,Standard Rate,Standard Rate,,10,,
DW-CONTI-RT-S30-50-RYB,Dromex Polycotton Two Piece Conti Suits with Reflective,,TRUE,1,187,215.05,180,207,,,,,,,,,,,FALSE,FALSE,FALSE,Standard Rate,Standard Rate,,10,,
DW-CONTI-RT-S30-52-RYB,Dromex Polycotton Two Piece Conti Suits with Reflective,,TRUE,1,187,215.05,180,207,,,,,,,,,,,FALSE,FALSE,FALSE,Standard Rate,Standard Rate,,10,,
DW-CONTI-RT-S30-54-RYB,Dromex Polycotton Two Piece Conti Suits with Reflective,,TRUE,1,187,215.05,180,207,,,,,,,,,,,FALSE,FALSE,FALSE,Standard Rate,Standard Rate,,10,,
DW-CONTI-RT-S30-56-RYB,Dromex Polycotton Two Piece Conti Suits with Reflective,,TRUE,1,187,215.05,180,207,,,,,,,,,,,FALSE,FALSE,FALSE,Standard Rate,Standard Rate,,10,,
DW-CONTI-RT-S30-58-RYB,Dromex Polycotton Two Piece Conti Suits with Reflective,,TRUE,1,187,215.05,180,207,,,,,,,,,,,FALSE,FALSE,FALSE,Standard Rate,Standard Rate,,10,,
DW-CONTI-RT-S30-60-RYB,Dromex Polycotton Two Piece Conti Suits with Reflective,,TRUE,1,187,215.05,180,207,,,,,,,,,,,FALSE,FALSE,FALSE,Standard Rate,Standard Rate,,10,,
DW-CONTI-RT-S30-62-RYB,Dromex Polycotton Two Piece Conti Suits with Reflective,,TRUE,1,187,215.05,180,207,,,,,,,,,,,FALSE,FALSE,FALSE,Standard Rate,Standard Rate,,10,,
DW-CONTI-RT-S30-64-RYB,Dromex Polycotton Two Piece Conti Suits with Reflective,,TRUE,1,187,215.05,180,207,,,,,,,,,,,FALSE,FALSE,FALSE,Standard Rate,Standard Rate,,10,,
DW-CONTI-RTXX-S30-30,Dromex Polycotton Two Piece Conti Suits with Reflective,,TRUE,1,187,215.05,180,207,,,,,,,,,,,FALSE,FALSE,FALSE,Standard Rate,Standard Rate,,10,,
DW-CONTI-RTXX-S30-32,Dromex Polycotton Two Piece Conti Suits with Reflective,,TRUE,1,187,215.05,180,207,,,,,,,,,,,FALSE,FALSE,FALSE,Standard Rate,Standard Rate,,10,,
DW-CONTI-RTXX-S30-34,Dromex Polycotton Two Piece Conti Suits with Reflective,,TRUE,1,187,215.05,180,207,,,,,,,,,,,FALSE,FALSE,FALSE,Standard Rate,Standard Rate,,10,,
DW-CONTI-RTXX-S30-36,Dromex Polycotton Two Piece Conti Suits with Reflective,,TRUE,1,187,215.05,180,207,,,,,,,,,,,FALSE,FALSE,FALSE,Standard Rate,Standard Rate,,10,,
DW-CONTI-RTXX-S30-38,Dromex Polycotton Two Piece Conti Suits with Reflective,,TRUE,1,187,215.05,180,207,,,,,,,,,,,FALSE,FALSE,FALSE,Standard Rate,Standard Rate,,10,,
DW-CONTI-RTXX-S30-40,Dromex Polycotton Two Piece Conti Suits with Reflective,,TRUE,1,187,215.05,180,207,,,,,,,,,,,FALSE,FALSE,FALSE,Standard Rate,Standard Rate,,10,,
DW-CONTI-RTXX-S30-42,Dromex Polycotton Two Piece Conti Suits with Reflective,,TRUE,1,187,215.05,180,207,,,,,,,,,,,FALSE,FALSE,FALSE,Standard Rate,Standard Rate,,10,,
DW-CONTI-RTXX-S30-44,Dromex Polycotton Two Piece Conti Suits with Reflective,,TRUE,1,187,215.05,180,207,,,,,,,,,,,FALSE,FALSE,FALSE,Standard Rate,Standard Rate,,10,,
DW-CONTI-RTXX-S30-46,Dromex Polycotton Two Piece Conti Suits with Reflective,,TRUE,1,187,215.05,180,207,,,,,,,,,,,FALSE,FALSE,FALSE,Standard Rate,Standard Rate,,10,,
DW-CONTI-RTXX-S30-48,Dromex Polycotton Two Piece Conti Suits with Reflective,,TRUE,1,187,215.05,180,207,,,,,,,,,,,FALSE,FALSE,FALSE,Standard Rate,Standard Rate,,10,,
DW-CONTI-RTXX-S30-50,Dromex Polycotton Two Piece Conti Suits with Reflective,,TRUE,1,187,215.05,180,207,,,,,,,,,,,FALSE,FALSE,FALSE,Standard Rate,Standard Rate,,10,,
DW-CONTI-RTXX-S30-52,Dromex Polycotton Two Piece Conti Suits with Reflective,,TRUE,1,187,215.05,180,207,,,,,,,,,,,FALSE,FALSE,FALSE,Standard Rate,Standard Rate,,10,,
DW-CONTI-RTXX-S30-54,Dromex Polycotton Two Piece Conti Suits with Reflective,,TRUE,1,187,215.05,180,207,,,,,,,,,,,FALSE,FALSE,FALSE,Standard Rate,Standard Rate,,10,,
DW-CONTI-RTXX-S30-56,Dromex Polycotton Two Piece Conti Suits with Reflective,,TRUE,1,187,215.05,180,207,,,,,,,,,,,FALSE,FALSE,FALSE,Standard Rate,Standard Rate,,10,,
DW-CONTI-RTXX-S30-58,Dromex Polycotton Two Piece Conti Suits with Reflective,,TRUE,1,187,215.05,180,207,,,,,,,,,,,FALSE,FALSE,FALSE,Standard Rate,Standard Rate,,10,,
DW-CONTI-RTXX-S30-60,Dromex Polycotton Two Piece Conti Suits with Reflective,,TRUE,1,187,215.05,180,207,,,,,,,,,,,FALSE,FALSE,FALSE,Standard Rate,Standard Rate,,10,,
DW-CONTI-RTXX-S30-62,Dromex Polycotton Two Piece Conti Suits with Reflective,,TRUE,1,187,215.05,180,207,,,,,,,,,,,FALSE,FALSE,FALSE,Standard Rate,Standard Rate,,10,,
DW-CONTI-RTXX-S30-64,Dromex Polycotton Two Piece Conti Suits with Reflective,,TRUE,1,187,215.05,180,207,,,,,,,,,,,FALSE,FALSE,FALSE,Standard Rate,Standard Rate,,10,,
DW-MAXIMUS-S30-30,Dromex Polycotton Two Piece Premium Conti Suits Premium Polycotton Cont,,TRUE,1,215,247.25,206,236.9,,,,,,,,,,,FALSE,FALSE,FALSE,Standard Rate,Standard Rate,,10,,
DW-MAXIMUS-S30-32,Dromex Polycotton Two Piece Premium Conti Suits Premium Polycotton Cont,,TRUE,1,215,247.25,206,236.9,,,,,,,,,,,FALSE,FALSE,FALSE,Standard Rate,Standard Rate,,10,,
DW-MAXIMUS-S30-34,Dromex Polycotton Two Piece Premium Conti Suits Premium Polycotton Cont,,TRUE,1,215,247.25,206,236.9,,,,,,,,,,,FALSE,FALSE,FALSE,Standard Rate,Standard Rate,,10,,
DW-MAXIMUS-S30-36,Dromex Polycotton Two Piece Premium Conti Suits Premium Polycotton Cont,,TRUE,1,215,247.25,206,236.9,,,,,,,,,,,FALSE,FALSE,FALSE,Standard Rate,Standard Rate,,10,,
DW-MAXIMUS-S30-38,Dromex Polycotton Two Piece Premium Conti Suits Premium Polycotton Cont,,TRUE,1,215,247.25,206,236.9,,,,,,,,,,,FALSE,FALSE,FALSE,Standard Rate,Standard Rate,,10,,
DW-MAXIMUS-S30-40,Dromex Polycotton Two Piece Premium Conti Suits Premium Polycotton Cont,,TRUE,1,215,247.25,206,236.9,,,,,,,,,,,FALSE,FALSE,FALSE,Standard Rate,Standard Rate,,10,,
DW-MAXIMUS-S30-42,Dromex Polycotton Two Piece Premium Conti Suits Premium Polycotton Cont,,TRUE,1,215,247.25,206,236.9,,,,,,,,,,,FALSE,FALSE,FALSE,Standard Rate,Standard Rate,,10,,
DW-MAXIMUS-S30-44,Dromex Polycotton Two Piece Premium Conti Suits Premium Polycotton Cont,,TRUE,1,214.5,246.675,206.25,237.19,,,,,,,,,,,FALSE,FALSE,FALSE,Standard Rate,Standard Rate,,10,,
DW-MAXIMUS-S30-46,Dromex Polycotton Two Piece Premium Conti Suits Premium Polycotton Cont,,TRUE,1,215,247.25,206,236.9,,,,,,,,,,,FALSE,FALSE,FALSE,Standard Rate,Standard Rate,,10,,
DW-MAXIMUS-S30-48,Dromex Polycotton Two Piece Premium Conti Suits Premium Polycotton Cont,,TRUE,1,215,247.25,206,236.9,,,,,,,,,,,FALSE,FALSE,FALSE,Standard Rate,Standard Rate,,10,,
DW-MAXIMUS-S30-50,Dromex Polycotton Two Piece Premium Conti Suits Premium Polycotton Cont,,TRUE,1,215,247.25,206,236.9,,,,,,,,,,,FALSE,FALSE,FALSE,Standard Rate,Standard Rate,,10,,
DW-MAXIMUS-S30-52,Dromex Polycotton Two Piece Premium Conti Suits Premium Polycotton Cont,,TRUE,1,215,247.25,206,236.9,,,,,,,,,,,FALSE,FALSE,FALSE,Standard Rate,Standard Rate,,10,,
DW-MAXIMUS-S30-54,Dromex Polycotton Two Piece Premium Conti Suits Premium Polycotton Cont,,TRUE,1,215,247.25,206,236.9,,,,,,,,,,,FALSE,FALSE,FALSE,Standard Rate,Standard Rate,,10,,
DW-MAXIMUS-S30-56,Dromex Polycotton Two Piece Premium Conti Suits Premium Polycotton Cont,,TRUE,1,215,247.25,206,236.9,,,,,,,,,,,FALSE,FALSE,FALSE,Standard Rate,Standard Rate,,10,,
DW-MAXIMUS-S30-58,Dromex Polycotton Two Piece Premium Conti Suits Premium Polycotton Cont,,TRUE,1,215,247.25,206,236.9,,,,,,,,,,,FALSE,FALSE,FALSE,Standard Rate,Standard Rate,,10,,
DW-MAXIMUS-S30-60,Dromex Polycotton Two Piece Premium Conti Suits Premium Polycotton Cont,,TRUE,1,215,247.25,206,236.9,,,,,,,,,,,FALSE,FALSE,FALSE,Standard Rate,Standard Rate,,10,,
DW-ACID-30,Dromex Polycotton Two Piece Acid Resistant Conti Suits,,TRUE,1,203.06,233.519,195.25,224.54,,,,,,,,,,,FALSE,FALSE,FALSE,Standard Rate,Standard Rate,,10,,
DW-ACID-30-32,Dromex Polycotton Two Piece Acid Resistant Conti Suits,,TRUE,1,203.06,233.519,195.25,224.54,,,,,,,,,,,FALSE,FALSE,FALSE,Standard Rate,Standard Rate,,10,,
DW-ACID-30-34,Dromex Polycotton Two Piece Acid Resistant Conti Suits,,TRUE,1,203.06,233.519,195.25,224.54,,,,,,,,,,,FALSE,FALSE,FALSE,Standard Rate,Standard Rate,,10,,
DW-ACID-30-36,Dromex Polycotton Two Piece Acid Resistant Conti Suits,,TRUE,1,203.06,233.519,195.25,224.54,,,,,,,,,,,FALSE,FALSE,FALSE,Standard Rate,Standard Rate,,10,,
DW-ACID-30-38,Dromex Polycotton Two Piece Acid Resistant Conti Suits,,TRUE,1,203.06,233.519,195.25,224.54,,,,,,,,,,,FALSE,FALSE,FALSE,Standard Rate,Standard Rate,,10,,
DW-ACID-30-40,Dromex Polycotton Two Piece Acid Resistant Conti Suits,,TRUE,1,203.06,233.519,195.25,224.54,,,,,,,,,,,FALSE,FALSE,FALSE,Standard Rate,Standard Rate,,10,,
DW-ACID-30-42,Dromex Polycotton Two Piece Acid Resistant Conti Suits,,TRUE,1,203.06,233.519,195.25,224.54,,,,,,,,,,,FALSE,FALSE,FALSE,Standard Rate,Standard Rate,,10,,
DW-ACID-30-44,Dromex Polycotton Two Piece Acid Resistant Conti Suits,,TRUE,1,203.06,233.519,195.25,224.54,,,,,,,,,,,FALSE,FALSE,FALSE,Standard Rate,Standard Rate,,10,,
DW-ACID-30-46,Dromex Polycotton Two Piece Acid Resistant Conti Suits,,TRUE,1,203.06,233.519,195.25,224.54,,,,,,,,,,,FALSE,FALSE,FALSE,Standard Rate,Standard Rate,,10,,
DW-ACID-30-48,Dromex Polycotton Two Piece Acid Resistant Conti Suits,,TRUE,1,203.06,233.519,195.25,224.54,,,,,,,,,,,FALSE,FALSE,FALSE,Standard Rate,Standard Rate,,10,,
DW-ACID-30-50,Dromex Polycotton Two Piece Acid Resistant Conti Suits,,TRUE,1,203.06,233.519,195.25,224.54,,,,,,,,,,,FALSE,FALSE,FALSE,Standard Rate,Standard Rate,,10,,
DW-ACID-30-52,Dromex Polycotton Two Piece Acid Resistant Conti Suits,,TRUE,1,203.06,233.519,195.25,224.54,,,,,,,,,,,FALSE,FALSE,FALSE,Standard Rate,Standard Rate,,10,,
DW-ACID-30-54,Dromex Polycotton Two Piece Acid Resistant Conti Suits,,TRUE,1,203.06,233.519,195.25,224.54,,,,,,,,,,,FALSE,FALSE,FALSE,Standard Rate,Standard Rate,,10,,
DW-ACID-30-56,Dromex Polycotton Two Piece Acid Resistant Conti Suits,,TRUE,1,203.06,233.519,195.25,224.54,,,,,,,,,,,FALSE,FALSE,FALSE,Standard Rate,Standard Rate,,10,,
DW-ACID-30-58,Dromex Polycotton Two Piece Acid Resistant Conti Suits,,TRUE,1,203.06,233.519,195.25,224.54,,,,,,,,,,,FALSE,FALSE,FALSE,Standard Rate,Standard Rate,,10,,
DW-ACID-30-60,Dromex Polycotton Two Piece Acid Resistant Conti Suits,,TRUE,1,203.06,233.519,195.25,224.54,,,,,,,,,,,FALSE,FALSE,FALSE,Standard Rate,Standard Rate,,10,,
DW-ACID-30-62,Dromex Polycotton Two Piece Acid Resistant Conti Suits,,TRUE,1,203.06,233.519,195.25,224.54,,,,,,,,,,,FALSE,FALSE,FALSE,Standard Rate,Standard Rate,,10,,
DW-ACID-30-64,Dromex Polycotton Two Piece Acid Resistant Conti Suits,,TRUE,1,203.06,233.519,195.25,224.54,,,,,,,,,,,FALSE,FALSE,FALSE,Standard Rate,Standard Rate,,10,,
DW-8020XX-DCXS-S,Dromex Poly Cotton 80/20 Dust Coats,,TRUE,1,162,186.3,155,178.25,,,,,,,,,,,FALSE,FALSE,FALSE,Standard Rate,Standard Rate,,10,,
DW-8020XX-DCXS-M,Dromex Poly Cotton 80/20 Dust Coats,,TRUE,1,162,186.3,155,178.25,,,,,,,,,,,FALSE,FALSE,FALSE,Standard Rate,Standard Rate,,10,,
DW-8020XX-DCXS-L,Dromex Poly Cotton 80/20 Dust Coats,,TRUE,1,162,186.3,155,178.25,,,,,,,,,,,FALSE,FALSE,FALSE,Standard Rate,Standard Rate,,10,,
DW-8020XX-DCXS-XL,Dromex Poly Cotton 80/20 Dust Coats,,TRUE,1,162,186.3,155,178.25,,,,,,,,,,,FALSE,FALSE,FALSE,Standard Rate,Standard Rate,,10,,
DW-8020XX-DCXS-2XL,Dromex Poly Cotton 80/20 Dust Coats,,TRUE,1,162,186.3,155,178.25,,,,,,,,,,,FALSE,FALSE,FALSE,Standard Rate,Standard Rate,,10,,
DW-8020XX-DCXS-3XL,Dromex Poly Cotton 80/20 Dust Coats,,TRUE,1,162,186.3,155,178.25,,,,,,,,,,,FALSE,FALSE,FALSE,Standard Rate,Standard Rate,,10,,
DW-HVLSNB-JS-S-N,Dromex 100% Cotton Hi-Visibility Ventilated Long Sleeve Shirts,,TRUE,1,328.9,378.235,316.25,363.69,,,,,,,,,,,FALSE,FALSE,FALSE,Standard Rate,Standard Rate,,10,,
DW-HVLSNB-JS-M-N,Dromex 100% Cotton Hi-Visibility Ventilated Long Sleeve Shirts,,TRUE,1,328.9,378.235,316.25,363.69,,,,,,,,,,,FALSE,FALSE,FALSE,Standard Rate,Standard Rate,,10,,
DW-HVLSNB-JS-L-N,Dromex 100% Cotton Hi-Visibility Ventilated Long Sleeve Shirts,,TRUE,1,328.9,378.235,316.25,363.69,,,,,,,,,,,FALSE,FALSE,FALSE,Standard Rate,Standard Rate,,10,,
DW-HVLSNB-JS-XL-N,Dromex 100% Cotton Hi-Visibility Ventilated Long Sleeve Shirts,,TRUE,1,328.9,378.235,316.25,363.69,,,,,,,,,,,FALSE,FALSE,FALSE,Standard Rate,Standard Rate,,10,,
DW-HVLSNB-JS-2XL-N,Dromex 100% Cotton Hi-Visibility Ventilated Long Sleeve Shirts,,TRUE,1,328.9,378.235,316.25,363.69,,,,,,,,,,,FALSE,FALSE,FALSE,Standard Rate,Standard Rate,,10,,
DW-HVLSNB-JS-3XL-N,Dromex 100% Cotton Hi-Visibility Ventilated Long Sleeve Shirts,,TRUE,1,328.9,378.235,316.25,363.69,,,,,,,,,,,FALSE,FALSE,FALSE,Standard Rate,Standard Rate,,10,,
DW-HVLSNB-JS-4XL-N,Dromex 100% Cotton Hi-Visibility Ventilated Long Sleeve Shirts,,TRUE,1,328.9,378.235,316.25,363.69,,,,,,,,,,,FALSE,FALSE,FALSE,Standard Rate,Standard Rate,,10,,
DW-HVLSNB-JS-5XL-N,Dromex 100% Cotton Hi-Visibility Ventilated Long Sleeve Shirts,,TRUE,1,328.9,378.235,316.25,363.69,,,,,,,,,,,FALSE,FALSE,FALSE,Standard Rate,Standard Rate,,10,,
DW-HVLSORNB-JS-S-ON,Dromex 100% Cotton Hi-Visibility Ventilated Two Tone Long Sleeve Shirts,,TRUE,1,328.9,378.235,316.25,363.69,,,,,,,,,,,FALSE,FALSE,FALSE,Standard Rate,Standard Rate,,10,,
DW-HVLSORNB-JS-M-ON,Dromex 100% Cotton Hi-Visibility Ventilated Two Tone Long Sleeve Shirts,,TRUE,1,328.9,378.235,316.25,363.69,,,,,,,,,,,FALSE,FALSE,FALSE,Standard Rate,Standard Rate,,10,,
DW-HVLSORNB-JS-L-ON,Dromex 100% Cotton Hi-Visibility Ventilated Two Tone Long Sleeve Shirts,,TRUE,1,328.9,378.235,316.25,363.69,,,,,,,,,,,FALSE,FALSE,FALSE,Standard Rate,Standard Rate,,10,,
DW-HVLSORNB-JS-XL-ON,Dromex 100% Cotton Hi-Visibility Ventilated Two Tone Long Sleeve Shirts,,TRUE,1,328.9,378.235,316.25,363.69,,,,,,,,,,,FALSE,FALSE,FALSE,Standard Rate,Standard Rate,,10,,
DW-HVLSORNB-JS-2XL-ON,Dromex 100% Cotton Hi-Visibility Ventilated Two Tone Long Sleeve Shirts,,TRUE,1,328.9,378.235,316.25,363.69,,,,,,,,,,,FALSE,FALSE,FALSE,Standard Rate,Standard Rate,,10,,
DW-HVLSORNB-JS-3XL-ON,Dromex 100% Cotton Hi-Visibility Ventilated Two Tone Long Sleeve Shirts,,TRUE,1,328.9,378.235,316.25,363.69,,,,,,,,,,,FALSE,FALSE,FALSE,Standard Rate,Standard Rate,,10,,
DW-HVLSORNB-JS-4XL-ON,Dromex 100% Cotton Hi-Visibility Ventilated Two Tone Long Sleeve Shirts,,TRUE,1,328.9,378.235,316.25,363.69,,,,,,,,,,,FALSE,FALSE,FALSE,Standard Rate,Standard Rate,,10,,
DW-HVLSORNB-JS-5XL-ON,Dromex 100% Cotton Hi-Visibility Ventilated Two Tone Long Sleeve Shirts,,TRUE,1,328.9,378.235,316.25,363.69,,,,,,,,,,,FALSE,FALSE,FALSE,Standard Rate,Standard Rate,,10,,
DW-HVLSYLNB-JS-S-YN,Dromex 100% Cotton Hi-Visibility Ventilated Two Tone Long Sleeve Shirts,,TRUE,1,328.9,378.235,316.25,363.69,,,,,,,,,,,FALSE,FALSE,FALSE,Standard Rate,Standard Rate,,10,,
DW-HVLSYLNB-JS-M-YN,Dromex 100% Cotton Hi-Visibility Ventilated Two Tone Long Sleeve Shirts,,TRUE,1,328.9,378.235,316.25,363.69,,,,,,,,,,,FALSE,FALSE,FALSE,Standard Rate,Standard Rate,,10,,
DW-HVLSYLNB-JS-L-YN,Dromex 100% Cotton Hi-Visibility Ventilated Two Tone Long Sleeve Shirts,,TRUE,1,328.9,378.235,316.25,363.69,,,,,,,,,,,FALSE,FALSE,FALSE,Standard Rate,Standard Rate,,10,,
DW-HVLSYLNB-JS-XL-YN,Dromex 100% Cotton Hi-Visibility Ventilated Two Tone Long Sleeve Shirts,,TRUE,1,328.9,378.235,316.25,363.69,,,,,,,,,,,FALSE,FALSE,FALSE,Standard Rate,Standard Rate,,10,,
DW-HVLSYLNB-JS-2XL-YN,Dromex 100% Cotton Hi-Visibility Ventilated Two Tone Long Sleeve Shirts,,TRUE,1,328.9,378.235,316.25,363.69,,,,,,,,,,,FALSE,FALSE,FALSE,Standard Rate,Standard Rate,,10,,
DW-HVLSYLNB-JS-3XL-YN,Dromex 100% Cotton Hi-Visibility Ventilated Two Tone Long Sleeve Shirts,,TRUE,1,328.9,378.235,316.25,363.69,,,,,,,,,,,FALSE,FALSE,FALSE,Standard Rate,Standard Rate,,10,,
DW-HVLSYLNB-JS-4XL-YN,Dromex 100% Cotton Hi-Visibility Ventilated Two Tone Long Sleeve Shirts,,TRUE,1,328.9,378.235,316.25,363.69,,,,,,,,,,,FALSE,FALSE,FALSE,Standard Rate,Standard Rate,,10,,
DW-HVLSYLNB-JS-5XL-YN,Dromex 100% Cotton Hi-Visibility Ventilated Two Tone Long Sleeve Shirts,,TRUE,1,328.9,378.235,316.25,363.69,,,,,,,,,,,FALSE,FALSE,FALSE,Standard Rate,Standard Rate,,10,,
DW-HVSSORNB-JS-S-ON,Dromex 100% Cotton Hi-Visibility Ventilated Two Tone Short Sleeve Shirts,,TRUE,1,293.15,337.1225,281.875,324.16,,,,,,,,,,,FALSE,FALSE,FALSE,Standard Rate,Standard Rate,,10,,
DW-HVSSORNB-JS-M-ON,Dromex 100% Cotton Hi-Visibility Ventilated Two Tone Short Sleeve Shirts,,TRUE,1,293.15,337.1225,281.875,324.16,,,,,,,,,,,FALSE,FALSE,FALSE,Standard Rate,Standard Rate,,10,,
DW-HVSSORNB-JS-L-ON,Dromex 100% Cotton Hi-Visibility Ventilated Two Tone Short Sleeve Shirts,,TRUE,1,293.15,337.1225,281.875,324.16,,,,,,,,,,,FALSE,FALSE,FALSE,Standard Rate,Standard Rate,,10,,
DW-HVSSORNB-JS-XL-ON,Dromex 100% Cotton Hi-Visibility Ventilated Two Tone Short Sleeve Shirts,,TRUE,1,293.15,337.1225,281.875,324.16,,,,,,,,,,,FALSE,FALSE,FALSE,Standard Rate,Standard Rate,,10,,
DW-HVSSORNB-JS-2XL-ON,Dromex 100% Cotton Hi-Visibility Ventilated Two Tone Short Sleeve Shirts,,TRUE,1,293.15,337.1225,281.875,324.16,,,,,,,,,,,FALSE,FALSE,FALSE,Standard Rate,Standard Rate,,10,,
DW-HVSSORNB-JS-3XL-ON,Dromex 100% Cotton Hi-Visibility Ventilated Two Tone Short Sleeve Shirts,,TRUE,1,293.15,337.1225,281.875,324.16,,,,,,,,,,,FALSE,FALSE,FALSE,Standard Rate,Standard Rate,,10,,
DW-HVSSORNB-JS-4XL-ON,Dromex 100% Cotton Hi-Visibility Ventilated Two Tone Short Sleeve Shirts,,TRUE,1,293.15,337.1225,281.875,324.16,,,,,,,,,,,FALSE,FALSE,FALSE,Standard Rate,Standard Rate,,10,,
DW-HVSSORNB-JS-5XL-ON,Dromex 100% Cotton Hi-Visibility Ventilated Two Tone Short Sleeve Shirts,,TRUE,1,293.15,337.1225,281.875,324.16,,,,,,,,,,,FALSE,FALSE,FALSE,Standard Rate,Standard Rate,,10,,
DW-HVSSYLNB-JS-S-YN,Dromex 100% Cotton Hi-Visibility Ventilated Two Tone Short Sleeve Shirts,,TRUE,1,293.15,337.1225,281.875,324.16,,,,,,,,,,,FALSE,FALSE,FALSE,Standard Rate,Standard Rate,,10,,
DW-HVSSYLNB-JS-M-YN,Dromex 100% Cotton Hi-Visibility Ventilated Two Tone Short Sleeve Shirts,,TRUE,1,293.15,337.1225,281.875,324.16,,,,,,,,,,,FALSE,FALSE,FALSE,Standard Rate,Standard Rate,,10,,
DW-HVSSYLNB-JS-L-YN,Dromex 100% Cotton Hi-Visibility Ventilated Two Tone Short Sleeve Shirts,,TRUE,1,293.15,337.1225,281.875,324.16,,,,,,,,,,,FALSE,FALSE,FALSE,Standard Rate,Standard Rate,,10,,
DW-HVSSYLNB-JS-XL-YN,Dromex 100% Cotton Hi-Visibility Ventilated Two Tone Short Sleeve Shirts,,TRUE,1,293.15,337.1225,281.875,324.16,,,,,,,,,,,FALSE,FALSE,FALSE,Standard Rate,Standard Rate,,10,,
DW-HVSSYLNB-JS-2XL-YN,Dromex 100% Cotton Hi-Visibility Ventilated Two Tone Short Sleeve Shirts,,TRUE,1,293.15,337.1225,281.875,324.16,,,,,,,,,,,FALSE,FALSE,FALSE,Standard Rate,Standard Rate,,10,,
DW-HVSSYLNB-JS-3XL-YN,Dromex 100% Cotton Hi-Visibility Ventilated Two Tone Short Sleeve Shirts,,TRUE,1,293.15,337.1225,281.875,324.16,,,,,,,,,,,FALSE,FALSE,FALSE,Standard Rate,Standard Rate,,10,,
DW-HVSSYLNB-JS-4XL-YN,Dromex 100% Cotton Hi-Visibility Ventilated Two Tone Short Sleeve Shirts,,TRUE,1,293.15,337.1225,281.875,324.16,,,,,,,,,,,FALSE,FALSE,FALSE,Standard Rate,Standard Rate,,10,,
DW-HVSSYLNB-JS-5XL-YN,Dromex 100% Cotton Hi-Visibility Ventilated Two Tone Short Sleeve Shirts,,TRUE,1,293.15,337.1225,281.875,324.16,,,,,,,,,,,FALSE,FALSE,FALSE,Standard Rate,Standard Rate,,10,,
DW-CARGO-PRT26-26-NVB,Dromex 100% Cotton J54 Cargo Pants with Reflective J54,,TRUE,1,357.5,411.125,343.75,395.31,,,,,,,,,,,FALSE,FALSE,FALSE,Standard Rate,Standard Rate,,10,,
DW-CARGO-PRT26-28-NVB,Dromex 100% Cotton J54 Cargo Pants with Reflective J54,,TRUE,1,357.5,411.125,343.75,395.31,,,,,,,,,,,FALSE,FALSE,FALSE,Standard Rate,Standard Rate,,10,,
DW-CARGO-PRT26-30-NVB,Dromex 100% Cotton J54 Cargo Pants with Reflective J54,,TRUE,1,357.5,411.125,343.75,395.31,,,,,,,,,,,FALSE,FALSE,FALSE,Standard Rate,Standard Rate,,10,,
DW-CARGO-PRT26-32-NVB,Dromex 100% Cotton J54 Cargo Pants with Reflective J54,,TRUE,1,357.5,411.125,343.75,395.31,,,,,,,,,,,FALSE,FALSE,FALSE,Standard Rate,Standard Rate,,10,,
DW-CARGO-PRT26-34-NVB,Dromex 100% Cotton J54 Cargo Pants with Reflective J54,,TRUE,1,357.5,411.125,343.75,395.31,,,,,,,,,,,FALSE,FALSE,FALSE,Standard Rate,Standard Rate,,10,,
DW-CARGO-PRT26-36-NVB,Dromex 100% Cotton J54 Cargo Pants with Reflective J54,,TRUE,1,357.5,411.125,343.75,395.31,,,,,,,,,,,FALSE,FALSE,FALSE,Standard Rate,Standard Rate,,10,,
DW-CARGO-PRT26-38-NVB,Dromex 100% Cotton J54 Cargo Pants with Reflective J54,,TRUE,1,357.5,411.125,343.75,395.31,,,,,,,,,,,FALSE,FALSE,FALSE,Standard Rate,Standard Rate,,10,,
DW-CARGO-PRT26-40-NVB,Dromex 100% Cotton J54 Cargo Pants with Reflective J54,,TRUE,1,357.5,411.125,343.75,395.31,,,,,,,,,,,FALSE,FALSE,FALSE,Standard Rate,Standard Rate,,10,,
DW-CARGO-PRT26-42-NVB,Dromex 100% Cotton J54 Cargo Pants with Reflective J54,,TRUE,1,357.5,411.125,343.75,395.31,,,,,,,,,,,FALSE,FALSE,FALSE,Standard Rate,Standard Rate,,10,,
DW-CARGO-PRT26-44-NVB,Dromex 100% Cotton J54 Cargo Pants with Reflective J54,,TRUE,1,357.5,411.125,343.75,395.31,,,,,,,,,,,FALSE,FALSE,FALSE,Standard Rate,Standard Rate,,10,,
DW-CARGO-PRT26-46-NVB,Dromex 100% Cotton J54 Cargo Pants with Reflective J54,,TRUE,1,357.5,411.125,343.75,395.31,,,,,,,,,,,FALSE,FALSE,FALSE,Standard Rate,Standard Rate,,10,,
DW-CARGO-PRT26-48-NVB,Dromex 100% Cotton J54 Cargo Pants with Reflective J54,,TRUE,1,357.5,411.125,343.75,395.31,,,,,,,,,,,FALSE,FALSE,FALSE,Standard Rate,Standard Rate,,10,,
DW-CARGO-PRT26-50-NVB,Dromex 100% Cotton J54 Cargo Pants with Reflective J54,,TRUE,1,357.5,411.125,343.75,395.31,,,,,,,,,,,FALSE,FALSE,FALSE,Standard Rate,Standard Rate,,10,,
DW-CARGO-PRT26-52-NVB,Dromex 100% Cotton J54 Cargo Pants with Reflective J54,,TRUE,1,357.5,411.125,343.75,395.31,,,,,,,,,,,FALSE,FALSE,FALSE,Standard Rate,Standard Rate,,10,,
DW-DENIMJEAN-28-28-B,Dromex Denim Jean Pants,,TRUE,1,267.41,307.5215,257.125,295.69,,,,,,,,,,,FALSE,FALSE,FALSE,Standard Rate,Standard Rate,,10,,
DW-DENIMJEAN-28-30-B,Dromex Denim Jean Pants,,TRUE,1,267.41,307.5215,257.125,295.69,,,,,,,,,,,FALSE,FALSE,FALSE,Standard Rate,Standard Rate,,10,,
DW-DENIMJEAN-28-32-B,Dromex Denim Jean Pants,,TRUE,1,267.41,307.5215,257.125,295.69,,,,,,,,,,,FALSE,FALSE,FALSE,Standard Rate,Standard Rate,,10,,
DW-DENIMJEAN-28-34-B,Dromex Denim Jean Pants,,TRUE,1,267.41,307.5215,257.125,295.69,,,,,,,,,,,FALSE,FALSE,FALSE,Standard Rate,Standard Rate,,10,,
DW-DENIMJEAN-28-36-B,Dromex Denim Jean Pants,,TRUE,1,267.41,307.5215,257.125,295.69,,,,,,,,,,,FALSE,FALSE,FALSE,Standard Rate,Standard Rate,,10,,
DW-DENIMJEAN-28-38-B,Dromex Denim Jean Pants,,TRUE,1,267.41,307.5215,257.125,295.69,,,,,,,,,,,FALSE,FALSE,FALSE,Standard Rate,Standard Rate,,10,,
DW-DENIMJEAN-28-40-B,Dromex Denim Jean Pants,,TRUE,1,267.41,307.5215,257.125,295.69,,,,,,,,,,,FALSE,FALSE,FALSE,Standard Rate,Standard Rate,,10,,
DW-DENIMJEAN-28-42-B,Dromex Denim Jean Pants,,TRUE,1,267.41,307.5215,257.125,295.69,,,,,,,,,,,FALSE,FALSE,FALSE,Standard Rate,Standard Rate,,10,,
DW-DENIMJEAN-28-44-B,Dromex Denim Jean Pants,,TRUE,1,267.41,307.5215,257.125,295.69,,,,,,,,,,,FALSE,FALSE,FALSE,Standard Rate,Standard Rate,,10,,
DW-DENIMJEAN-28-46-B,Dromex Denim Jean Pants,,TRUE,1,267.41,307.5215,257.125,295.69,,,,,,,,,,,FALSE,FALSE,FALSE,Standard Rate,Standard Rate,,10,,
DW-DENIMJEAN-28-48-B,Dromex Denim Jean Pants,,TRUE,1,267.41,307.5215,257.125,295.69,,,,,,,,,,,FALSE,FALSE,FALSE,Standard Rate,Standard Rate,,10,,
DW-DENIMJEAN-28-50-B,Dromex Denim Jean Pants,,TRUE,1,267.41,307.5215,257.125,295.69,,,,,,,,,,,FALSE,FALSE,FALSE,Standard Rate,Standard Rate,,10,,
DW-DENIM-J30-30-IN,Dromex 100% Cotton 12oz Indigo Denim Conti Jackets - 434 Spec,,TRUE,1,290,333.5,279,320.85,,,,,,,,,,,FALSE,FALSE,FALSE,Standard Rate,Standard Rate,,10,,
DW-DENIM-J30-32-IN,Dromex 100% Cotton 12oz Indigo Denim Conti Jackets - 434 Spec,,TRUE,1,290,333.5,279,320.85,,,,,,,,,,,FALSE,FALSE,FALSE,Standard Rate,Standard Rate,,10,,
DW-DENIM-J30-34-IN,Dromex 100% Cotton 12oz Indigo Denim Conti Jackets - 434 Spec,,TRUE,1,290,333.5,279,320.85,,,,,,,,,,,FALSE,FALSE,FALSE,Standard Rate,Standard Rate,,10,,
DW-DENIM-J30-36-IN,Dromex 100% Cotton 12oz Indigo Denim Conti Jackets - 434 Spec,,TRUE,1,290,333.5,279,320.85,,,,,,,,,,,FALSE,FALSE,FALSE,Standard Rate,Standard Rate,,10,,
DW-DENIM-J30-38-IN,Dromex 100% Cotton 12oz Indigo Denim Conti Jackets - 434 Spec,,TRUE,1,290,333.5,279,320.85,,,,,,,,,,,FALSE,FALSE,FALSE,Standard Rate,Standard Rate,,10,,
DW-DENIM-J30-40-IN,Dromex 100% Cotton 12oz Indigo Denim Conti Jackets - 434 Spec,,TRUE,1,290,333.5,279,320.85,,,,,,,,,,,FALSE,FALSE,FALSE,Standard Rate,Standard Rate,,10,,
DW-DENIM-J30-42-IN,Dromex 100% Cotton 12oz Indigo Denim Conti Jackets - 434 Spec,,TRUE,1,290,333.5,279,320.85,,,,,,,,,,,FALSE,FALSE,FALSE,Standard Rate,Standard Rate,,10,,
DW-DENIM-J30-44-IN,Dromex 100% Cotton 12oz Indigo Denim Conti Jackets - 434 Spec,,TRUE,1,290,333.5,279,320.85,,,,,,,,,,,FALSE,FALSE,FALSE,Standard Rate,Standard Rate,,10,,
DW-DENIM-J30-46-IN,Dromex 100% Cotton 12oz Indigo Denim Conti Jackets - 434 Spec,,TRUE,1,290,333.5,279,320.85,,,,,,,,,,,FALSE,FALSE,FALSE,Standard Rate,Standard Rate,,10,,
DW-DENIM-J30-48-IN,Dromex 100% Cotton 12oz Indigo Denim Conti Jackets - 434 Spec,,TRUE,1,290,333.5,279,320.85,,,,,,,,,,,FALSE,FALSE,FALSE,Standard Rate,Standard Rate,,10,,
DW-DENIM-J30-50-IN,Dromex 100% Cotton 12oz Indigo Denim Conti Jackets - 434 Spec,,TRUE,1,290,333.5,279,320.85,,,,,,,,,,,FALSE,FALSE,FALSE,Standard Rate,Standard Rate,,10,,
DW-DENIM-J30-52-IN,Dromex 100% Cotton 12oz Indigo Denim Conti Jackets - 434 Spec,,TRUE,1,290,333.5,279,320.85,,,,,,,,,,,FALSE,FALSE,FALSE,Standard Rate,Standard Rate,,10,,
DW-DENIM-J30-54-IN,Dromex 100% Cotton 12oz Indigo Denim Conti Jackets - 434 Spec,,TRUE,1,290,333.5,279,320.85,,,,,,,,,,,FALSE,FALSE,FALSE,Standard Rate,Standard Rate,,10,,
DW-DENIM-J30-56-IN,Dromex 100% Cotton 12oz Indigo Denim Conti Jackets - 434 Spec,,TRUE,1,290,333.5,279,320.85,,,,,,,,,,,FALSE,FALSE,FALSE,Standard Rate,Standard Rate,,10,,
DW-DENIM-J30-58-IN,Dromex 100% Cotton 12oz Indigo Denim Conti Jackets - 434 Spec,,TRUE,1,290,333.5,279,320.85,,,,,,,,,,,FALSE,FALSE,FALSE,Standard Rate,Standard Rate,,10,,
DW-DENIM-J30-60-IN,Dromex 100% Cotton 12oz Indigo Denim Conti Jackets - 434 Spec,,TRUE,1,290,333.5,279,320.85,,,,,,,,,,,FALSE,FALSE,FALSE,Standard Rate,Standard Rate,,10,,
DW-DENIM-J30-62-IN,Dromex 100% Cotton 12oz Indigo Denim Conti Jackets - 434 Spec,,TRUE,1,290,333.5,279,320.85,,,,,,,,,,,FALSE,FALSE,FALSE,Standard Rate,Standard Rate,,10,,
DW-DENIM-J30-64-IN,Dromex 100% Cotton 12oz Indigo Denim Conti Jackets - 434 Spec,,TRUE,1,290,333.5,279,320.85,,,,,,,,,,,FALSE,FALSE,FALSE,Standard Rate,Standard Rate,,10,,
DW-DENIM-P26-26-IN,Dromex 100% Cotton 12oz Indigo Denim Conti Pants - 434 Spec,,TRUE,1,246,282.9,237,272.55,,,,,,,,,,,FALSE,FALSE,FALSE,Standard Rate,Standard Rate,,10,,
DW-DENIM-P26-28-IN,Dromex 100% Cotton 12oz Indigo Denim Conti Pants - 434 Spec,,TRUE,1,246,282.9,237,272.55,,,,,,,,,,,FALSE,FALSE,FALSE,Standard Rate,Standard Rate,,10,,
DW-DENIM-P26-30-IN,Dromex 100% Cotton 12oz Indigo Denim Conti Pants - 434 Spec,,TRUE,1,246,282.9,237,272.55,,,,,,,,,,,FALSE,FALSE,FALSE,Standard Rate,Standard Rate,,10,,
DW-DENIM-P26-32-IN,Dromex 100% Cotton 12oz Indigo Denim Conti Pants - 434 Spec,,TRUE,1,246,282.9,237,272.55,,,,,,,,,,,FALSE,FALSE,FALSE,Standard Rate,Standard Rate,,10,,
DW-DENIM-P26-34-IN,Dromex 100% Cotton 12oz Indigo Denim Conti Pants - 434 Spec,,TRUE,1,246,282.9,237,272.55,,,,,,,,,,,FALSE,FALSE,FALSE,Standard Rate,Standard Rate,,10,,
DW-DENIM-P26-36-IN,Dromex 100% Cotton 12oz Indigo Denim Conti Pants - 434 Spec,,TRUE,1,246,282.9,237,272.55,,,,,,,,,,,FALSE,FALSE,FALSE,Standard Rate,Standard Rate,,10,,
DW-DENIM-P26-38-IN,Dromex 100% Cotton 12oz Indigo Denim Conti Pants - 434 Spec,,TRUE,1,246,282.9,237,272.55,,,,,,,,,,,FALSE,FALSE,FALSE,Standard Rate,Standard Rate,,10,,
DW-DENIM-P26-40-IN,Dromex 100% Cotton 12oz Indigo Denim Conti Pants - 434 Spec,,TRUE,1,246,282.9,237,272.55,,,,,,,,,,,FALSE,FALSE,FALSE,Standard Rate,Standard Rate,,10,,
DW-DENIM-P26-42-IN,Dromex 100% Cotton 12oz Indigo Denim Conti Pants - 434 Spec,,TRUE,1,246,282.9,237,272.55,,,,,,,,,,,FALSE,FALSE,FALSE,Standard Rate,Standard Rate,,10,,
DW-DENIM-P26-44-IN,Dromex 100% Cotton 12oz Indigo Denim Conti Pants - 434 Spec,,TRUE,1,246,282.9,237,272.55,,,,,,,,,,,FALSE,FALSE,FALSE,Standard Rate,Standard Rate,,10,,
DW-DENIM-P26-46-IN,Dromex 100% Cotton 12oz Indigo Denim Conti Pants - 434 Spec,,TRUE,1,246,282.9,237,272.55,,,,,,,,,,,FALSE,FALSE,FALSE,Standard Rate,Standard Rate,,10,,
DW-DENIM-P26-48-IN,Dromex 100% Cotton 12oz Indigo Denim Conti Pants - 434 Spec,,TRUE,1,246,282.9,237,272.55,,,,,,,,,,,FALSE,FALSE,FALSE,Standard Rate,Standard Rate,,10,,
DW-DENIM-P26-50-IN,Dromex 100% Cotton 12oz Indigo Denim Conti Pants - 434 Spec,,TRUE,1,246,282.9,237,272.55,,,,,,,,,,,FALSE,FALSE,FALSE,Standard Rate,Standard Rate,,10,,
DW-DENIM-P26-52-IN,Dromex 100% Cotton 12oz Indigo Denim Conti Pants - 434 Spec,,TRUE,1,246,282.9,237,272.55,,,,,,,,,,,FALSE,FALSE,FALSE,Standard Rate,Standard Rate,,10,,
DW-DENIM-P26-54-IN,Dromex 100% Cotton 12oz Indigo Denim Conti Pants - 434 Spec,,TRUE,1,246,282.9,237,272.55,,,,,,,,,,,FALSE,FALSE,FALSE,Standard Rate,Standard Rate,,10,,
DW-DENIM-P26-56-IN,Dromex 100% Cotton 12oz Indigo Denim Conti Pants - 434 Spec,,TRUE,1,246,282.9,237,272.55,,,,,,,,,,,FALSE,FALSE,FALSE,Standard Rate,Standard Rate,,10,,
DW-DENIM-P26-58-IN,Dromex 100% Cotton 12oz Indigo Denim Conti Pants - 434 Spec,,TRUE,1,246,282.9,237,272.55,,,,,,,,,,,FALSE,FALSE,FALSE,Standard Rate,Standard Rate,,10,,
DW-DENIM-P26-60-IN,Dromex 100% Cotton 12oz Indigo Denim Conti Pants - 434 Spec,,TRUE,1,246,282.9,237,272.55,,,,,,,,,,,FALSE,FALSE,FALSE,Standard Rate,Standard Rate,,10,,
DW-DENIM-P26-62-IN,Dromex 100% Cotton 12oz Indigo Denim Conti Pants - 434 Spec,,TRUE,1,246,282.9,237,272.55,,,,,,,,,,,FALSE,FALSE,FALSE,Standard Rate,Standard Rate,,10,,
DW-DENIM-P26-64-IN,Dromex 100% Cotton 12oz Indigo Denim Conti Pants - 434 Spec,,TRUE,1,246,282.9,237,272.55,,,,,,,,,,,FALSE,FALSE,FALSE,Standard Rate,Standard Rate,,10,,
DW-6535XX-J30-30,"Dromex 65/35 Polycotton SANS 434 Fit Conti Jacket 235gsm 6535 Polycotton, SANS 434 Fit",,TRUE,1,210,241.5,202,232.3,,,,,,,,,,,FALSE,FALSE,FALSE,Standard Rate,Standard Rate,,10,,
DW-6535XX-J30-32,"Dromex 65/35 Polycotton SANS 434 Fit Conti Jacket 235gsm 6535 Polycotton, SANS 434 Fit",,TRUE,1,210,241.5,202,232.3,,,,,,,,,,,FALSE,FALSE,FALSE,Standard Rate,Standard Rate,,10,,
DW-6535XX-J30-34,"Dromex 65/35 Polycotton SANS 434 Fit Conti Jacket 235gsm 6535 Polycotton, SANS 434 Fit",,TRUE,1,210,241.5,202,232.3,,,,,,,,,,,FALSE,FALSE,FALSE,Standard Rate,Standard Rate,,10,,
DW-6535XX-J30-36,"Dromex 65/35 Polycotton SANS 434 Fit Conti Jacket 235gsm 6535 Polycotton, SANS 434 Fit",,TRUE,1,210,241.5,202,232.3,,,,,,,,,,,FALSE,FALSE,FALSE,Standard Rate,Standard Rate,,10,,
DW-6535XX-J30-38,"Dromex 65/35 Polycotton SANS 434 Fit Conti Jacket 235gsm 6535 Polycotton, SANS 434 Fit",,TRUE,1,210,241.5,202,232.3,,,,,,,,,,,FALSE,FALSE,FALSE,Standard Rate,Standard Rate,,10,,
DW-6535XX-J30-40,"Dromex 65/35 Polycotton SANS 434 Fit Conti Jacket 235gsm 6535 Polycotton, SANS 434 Fit",,TRUE,1,210,241.5,202,232.3,,,,,,,,,,,FALSE,FALSE,FALSE,Standard Rate,Standard Rate,,10,,
DW-6535XX-J30-42,"Dromex 65/35 Polycotton SANS 434 Fit Conti Jacket 235gsm 6535 Polycotton, SANS 434 Fit",,TRUE,1,210,241.5,202,232.3,,,,,,,,,,,FALSE,FALSE,FALSE,Standard Rate,Standard Rate,,10,,
DW-6535XX-J30-44,"Dromex 65/35 Polycotton SANS 434 Fit Conti Jacket 235gsm 6535 Polycotton, SANS 434 Fit",,TRUE,1,210,241.5,202,232.3,,,,,,,,,,,FALSE,FALSE,FALSE,Standard Rate,Standard Rate,,10,,
DW-6535XX-J30-46,"Dromex 65/35 Polycotton SANS 434 Fit Conti Jacket 235gsm 6535 Polycotton, SANS 434 Fit",,TRUE,1,210,241.5,202,232.3,,,,,,,,,,,FALSE,FALSE,FALSE,Standard Rate,Standard Rate,,10,,
DW-6535XX-J30-48,"Dromex 65/35 Polycotton SANS 434 Fit Conti Jacket 235gsm 6535 Polycotton, SANS 434 Fit",,TRUE,1,210,241.5,202,232.3,,,,,,,,,,,FALSE,FALSE,FALSE,Standard Rate,Standard Rate,,10,,
DW-6535XX-J30-50,"Dromex 65/35 Polycotton SANS 434 Fit Conti Jacket 235gsm 6535 Polycotton, SANS 434 Fit",,TRUE,1,210,241.5,202,232.3,,,,,,,,,,,FALSE,FALSE,FALSE,Standard Rate,Standard Rate,,10,,
DW-6535XX-J30-52,"Dromex 65/35 Polycotton SANS 434 Fit Conti Jacket 235gsm 6535 Polycotton, SANS 434 Fit",,TRUE,1,210,241.5,202,232.3,,,,,,,,,,,FALSE,FALSE,FALSE,Standard Rate,Standard Rate,,10,,
DW-6535XX-J30-54,"Dromex 65/35 Polycotton SANS 434 Fit Conti Jacket 235gsm 6535 Polycotton, SANS 434 Fit",,TRUE,1,210,241.5,202,232.3,,,,,,,,,,,FALSE,FALSE,FALSE,Standard Rate,Standard Rate,,10,,
DW-6535XX-J30-56,"Dromex 65/35 Polycotton SANS 434 Fit Conti Jacket 235gsm 6535 Polycotton, SANS 434 Fit",,TRUE,1,210,241.5,202,232.3,,,,,,,,,,,FALSE,FALSE,FALSE,Standard Rate,Standard Rate,,10,,
DW-6535XX-J30-58,"Dromex 65/35 Polycotton SANS 434 Fit Conti Jacket 235gsm 6535 Polycotton, SANS 434 Fit",,TRUE,1,210,241.5,202,232.3,,,,,,,,,,,FALSE,FALSE,FALSE,Standard Rate,Standard Rate,,10,,
DW-6535XX-J30-60,"Dromex 65/35 Polycotton SANS 434 Fit Conti Jacket 235gsm 6535 Polycotton, SANS 434 Fit",,TRUE,1,210,241.5,202,232.3,,,,,,,,,,,FALSE,FALSE,FALSE,Standard Rate,Standard Rate,,10,,
DW-6535XX-P26-26,"Dromex 65/35 Polycotton SANS 434 Fit Conti Pants 235gsm 6535 Polycotton, SANS 434 Fit",,TRUE,1,196,225.4,188,216.2,,,,,,,,,,,FALSE,FALSE,FALSE,Standard Rate,Standard Rate,,10,,
DW-6535XX-P26-28,"Dromex 65/35 Polycotton SANS 434 Fit Conti Pants 235gsm 6535 Polycotton, SANS 434 Fit",,TRUE,1,196,225.4,188,216.2,,,,,,,,,,,FALSE,FALSE,FALSE,Standard Rate,Standard Rate,,10,,
DW-6535XX-P26-30,"Dromex 65/35 Polycotton SANS 434 Fit Conti Pants 235gsm 6535 Polycotton, SANS 434 Fit",,TRUE,1,196,225.4,188,216.2,,,,,,,,,,,FALSE,FALSE,FALSE,Standard Rate,Standard Rate,,10,,
DW-6535XX-P26-32,"Dromex 65/35 Polycotton SANS 434 Fit Conti Pants 235gsm 6535 Polycotton, SANS 434 Fit",,TRUE,1,196,225.4,188,216.2,,,,,,,,,,,FALSE,FALSE,FALSE,Standard Rate,Standard Rate,,10,,
DW-6535XX-P26-34,"Dromex 65/35 Polycotton SANS 434 Fit Conti Pants 235gsm 6535 Polycotton, SANS 434 Fit",,TRUE,1,196,225.4,188,216.2,,,,,,,,,,,FALSE,FALSE,FALSE,Standard Rate,Standard Rate,,10,,
DW-6535XX-P26-36,"Dromex 65/35 Polycotton SANS 434 Fit Conti Pants 235gsm 6535 Polycotton, SANS 434 Fit",,TRUE,1,196,225.4,188,216.2,,,,,,,,,,,FALSE,FALSE,FALSE,Standard Rate,Standard Rate,,10,,
DW-6535XX-P26-38,"Dromex 65/35 Polycotton SANS 434 Fit Conti Pants 235gsm 6535 Polycotton, SANS 434 Fit",,TRUE,1,196,225.4,188,216.2,,,,,,,,,,,FALSE,FALSE,FALSE,Standard Rate,Standard Rate,,10,,
DW-6535XX-P26-40,"Dromex 65/35 Polycotton SANS 434 Fit Conti Pants 235gsm 6535 Polycotton, SANS 434 Fit",,TRUE,1,196,225.4,188,216.2,,,,,,,,,,,FALSE,FALSE,FALSE,Standard Rate,Standard Rate,,10,,
DW-6535XX-P26-42,"Dromex 65/35 Polycotton SANS 434 Fit Conti Pants 235gsm 6535 Polycotton, SANS 434 Fit",,TRUE,1,196,225.4,188,216.2,,,,,,,,,,,FALSE,FALSE,FALSE,Standard Rate,Standard Rate,,10,,
DW-6535XX-P26-44,"Dromex 65/35 Polycotton SANS 434 Fit Conti Pants 235gsm 6535 Polycotton, SANS 434 Fit",,TRUE,1,196,225.4,188,216.2,,,,,,,,,,,FALSE,FALSE,FALSE,Standard Rate,Standard Rate,,10,,
DW-6535XX-P26-46,"Dromex 65/35 Polycotton SANS 434 Fit Conti Pants 235gsm 6535 Polycotton, SANS 434 Fit",,TRUE,1,196,225.4,188,216.2,,,,,,,,,,,FALSE,FALSE,FALSE,Standard Rate,Standard Rate,,10,,
DW-6535XX-P26-48,"Dromex 65/35 Polycotton SANS 434 Fit Conti Pants 235gsm 6535 Polycotton, SANS 434 Fit",,TRUE,1,196,225.4,188,216.2,,,,,,,,,,,FALSE,FALSE,FALSE,Standard Rate,Standard Rate,,10,,
DW-6535XX-P26-50,"Dromex 65/35 Polycotton SANS 434 Fit Conti Pants 235gsm 6535 Polycotton, SANS 434 Fit",,TRUE,1,196,225.4,188,216.2,,,,,,,,,,,FALSE,FALSE,FALSE,Standard Rate,Standard Rate,,10,,
DW-6535XX-P26-52,"Dromex 65/35 Polycotton SANS 434 Fit Conti Pants 235gsm 6535 Polycotton, SANS 434 Fit",,TRUE,1,196,225.4,188,216.2,,,,,,,,,,,FALSE,FALSE,FALSE,Standard Rate,Standard Rate,,10,,
DW-6535XX-P26-54,"Dromex 65/35 Polycotton SANS 434 Fit Conti Pants 235gsm 6535 Polycotton, SANS 434 Fit",,TRUE,1,196,225.4,188,216.2,,,,,,,,,,,FALSE,FALSE,FALSE,Standard Rate,Standard Rate,,10,,
DW-6535XX-P26-56,"Dromex 65/35 Polycotton SANS 434 Fit Conti Pants 235gsm 6535 Polycotton, SANS 434 Fit",,TRUE,1,196,225.4,188,216.2,,,,,,,,,,,FALSE,FALSE,FALSE,Standard Rate,Standard Rate,,10,,
DW-6535XX-2TJ30-26,"Dromex 65/35 Polycotton SANS 434 Fit Conti Jacket 235gsm Two Tone 6535, SANS 434",,TRUE,1,222,255.3,213,244.95,,,,,,,,,,,FALSE,FALSE,FALSE,Standard Rate,Standard Rate,,10,,
DW-6535XX-2TJ30-28,"Dromex 65/35 Polycotton SANS 434 Fit Conti Jacket 235gsm Two Tone 6535, SANS 434",,TRUE,1,222,255.3,213,244.95,,,,,,,,,,,FALSE,FALSE,FALSE,Standard Rate,Standard Rate,,10,,
DW-6535XX-2TJ30-30,"Dromex 65/35 Polycotton SANS 434 Fit Conti Jacket 235gsm Two Tone 6535, SANS 434",,TRUE,1,222,255.3,213,244.95,,,,,,,,,,,FALSE,FALSE,FALSE,Standard Rate,Standard Rate,,10,,
DW-6535XX-2TJ30-32,"Dromex 65/35 Polycotton SANS 434 Fit Conti Jacket 235gsm Two Tone 6535, SANS 434",,TRUE,1,222,255.3,213,244.95,,,,,,,,,,,FALSE,FALSE,FALSE,Standard Rate,Standard Rate,,10,,
DW-6535XX-2TJ30-34,"Dromex 65/35 Polycotton SANS 434 Fit Conti Jacket 235gsm Two Tone 6535, SANS 434",,TRUE,1,222,255.3,213,244.95,,,,,,,,,,,FALSE,FALSE,FALSE,Standard Rate,Standard Rate,,10,,
DW-6535XX-2TJ30-36,"Dromex 65/35 Polycotton SANS 434 Fit Conti Jacket 235gsm Two Tone 6535, SANS 434",,TRUE,1,222,255.3,213,244.95,,,,,,,,,,,FALSE,FALSE,FALSE,Standard Rate,Standard Rate,,10,,
DW-6535XX-2TJ30-38,"Dromex 65/35 Polycotton SANS 434 Fit Conti Jacket 235gsm Two Tone 6535, SANS 434",,TRUE,1,222,255.3,213,244.95,,,,,,,,,,,FALSE,FALSE,FALSE,Standard Rate,Standard Rate,,10,,
DW-6535XX-2TJ30-40,"Dromex 65/35 Polycotton SANS 434 Fit Conti Jacket 235gsm Two Tone 6535, SANS 434",,TRUE,1,222,255.3,213,244.95,,,,,,,,,,,FALSE,FALSE,FALSE,Standard Rate,Standard Rate,,10,,
DW-6535XX-2TJ30-42,"Dromex 65/35 Polycotton SANS 434 Fit Conti Jacket 235gsm Two Tone 6535, SANS 434",,TRUE,1,222,255.3,213,244.95,,,,,,,,,,,FALSE,FALSE,FALSE,Standard Rate,Standard Rate,,10,,
DW-6535XX-2TJ30-44,"Dromex 65/35 Polycotton SANS 434 Fit Conti Jacket 235gsm Two Tone 6535, SANS 434",,TRUE,1,222,255.3,213,244.95,,,,,,,,,,,FALSE,FALSE,FALSE,Standard Rate,Standard Rate,,10,,
DW-6535XX-2TJ30-46,"Dromex 65/35 Polycotton SANS 434 Fit Conti Jacket 235gsm Two Tone 6535, SANS 434",,TRUE,1,222,255.3,213,244.95,,,,,,,,,,,FALSE,FALSE,FALSE,Standard Rate,Standard Rate,,10,,
DW-6535XX-2TJ30-48,"Dromex 65/35 Polycotton SANS 434 Fit Conti Jacket 235gsm Two Tone 6535, SANS 434",,TRUE,1,222,255.3,213,244.95,,,,,,,,,,,FALSE,FALSE,FALSE,Standard Rate,Standard Rate,,10,,
DW-6535XX-2TJ30-50,"Dromex 65/35 Polycotton SANS 434 Fit Conti Jacket 235gsm Two Tone 6535, SANS 434",,TRUE,1,222,255.3,213,244.95,,,,,,,,,,,FALSE,FALSE,FALSE,Standard Rate,Standard Rate,,10,,
DW-6535XX-2TJ30-52,"Dromex 65/35 Polycotton SANS 434 Fit Conti Jacket 235gsm Two Tone 6535, SANS 434",,TRUE,1,222,255.3,213,244.95,,,,,,,,,,,FALSE,FALSE,FALSE,Standard Rate,Standard Rate,,10,,
DW-6535XX-2TJ30-54,"Dromex 65/35 Polycotton SANS 434 Fit Conti Jacket 235gsm Two Tone 6535, SANS 434",,TRUE,1,222,255.3,213,244.95,,,,,,,,,,,FALSE,FALSE,FALSE,Standard Rate,Standard Rate,,10,,
DW-6535XX-2TJ30-56,"Dromex 65/35 Polycotton SANS 434 Fit Conti Jacket 235gsm Two Tone 6535, SANS 434",,TRUE,1,222,255.3,213,244.95,,,,,,,,,,,FALSE,FALSE,FALSE,Standard Rate,Standard Rate,,10,,
DW-6535XX-2TJ30-58,"Dromex 65/35 Polycotton SANS 434 Fit Conti Jacket 235gsm Two Tone 6535, SANS 434",,TRUE,1,222,255.3,213,244.95,,,,,,,,,,,FALSE,FALSE,FALSE,Standard Rate,Standard Rate,,10,,
DW-6535XX-2TJ30-60,"Dromex 65/35 Polycotton SANS 434 Fit Conti Jacket 235gsm Two Tone 6535, SANS 434",,TRUE,1,222,255.3,213,244.95,,,,,,,,,,,FALSE,FALSE,FALSE,Standard Rate,Standard Rate,,10,,
DW-6535RBRT-J30-30-RYB,"Dromex 65/35 Polycotton SANS 434 Fit Conti Jacket 235gsm with Reflective 6535 Polycotton, SANS 434",,TRUE,1,236,271.4,227,261.05,,,,,,,,,,,FALSE,FALSE,FALSE,Standard Rate,Standard Rate,,10,,
DW-6535RBRT-J30-32-RYB,"Dromex 65/35 Polycotton SANS 434 Fit Conti Jacket 235gsm with Reflective 6535 Polycotton, SANS 434",,TRUE,1,236,271.4,227,261.05,,,,,,,,,,,FALSE,FALSE,FALSE,Standard Rate,Standard Rate,,10,,
DW-6535RBRT-J30-34-RYB,"Dromex 65/35 Polycotton SANS 434 Fit Conti Jacket 235gsm with Reflective 6535 Polycotton, SANS 434",,TRUE,1,236,271.4,227,261.05,,,,,,,,,,,FALSE,FALSE,FALSE,Standard Rate,Standard Rate,,10,,
DW-6535RBRT-J30-36-RYB,"Dromex 65/35 Polycotton SANS 434 Fit Conti Jacket 235gsm with Reflective 6535 Polycotton, SANS 434",,TRUE,1,236,271.4,227,261.05,,,,,,,,,,,FALSE,FALSE,FALSE,Standard Rate,Standard Rate,,10,,
DW-6535RBRT-J30-38-RYB,"Dromex 65/35 Polycotton SANS 434 Fit Conti Jacket 235gsm with Reflective 6535 Polycotton, SANS 434",,TRUE,1,236,271.4,227,261.05,,,,,,,,,,,FALSE,FALSE,FALSE,Standard Rate,Standard Rate,,10,,
DW-6535RBRT-J30-40-RYB,"Dromex 65/35 Polycotton SANS 434 Fit Conti Jacket 235gsm with Reflective 6535 Polycotton, SANS 434",,TRUE,1,236,271.4,227,261.05,,,,,,,,,,,FALSE,FALSE,FALSE,Standard Rate,Standard Rate,,10,,
DW-6535RBRT-J30-42-RYB,"Dromex 65/35 Polycotton SANS 434 Fit Conti Jacket 235gsm with Reflective 6535 Polycotton, SANS 434",,TRUE,1,236,271.4,227,261.05,,,,,,,,,,,FALSE,FALSE,FALSE,Standard Rate,Standard Rate,,10,,
DW-6535RBRT-J30-44-RYB,"Dromex 65/35 Polycotton SANS 434 Fit Conti Jacket 235gsm with Reflective 6535 Polycotton, SANS 434",,TRUE,1,236,271.4,227,261.05,,,,,,,,,,,FALSE,FALSE,FALSE,Standard Rate,Standard Rate,,10,,
DW-6535RBRT-J30-46-RYB,"Dromex 65/35 Polycotton SANS 434 Fit Conti Jacket 235gsm with Reflective 6535 Polycotton, SANS 434",,TRUE,1,236,271.4,227,261.05,,,,,,,,,,,FALSE,FALSE,FALSE,Standard Rate,Standard Rate,,10,,
DW-6535RBRT-J30-48-RYB,"Dromex 65/35 Polycotton SANS 434 Fit Conti Jacket 235gsm with Reflective 6535 Polycotton, SANS 434",,TRUE,1,236,271.4,227,261.05,,,,,,,,,,,FALSE,FALSE,FALSE,Standard Rate,Standard Rate,,10,,
DW-6535RBRT-J30-50-RYB,"Dromex 65/35 Polycotton SANS 434 Fit Conti Jacket 235gsm with Reflective 6535 Polycotton, SANS 434",,TRUE,1,236,271.4,227,261.05,,,,,,,,,,,FALSE,FALSE,FALSE,Standard Rate,Standard Rate,,10,,
DW-6535RBRT-J30-52-RYB,"Dromex 65/35 Polycotton SANS 434 Fit Conti Jacket 235gsm with Reflective 6535 Polycotton, SANS 434",,TRUE,1,236,271.4,227,261.05,,,,,,,,,,,FALSE,FALSE,FALSE,Standard Rate,Standard Rate,,10,,
DW-6535RBRT-J30-54-RYB,"Dromex 65/35 Polycotton SANS 434 Fit Conti Jacket 235gsm with Reflective 6535 Polycotton, SANS 434",,TRUE,1,236,271.4,227,261.05,,,,,,,,,,,FALSE,FALSE,FALSE,Standard Rate,Standard Rate,,10,,
DW-6535RBRT-J30-56-RYB,"Dromex 65/35 Polycotton SANS 434 Fit Conti Jacket 235gsm with Reflective 6535 Polycotton, SANS 434",,TRUE,1,236,271.4,227,261.05,,,,,,,,,,,FALSE,FALSE,FALSE,Standard Rate,Standard Rate,,10,,
DW-6535RBRT-J30-58-RYB,"Dromex 65/35 Polycotton SANS 434 Fit Conti Jacket 235gsm with Reflective 6535 Polycotton, SANS 434",,TRUE,1,236,271.4,227,261.05,,,,,,,,,,,FALSE,FALSE,FALSE,Standard Rate,Standard Rate,,10,,
DW-6535RBRT-J30-60-RYB,"Dromex 65/35 Polycotton SANS 434 Fit Conti Jacket 235gsm with Reflective 6535 Polycotton, SANS 434",,TRUE,1,236,271.4,227,261.05,,,,,,,,,,,FALSE,FALSE,FALSE,Standard Rate,Standard Rate,,10,,
DW-6535RBRT-P26-26-RYB,"Dromex 65/35 Polycotton SANS 434 Fit Conti Pants 235gsm with Reflective Polycotton, SANS 434 Fit",,TRUE,1,215,247.25,206,236.9,,,,,,,,,,,FALSE,FALSE,FALSE,Standard Rate,Standard Rate,,10,,
DW-6535RBRT-P26-28-RYB,"Dromex 65/35 Polycotton SANS 434 Fit Conti Pants 235gsm with Reflective Polycotton, SANS 434 Fit",,TRUE,1,215,247.25,206,236.9,,,,,,,,,,,FALSE,FALSE,FALSE,Standard Rate,Standard Rate,,10,,
DW-6535RBRT-P26-30-RYB,"Dromex 65/35 Polycotton SANS 434 Fit Conti Pants 235gsm with Reflective Polycotton, SANS 434 Fit",,TRUE,1,215,247.25,206,236.9,,,,,,,,,,,FALSE,FALSE,FALSE,Standard Rate,Standard Rate,,10,,
DW-6535RBRT-P26-32-RYB,"Dromex 65/35 Polycotton SANS 434 Fit Conti Pants 235gsm with Reflective Polycotton, SANS 434 Fit",,TRUE,1,215,247.25,206,236.9,,,,,,,,,,,FALSE,FALSE,FALSE,Standard Rate,Standard Rate,,10,,
DW-6535RBRT-P26-34-RYB,"Dromex 65/35 Polycotton SANS 434 Fit Conti Pants 235gsm with Reflective Polycotton, SANS 434 Fit",,TRUE,1,215,247.25,206,236.9,,,,,,,,,,,FALSE,FALSE,FALSE,Standard Rate,Standard Rate,,10,,
DW-6535RBRT-P26-36-RYB,"Dromex 65/35 Polycotton SANS 434 Fit Conti Pants 235gsm with Reflective Polycotton, SANS 434 Fit",,TRUE,1,215,247.25,206,236.9,,,,,,,,,,,FALSE,FALSE,FALSE,Standard Rate,Standard Rate,,10,,
DW-6535RBRT-P26-38-RYB,"Dromex 65/35 Polycotton SANS 434 Fit Conti Pants 235gsm with Reflective Polycotton, SANS 434 Fit",,TRUE,1,215,247.25,206,236.9,,,,,,,,,,,FALSE,FALSE,FALSE,Standard Rate,Standard Rate,,10,,
DW-6535RBRT-P26-40-RYB,"Dromex 65/35 Polycotton SANS 434 Fit Conti Pants 235gsm with Reflective Polycotton, SANS 434 Fit",,TRUE,1,215,247.25,206,236.9,,,,,,,,,,,FALSE,FALSE,FALSE,Standard Rate,Standard Rate,,10,,
DW-6535RBRT-P26-42-RYB,"Dromex 65/35 Polycotton SANS 434 Fit Conti Pants 235gsm with Reflective Polycotton, SANS 434 Fit",,TRUE,1,215,247.25,206,236.9,,,,,,,,,,,FALSE,FALSE,FALSE,Standard Rate,Standard Rate,,10,,
DW-6535RBRT-P26-44-RYB,"Dromex 65/35 Polycotton SANS 434 Fit Conti Pants 235gsm with Reflective Polycotton, SANS 434 Fit",,TRUE,1,215,247.25,206,236.9,,,,,,,,,,,FALSE,FALSE,FALSE,Standard Rate,Standard Rate,,10,,
DW-6535RBRT-P26-46-RYB,"Dromex 65/35 Polycotton SANS 434 Fit Conti Pants 235gsm with Reflective Polycotton, SANS 434 Fit",,TRUE,1,215,247.25,206,236.9,,,,,,,,,,,FALSE,FALSE,FALSE,Standard Rate,Standard Rate,,10,,
DW-6535RBRT-P26-48-RYB,"Dromex 65/35 Polycotton SANS 434 Fit Conti Pants 235gsm with Reflective Polycotton, SANS 434 Fit",,TRUE,1,215,247.25,206,236.9,,,,,,,,,,,FALSE,FALSE,FALSE,Standard Rate,Standard Rate,,10,,
DW-6535RBRT-P26-50-RYB,"Dromex 65/35 Polycotton SANS 434 Fit Conti Pants 235gsm with Reflective Polycotton, SANS 434 Fit",,TRUE,1,215,247.25,206,236.9,,,,,,,,,,,FALSE,FALSE,FALSE,Standard Rate,Standard Rate,,10,,
DW-6535RBRT-P26-52-RYB,"Dromex 65/35 Polycotton SANS 434 Fit Conti Pants 235gsm with Reflective Polycotton, SANS 434 Fit",,TRUE,1,215,247.25,206,236.9,,,,,,,,,,,FALSE,FALSE,FALSE,Standard Rate,Standard Rate,,10,,
DW-6535RBRT-P26-54-RYB,"Dromex 65/35 Polycotton SANS 434 Fit Conti Pants 235gsm with Reflective Polycotton, SANS 434 Fit",,TRUE,1,215,247.25,206,236.9,,,,,,,,,,,FALSE,FALSE,FALSE,Standard Rate,Standard Rate,,10,,
DW-6535RBRT-P26-56-RYB,"Dromex 65/35 Polycotton SANS 434 Fit Conti Pants 235gsm with Reflective Polycotton, SANS 434 Fit",,TRUE,1,215,247.25,206,236.9,,,,,,,,,,,FALSE,FALSE,FALSE,Standard Rate,Standard Rate,,10,,
DW-J54XX-J30-30,Dromex J54 100% Cotton Executive Fit Conti Jackets,,TRUE,1,190,218.5,183,210.45,,,,,,,,,,,FALSE,FALSE,FALSE,Standard Rate,Standard Rate,,10,,
DW-J54XX-J30-32,Dromex J54 100% Cotton Executive Fit Conti Jackets,,TRUE,1,190,218.5,183,210.45,,,,,,,,,,,FALSE,FALSE,FALSE,Standard Rate,Standard Rate,,10,,
DW-J54XX-J30-34,Dromex J54 100% Cotton Executive Fit Conti Jackets,,TRUE,1,190,218.5,183,210.45,,,,,,,,,,,FALSE,FALSE,FALSE,Standard Rate,Standard Rate,,10,,
DW-J54XX-J30-36,Dromex J54 100% Cotton Executive Fit Conti Jackets,,TRUE,1,190,218.5,183,210.45,,,,,,,,,,,FALSE,FALSE,FALSE,Standard Rate,Standard Rate,,10,,
DW-J54XX-J30-38,Dromex J54 100% Cotton Executive Fit Conti Jackets,,TRUE,1,190,218.5,183,210.45,,,,,,,,,,,FALSE,FALSE,FALSE,Standard Rate,Standard Rate,,10,,
DW-J54XX-J30-40,Dromex J54 100% Cotton Executive Fit Conti Jackets,,TRUE,1,190,218.5,183,210.45,,,,,,,,,,,FALSE,FALSE,FALSE,Standard Rate,Standard Rate,,10,,
DW-J54XX-J30-42,Dromex J54 100% Cotton Executive Fit Conti Jackets,,TRUE,1,190,218.5,183,210.45,,,,,,,,,,,FALSE,FALSE,FALSE,Standard Rate,Standard Rate,,10,,
DW-J54XX-J30-44,Dromex J54 100% Cotton Executive Fit Conti Jackets,,TRUE,1,190,218.5,183,210.45,,,,,,,,,,,FALSE,FALSE,FALSE,Standard Rate,Standard Rate,,10,,
DW-J54XX-J30-46,Dromex J54 100% Cotton Executive Fit Conti Jackets,,TRUE,1,190,218.5,183,210.45,,,,,,,,,,,FALSE,FALSE,FALSE,Standard Rate,Standard Rate,,10,,
DW-J54XX-J30-48,Dromex J54 100% Cotton Executive Fit Conti Jackets,,TRUE,1,190,218.5,183,210.45,,,,,,,,,,,FALSE,FALSE,FALSE,Standard Rate,Standard Rate,,10,,
DW-J54XX-J30-50,Dromex J54 100% Cotton Executive Fit Conti Jackets,,TRUE,1,190,218.5,183,210.45,,,,,,,,,,,FALSE,FALSE,FALSE,Standard Rate,Standard Rate,,10,,
DW-J54XX-J30-52,Dromex J54 100% Cotton Executive Fit Conti Jackets,,TRUE,1,190,218.5,183,210.45,,,,,,,,,,,FALSE,FALSE,FALSE,Standard Rate,Standard Rate,,10,,
DW-J54XX-J30-54,Dromex J54 100% Cotton Executive Fit Conti Jackets,,TRUE,1,190,218.5,183,210.45,,,,,,,,,,,FALSE,FALSE,FALSE,Standard Rate,Standard Rate,,10,,
DW-J54XX-J30-56,Dromex J54 100% Cotton Executive Fit Conti Jackets,,TRUE,1,190,218.5,183,210.45,,,,,,,,,,,FALSE,FALSE,FALSE,Standard Rate,Standard Rate,,10,,
DW-J54XX-J30-58,Dromex J54 100% Cotton Executive Fit Conti Jackets,,TRUE,1,190,218.5,183,210.45,,,,,,,,,,,FALSE,FALSE,FALSE,Standard Rate,Standard Rate,,10,,
DW-J54XX-J30-60,Dromex J54 100% Cotton Executive Fit Conti Jackets,,TRUE,1,190,218.5,183,210.45,,,,,,,,,,,FALSE,FALSE,FALSE,Standard Rate,Standard Rate,,10,,
DW-J54XX-J30-62,Dromex J54 100% Cotton Executive Fit Conti Jackets,,TRUE,1,190,218.5,183,210.45,,,,,,,,,,,FALSE,FALSE,FALSE,Standard Rate,Standard Rate,,10,,
DW-J54XX-J30-64,Dromex J54 100% Cotton Executive Fit Conti Jackets,,TRUE,1,190,218.5,183,210.45,,,,,,,,,,,FALSE,FALSE,FALSE,Standard Rate,Standard Rate,,10,,
DW-J54XX-P26-26,Dromex J54 100% Cotton Executive Fit Conti Pants,,TRUE,1,176,202.4,169,194.35,,,,,,,,,,,FALSE,FALSE,FALSE,Standard Rate,Standard Rate,,10,,
DW-J54XX-P26-28,Dromex J54 100% Cotton Executive Fit Conti Pants,,TRUE,1,176,202.4,169,194.35,,,,,,,,,,,FALSE,FALSE,FALSE,Standard Rate,Standard Rate,,10,,
DW-J54XX-P26-30,Dromex J54 100% Cotton Executive Fit Conti Pants,,TRUE,1,176,202.4,169,194.35,,,,,,,,,,,FALSE,FALSE,FALSE,Standard Rate,Standard Rate,,10,,
DW-J54XX-P26-32,Dromex J54 100% Cotton Executive Fit Conti Pants,,TRUE,1,176,202.4,169,194.35,,,,,,,,,,,FALSE,FALSE,FALSE,Standard Rate,Standard Rate,,10,,
DW-J54XX-P26-34,Dromex J54 100% Cotton Executive Fit Conti Pants,,TRUE,1,176,202.4,169,194.35,,,,,,,,,,,FALSE,FALSE,FALSE,Standard Rate,Standard Rate,,10,,
DW-J54XX-P26-36,Dromex J54 100% Cotton Executive Fit Conti Pants,,TRUE,1,176,202.4,169,194.35,,,,,,,,,,,FALSE,FALSE,FALSE,Standard Rate,Standard Rate,,10,,
DW-J54XX-P26-38,Dromex J54 100% Cotton Executive Fit Conti Pants,,TRUE,1,176,202.4,169,194.35,,,,,,,,,,,FALSE,FALSE,FALSE,Standard Rate,Standard Rate,,10,,
DW-J54XX-P26-40,Dromex J54 100% Cotton Executive Fit Conti Pants,,TRUE,1,176,202.4,169,194.35,,,,,,,,,,,FALSE,FALSE,FALSE,Standard Rate,Standard Rate,,10,,
DW-J54XX-P26-42,Dromex J54 100% Cotton Executive Fit Conti Pants,,TRUE,1,176,202.4,169,194.35,,,,,,,,,,,FALSE,FALSE,FALSE,Standard Rate,Standard Rate,,10,,
DW-J54XX-P26-44,Dromex J54 100% Cotton Executive Fit Conti Pants,,TRUE,1,176,202.4,169,194.35,,,,,,,,,,,FALSE,FALSE,FALSE,Standard Rate,Standard Rate,,10,,
DW-J54XX-P26-46,Dromex J54 100% Cotton Executive Fit Conti Pants,,TRUE,1,176,202.4,169,194.35,,,,,,,,,,,FALSE,FALSE,FALSE,Standard Rate,Standard Rate,,10,,
DW-J54XX-P26-48,Dromex J54 100% Cotton Executive Fit Conti Pants,,TRUE,1,176,202.4,169,194.35,,,,,,,,,,,FALSE,FALSE,FALSE,Standard Rate,Standard Rate,,10,,
DW-J54XX-P26-50,Dromex J54 100% Cotton Executive Fit Conti Pants,,TRUE,1,176,202.4,169,194.35,,,,,,,,,,,FALSE,FALSE,FALSE,Standard Rate,Standard Rate,,10,,
DW-J54XX-P26-52,Dromex J54 100% Cotton Executive Fit Conti Pants,,TRUE,1,176,202.4,169,194.35,,,,,,,,,,,FALSE,FALSE,FALSE,Standard Rate,Standard Rate,,10,,
DW-J54XX-P26-54,Dromex J54 100% Cotton Executive Fit Conti Pants,,TRUE,1,176,202.4,169,194.35,,,,,,,,,,,FALSE,FALSE,FALSE,Standard Rate,Standard Rate,,10,,
DW-J54XX-P26-56,Dromex J54 100% Cotton Executive Fit Conti Pants,,TRUE,1,176,202.4,169,194.35,,,,,,,,,,,FALSE,FALSE,FALSE,Standard Rate,Standard Rate,,10,,
DW-J54XX-P26-58,Dromex J54 100% Cotton Executive Fit Conti Pants,,TRUE,1,176,202.4,169,194.35,,,,,,,,,,,FALSE,FALSE,FALSE,Standard Rate,Standard Rate,,10,,
DW-J54XX-P26-60,Dromex J54 100% Cotton Executive Fit Conti Pants,,TRUE,1,176,202.4,169,194.35,,,,,,,,,,,FALSE,FALSE,FALSE,Standard Rate,Standard Rate,,10,,
DW-J54-ANGUB-B30-30,Dromex J54 Anglo Spec Unbleached Boiler (One Piece) with Reflective - SANS 434,,TRUE,1,379,435.85,364,418.6,,,,,,,,,,,FALSE,FALSE,FALSE,Standard Rate,Standard Rate,,10,,
DW-J54-ANGUB-B30-32,Dromex J54 Anglo Spec Unbleached Boiler (One Piece) with Reflective - SANS 434,,TRUE,1,379,435.85,364,418.6,,,,,,,,,,,FALSE,FALSE,FALSE,Standard Rate,Standard Rate,,10,,
DW-J54-ANGUB-B30-34,Dromex J54 Anglo Spec Unbleached Boiler (One Piece) with Reflective - SANS 434,,TRUE,1,379,435.85,364,418.6,,,,,,,,,,,FALSE,FALSE,FALSE,Standard Rate,Standard Rate,,10,,
DW-J54-ANGUB-B30-36,Dromex J54 Anglo Spec Unbleached Boiler (One Piece) with Reflective - SANS 434,,TRUE,1,379,435.85,364,418.6,,,,,,,,,,,FALSE,FALSE,FALSE,Standard Rate,Standard Rate,,10,,
DW-J54-ANGUB-B30-38,Dromex J54 Anglo Spec Unbleached Boiler (One Piece) with Reflective - SANS 434,,TRUE,1,379,435.85,364,418.6,,,,,,,,,,,FALSE,FALSE,FALSE,Standard Rate,Standard Rate,,10,,
DW-J54-ANGUB-B30-40,Dromex J54 Anglo Spec Unbleached Boiler (One Piece) with Reflective - SANS 434,,TRUE,1,379,435.85,364,418.6,,,,,,,,,,,FALSE,FALSE,FALSE,Standard Rate,Standard Rate,,10,,
DW-J54-ANGUB-B30-42,Dromex J54 Anglo Spec Unbleached Boiler (One Piece) with Reflective - SANS 434,,TRUE,1,379,435.85,364,418.6,,,,,,,,,,,FALSE,FALSE,FALSE,Standard Rate,Standard Rate,,10,,
DW-J54-ANGUB-B30-44,Dromex J54 Anglo Spec Unbleached Boiler (One Piece) with Reflective - SANS 434,,TRUE,1,379,435.85,364,418.6,,,,,,,,,,,FALSE,FALSE,FALSE,Standard Rate,Standard Rate,,10,,
DW-J54-ANGUB-B30-46,Dromex J54 Anglo Spec Unbleached Boiler (One Piece) with Reflective - SANS 434,,TRUE,1,379,435.85,364,418.6,,,,,,,,,,,FALSE,FALSE,FALSE,Standard Rate,Standard Rate,,10,,
DW-J54-ANGUB-B30-48,Dromex J54 Anglo Spec Unbleached Boiler (One Piece) with Reflective - SANS 434,,TRUE,1,379,435.85,364,418.6,,,,,,,,,,,FALSE,FALSE,FALSE,Standard Rate,Standard Rate,,10,,
DW-J54-ANGUB-B30-50,Dromex J54 Anglo Spec Unbleached Boiler (One Piece) with Reflective - SANS 434,,TRUE,1,379,435.85,364,418.6,,,,,,,,,,,FALSE,FALSE,FALSE,Standard Rate,Standard Rate,,10,,
DW-J54-ANGUB-B30-52,Dromex J54 Anglo Spec Unbleached Boiler (One Piece) with Reflective - SANS 434,,TRUE,1,379,435.85,364,418.6,,,,,,,,,,,FALSE,FALSE,FALSE,Standard Rate,Standard Rate,,10,,
DW-J54-ANGUB-B30-54,Dromex J54 Anglo Spec Unbleached Boiler (One Piece) with Reflective - SANS 434,,TRUE,1,379,435.85,364,418.6,,,,,,,,,,,FALSE,FALSE,FALSE,Standard Rate,Standard Rate,,10,,
DW-J54-ANGUB-B30-56,Dromex J54 Anglo Spec Unbleached Boiler (One Piece) with Reflective - SANS 434,,TRUE,1,379,435.85,364,418.6,,,,,,,,,,,FALSE,FALSE,FALSE,Standard Rate,Standard Rate,,10,,
DW-J54-ANGUB-B30-58,Dromex J54 Anglo Spec Unbleached Boiler (One Piece) with Reflective - SANS 434,,TRUE,1,379,435.85,364,418.6,,,,,,,,,,,FALSE,FALSE,FALSE,Standard Rate,Standard Rate,,10,,
DW-J54-ANGUB-B30-60,Dromex J54 Anglo Spec Unbleached Boiler (One Piece) with Reflective - SANS 434,,TRUE,1,379,435.85,364,418.6,,,,,,,,,,,FALSE,FALSE,FALSE,Standard Rate,Standard Rate,,10,,
DW-J54-ANGUB-B30-62,Dromex J54 Anglo Spec Unbleached Boiler (One Piece) with Reflective - SANS 434,,TRUE,1,379,435.85,364,418.6,,,,,,,,,,,FALSE,FALSE,FALSE,Standard Rate,Standard Rate,,10,,
DW-J54-ANGUB-B30-64,Dromex J54 Anglo Spec Unbleached Boiler (One Piece) with Reflective - SANS 434,,TRUE,1,379,435.85,364,418.6,,,,,,,,,,,FALSE,FALSE,FALSE,Standard Rate,Standard Rate,,10,,
DW-J54-ANGUB-B30-66,Dromex J54 Anglo Spec Unbleached Boiler (One Piece) with Reflective - SANS 434,,TRUE,1,379,435.85,364,418.6,,,,,,,,,,,FALSE,FALSE,FALSE,Standard Rate,Standard Rate,,10,,
DW-J54-ANGXX-B32-32,Dromex J54 Anglo Spec Boiler (One Piece) with Reflective - SANS 434,,TRUE,1,390,448.5,375,431.25,,,,,,,,,,,FALSE,FALSE,FALSE,Standard Rate,Standard Rate,,10,,
DW-J54-ANGXX-B32-34,Dromex J54 Anglo Spec Boiler (One Piece) with Reflective - SANS 434,,TRUE,1,390,448.5,375,431.25,,,,,,,,,,,FALSE,FALSE,FALSE,Standard Rate,Standard Rate,,10,,
DW-J54-ANGXX-B32-36,Dromex J54 Anglo Spec Boiler (One Piece) with Reflective - SANS 434,,TRUE,1,390,448.5,375,431.25,,,,,,,,,,,FALSE,FALSE,FALSE,Standard Rate,Standard Rate,,10,,
DW-J54-ANGXX-B32-38,Dromex J54 Anglo Spec Boiler (One Piece) with Reflective - SANS 434,,TRUE,1,390,448.5,375,431.25,,,,,,,,,,,FALSE,FALSE,FALSE,Standard Rate,Standard Rate,,10,,
DW-J54-ANGXX-B32-40,Dromex J54 Anglo Spec Boiler (One Piece) with Reflective - SANS 434,,TRUE,1,390,448.5,375,431.25,,,,,,,,,,,FALSE,FALSE,FALSE,Standard Rate,Standard Rate,,10,,
DW-J54-ANGXX-B32-42,Dromex J54 Anglo Spec Boiler (One Piece) with Reflective - SANS 434,,TRUE,1,390,448.5,375,431.25,,,,,,,,,,,FALSE,FALSE,FALSE,Standard Rate,Standard Rate,,10,,
DW-J54-ANGXX-B32-44,Dromex J54 Anglo Spec Boiler (One Piece) with Reflective - SANS 434,,TRUE,1,390,448.5,375,431.25,,,,,,,,,,,FALSE,FALSE,FALSE,Standard Rate,Standard Rate,,10,,
DW-J54-ANGXX-B32-46,Dromex J54 Anglo Spec Boiler (One Piece) with Reflective - SANS 434,,TRUE,1,390,448.5,375,431.25,,,,,,,,,,,FALSE,FALSE,FALSE,Standard Rate,Standard Rate,,10,,
DW-J54-ANGXX-B32-48,Dromex J54 Anglo Spec Boiler (One Piece) with Reflective - SANS 434,,TRUE,1,390,448.5,375,431.25,,,,,,,,,,,FALSE,FALSE,FALSE,Standard Rate,Standard Rate,,10,,
DW-J54-ANGXX-B32-50,Dromex J54 Anglo Spec Boiler (One Piece) with Reflective - SANS 434,,TRUE,1,390,448.5,375,431.25,,,,,,,,,,,FALSE,FALSE,FALSE,Standard Rate,Standard Rate,,10,,
DW-J54-ANGXX-B32-52,Dromex J54 Anglo Spec Boiler (One Piece) with Reflective - SANS 434,,TRUE,1,390,448.5,375,431.25,,,,,,,,,,,FALSE,FALSE,FALSE,Standard Rate,Standard Rate,,10,,
DW-J54-ANGXX-B32-54,Dromex J54 Anglo Spec Boiler (One Piece) with Reflective - SANS 434,,TRUE,1,390,448.5,375,431.25,,,,,,,,,,,FALSE,FALSE,FALSE,Standard Rate,Standard Rate,,10,,
DW-J54-ANGXX-B32-56,Dromex J54 Anglo Spec Boiler (One Piece) with Reflective - SANS 434,,TRUE,1,390,448.5,375,431.25,,,,,,,,,,,FALSE,FALSE,FALSE,Standard Rate,Standard Rate,,10,,
DW-J54-ANGXX-B32-58,Dromex J54 Anglo Spec Boiler (One Piece) with Reflective - SANS 434,,TRUE,1,390,448.5,375,431.25,,,,,,,,,,,FALSE,FALSE,FALSE,Standard Rate,Standard Rate,,10,,
DW-J54-ANGXX-B32-60,Dromex J54 Anglo Spec Boiler (One Piece) with Reflective - SANS 434,,TRUE,1,390,448.5,375,431.25,,,,,,,,,,,FALSE,FALSE,FALSE,Standard Rate,Standard Rate,,10,,
DW-J54-ANGXX-B32-62,Dromex J54 Anglo Spec Boiler (One Piece) with Reflective - SANS 434,,TRUE,1,390,448.5,375,431.25,,,,,,,,,,,FALSE,FALSE,FALSE,Standard Rate,Standard Rate,,10,,
DW-J54-ANGXX-B32-64,Dromex J54 Anglo Spec Boiler (One Piece) with Reflective - SANS 434,,TRUE,1,390,448.5,375,431.25,,,,,,,,,,,FALSE,FALSE,FALSE,Standard Rate,Standard Rate,,10,,
DW-J54-ANGXX-B32-66,Dromex J54 Anglo Spec Boiler (One Piece) with Reflective - SANS 434,,TRUE,1,390,448.5,375,431.25,,,,,,,,,,,FALSE,FALSE,FALSE,Standard Rate,Standard Rate,,10,,
DW-J54-ANGXX-J32-32-RYB,Dromex J54 Anglo Spec Conti Jacket with Reflective - SANS 434,,TRUE,1,250,287.5,241,277.15,,,,,,,,,,,FALSE,FALSE,FALSE,Standard Rate,Standard Rate,,10,,
DW-J54-ANGXX-J32-34-RYB,Dromex J54 Anglo Spec Conti Jacket with Reflective - SANS 434,,TRUE,1,250,287.5,241,277.15,,,,,,,,,,,FALSE,FALSE,FALSE,Standard Rate,Standard Rate,,10,,
DW-J54-ANGXX-J32-36-RYB,Dromex J54 Anglo Spec Conti Jacket with Reflective - SANS 434,,TRUE,1,250,287.5,241,277.15,,,,,,,,,,,FALSE,FALSE,FALSE,Standard Rate,Standard Rate,,10,,
DW-J54-ANGXX-J32-38-RYB,Dromex J54 Anglo Spec Conti Jacket with Reflective - SANS 434,,TRUE,1,250,287.5,241,277.15,,,,,,,,,,,FALSE,FALSE,FALSE,Standard Rate,Standard Rate,,10,,
DW-J54-ANGXX-J32-40-RYB,Dromex J54 Anglo Spec Conti Jacket with Reflective - SANS 434,,TRUE,1,250,287.5,241,277.15,,,,,,,,,,,FALSE,FALSE,FALSE,Standard Rate,Standard Rate,,10,,
DW-J54-ANGXX-J32-42-RYB,Dromex J54 Anglo Spec Conti Jacket with Reflective - SANS 434,,TRUE,1,250,287.5,241,277.15,,,,,,,,,,,FALSE,FALSE,FALSE,Standard Rate,Standard Rate,,10,,
DW-J54-ANGXX-J32-44-RYB,Dromex J54 Anglo Spec Conti Jacket with Reflective - SANS 434,,TRUE,1,250,287.5,241,277.15,,,,,,,,,,,FALSE,FALSE,FALSE,Standard Rate,Standard Rate,,10,,
DW-J54-ANGXX-J32-46-RYB,Dromex J54 Anglo Spec Conti Jacket with Reflective - SANS 434,,TRUE,1,250,287.5,241,277.15,,,,,,,,,,,FALSE,FALSE,FALSE,Standard Rate,Standard Rate,,10,,
DW-J54-ANGXX-J32-48-RYB,Dromex J54 Anglo Spec Conti Jacket with Reflective - SANS 434,,TRUE,1,250,287.5,241,277.15,,,,,,,,,,,FALSE,FALSE,FALSE,Standard Rate,Standard Rate,,10,,
DW-J54-ANGXX-J32-50-RYB,Dromex J54 Anglo Spec Conti Jacket with Reflective - SANS 434,,TRUE,1,250,287.5,241,277.15,,,,,,,,,,,FALSE,FALSE,FALSE,Standard Rate,Standard Rate,,10,,
DW-J54-ANGXX-J32-52-RYB,Dromex J54 Anglo Spec Conti Jacket with Reflective - SANS 434,,TRUE,1,250,287.5,241,277.15,,,,,,,,,,,FALSE,FALSE,FALSE,Standard Rate,Standard Rate,,10,,
DW-J54-ANGXX-J32-54-RYB,Dromex J54 Anglo Spec Conti Jacket with Reflective - SANS 434,,TRUE,1,250,287.5,241,277.15,,,,,,,,,,,FALSE,FALSE,FALSE,Standard Rate,Standard Rate,,10,,
DW-J54-ANGXX-J32-56-RYB,Dromex J54 Anglo Spec Conti Jacket with Reflective - SANS 434,,TRUE,1,250,287.5,241,277.15,,,,,,,,,,,FALSE,FALSE,FALSE,Standard Rate,Standard Rate,,10,,
DW-J54-ANGXX-J32-58-RYB,Dromex J54 Anglo Spec Conti Jacket with Reflective - SANS 434,,TRUE,1,250,287.5,241,277.15,,,,,,,,,,,FALSE,FALSE,FALSE,Standard Rate,Standard Rate,,10,,
DW-J54-ANGXX-J32-60-RYB,Dromex J54 Anglo Spec Conti Jacket with Reflective - SANS 434,,TRUE,1,250,287.5,241,277.15,,,,,,,,,,,FALSE,FALSE,FALSE,Standard Rate,Standard Rate,,10,,
DW-J54-ANGXX-J32-62-RYB,Dromex J54 Anglo Spec Conti Jacket with Reflective - SANS 434,,TRUE,1,250,287.5,241,277.15,,,,,,,,,,,FALSE,FALSE,FALSE,Standard Rate,Standard Rate,,10,,
DW-J54-ANGXX-J32-64-RYB,Dromex J54 Anglo Spec Conti Jacket with Reflective - SANS 434,,TRUE,1,250,287.5,241,277.15,,,,,,,,,,,FALSE,FALSE,FALSE,Standard Rate,Standard Rate,,10,,
DW-J54-ANGXX-P28-28-RYB,Dromex J54 Anglo Spec Conti Pants with Reflective - SANS 434,,TRUE,1,222,255.3,213,244.95,,,,,,,,,,,FALSE,FALSE,FALSE,Standard Rate,Standard Rate,,10,,
DW-J54-ANGXX-P28-30-RYB,Dromex J54 Anglo Spec Conti Pants with Reflective - SANS 434,,TRUE,1,222,255.3,213,244.95,,,,,,,,,,,FALSE,FALSE,FALSE,Standard Rate,Standard Rate,,10,,
DW-J54-ANGXX-P28-32-RYB,Dromex J54 Anglo Spec Conti Pants with Reflective - SANS 434,,TRUE,1,222,255.3,213,244.95,,,,,,,,,,,FALSE,FALSE,FALSE,Standard Rate,Standard Rate,,10,,
DW-J54-ANGXX-P28-34-RYB,Dromex J54 Anglo Spec Conti Pants with Reflective - SANS 434,,TRUE,1,222,255.3,213,244.95,,,,,,,,,,,FALSE,FALSE,FALSE,Standard Rate,Standard Rate,,10,,
DW-J54-ANGXX-P28-36-RYB,Dromex J54 Anglo Spec Conti Pants with Reflective - SANS 434,,TRUE,1,222,255.3,213,244.95,,,,,,,,,,,FALSE,FALSE,FALSE,Standard Rate,Standard Rate,,10,,
DW-J54-ANGXX-P28-38-RYB,Dromex J54 Anglo Spec Conti Pants with Reflective - SANS 434,,TRUE,1,222,255.3,213,244.95,,,,,,,,,,,FALSE,FALSE,FALSE,Standard Rate,Standard Rate,,10,,
DW-J54-ANGXX-P28-40-RYB,Dromex J54 Anglo Spec Conti Pants with Reflective - SANS 434,,TRUE,1,222,255.3,213,244.95,,,,,,,,,,,FALSE,FALSE,FALSE,Standard Rate,Standard Rate,,10,,
DW-J54-ANGXX-P28-42-RYB,Dromex J54 Anglo Spec Conti Pants with Reflective - SANS 434,,TRUE,1,222,255.3,213,244.95,,,,,,,,,,,FALSE,FALSE,FALSE,Standard Rate,Standard Rate,,10,,
DW-J54-ANGXX-P28-44-RYB,Dromex J54 Anglo Spec Conti Pants with Reflective - SANS 434,,TRUE,1,222,255.3,213,244.95,,,,,,,,,,,FALSE,FALSE,FALSE,Standard Rate,Standard Rate,,10,,
DW-J54-ANGXX-P28-46-RYB,Dromex J54 Anglo Spec Conti Pants with Reflective - SANS 434,,TRUE,1,222,255.3,213,244.95,,,,,,,,,,,FALSE,FALSE,FALSE,Standard Rate,Standard Rate,,10,,
DW-J54-ANGXX-P28-48-RYB,Dromex J54 Anglo Spec Conti Pants with Reflective - SANS 434,,TRUE,1,222,255.3,213,244.95,,,,,,,,,,,FALSE,FALSE,FALSE,Standard Rate,Standard Rate,,10,,
DW-J54-ANGXX-P28-50-RYB,Dromex J54 Anglo Spec Conti Pants with Reflective - SANS 434,,TRUE,1,222,255.3,213,244.95,,,,,,,,,,,FALSE,FALSE,FALSE,Standard Rate,Standard Rate,,10,,
DW-J54-ANGXX-P28-52-RYB,Dromex J54 Anglo Spec Conti Pants with Reflective - SANS 434,,TRUE,1,222,255.3,213,244.95,,,,,,,,,,,FALSE,FALSE,FALSE,Standard Rate,Standard Rate,,10,,
DW-J54-ANGXX-P28-54-RYB,Dromex J54 Anglo Spec Conti Pants with Reflective - SANS 434,,TRUE,1,222,255.3,213,244.95,,,,,,,,,,,FALSE,FALSE,FALSE,Standard Rate,Standard Rate,,10,,
DW-J54-ANGXX-P28-56-RYB,Dromex J54 Anglo Spec Conti Pants with Reflective - SANS 434,,TRUE,1,222,255.3,213,244.95,,,,,,,,,,,FALSE,FALSE,FALSE,Standard Rate,Standard Rate,,10,,
DW-J54-ANGXX-P28-58-RYB,Dromex J54 Anglo Spec Conti Pants with Reflective - SANS 434,,TRUE,1,222,255.3,213,244.95,,,,,,,,,,,FALSE,FALSE,FALSE,Standard Rate,Standard Rate,,10,,
DW-J54-ANGXX-P28-60-RYB,Dromex J54 Anglo Spec Conti Pants with Reflective - SANS 434,,TRUE,1,222,255.3,213,244.95,,,,,,,,,,,FALSE,FALSE,FALSE,Standard Rate,Standard Rate,,10,,
DW-PVACIDRT-J32-32-BTB,"Dromex Poly-Viscose Conti Jackets Acid Resistant, with Reflective",,TRUE,1,286,328.9,275,316.25,,,,,,,,,,,FALSE,FALSE,FALSE,Standard Rate,Standard Rate,,10,,
DW-PVACIDRT-J32-34-BTB,"Dromex Poly-Viscose Conti Jackets Acid Resistant, with Reflective",,TRUE,1,286,328.9,275,316.25,,,,,,,,,,,FALSE,FALSE,FALSE,Standard Rate,Standard Rate,,10,,
DW-PVACIDRT-J32-36-BTB,"Dromex Poly-Viscose Conti Jackets Acid Resistant, with Reflective",,TRUE,1,286,328.9,275,316.25,,,,,,,,,,,FALSE,FALSE,FALSE,Standard Rate,Standard Rate,,10,,
DW-PVACIDRT-J32-38-BTB,"Dromex Poly-Viscose Conti Jackets Acid Resistant, with Reflective",,TRUE,1,286,328.9,275,316.25,,,,,,,,,,,FALSE,FALSE,FALSE,Standard Rate,Standard Rate,,10,,
DW-PVACIDRT-J32-40-BTB,"Dromex Poly-Viscose Conti Jackets Acid Resistant, with Reflective",,TRUE,1,286,328.9,275,316.25,,,,,,,,,,,FALSE,FALSE,FALSE,Standard Rate,Standard Rate,,10,,
DW-PVACIDRT-J32-42-BTB,"Dromex Poly-Viscose Conti Jackets Acid Resistant, with Reflective",,TRUE,1,286,328.9,275,316.25,,,,,,,,,,,FALSE,FALSE,FALSE,Standard Rate,Standard Rate,,10,,
DW-PVACIDRT-J32-44-BTB,"Dromex Poly-Viscose Conti Jackets Acid Resistant, with Reflective",,TRUE,1,286,328.9,275,316.25,,,,,,,,,,,FALSE,FALSE,FALSE,Standard Rate,Standard Rate,,10,,
DW-PVACIDRT-J32-46-BTB,"Dromex Poly-Viscose Conti Jackets Acid Resistant, with Reflective",,TRUE,1,286,328.9,275,316.25,,,,,,,,,,,FALSE,FALSE,FALSE,Standard Rate,Standard Rate,,10,,
DW-PVACIDRT-J32-48-BTB,"Dromex Poly-Viscose Conti Jackets Acid Resistant, with Reflective",,TRUE,1,286,328.9,275,316.25,,,,,,,,,,,FALSE,FALSE,FALSE,Standard Rate,Standard Rate,,10,,
DW-PVACIDRT-J32-50-BTB,"Dromex Poly-Viscose Conti Jackets Acid Resistant, with Reflective",,TRUE,1,286,328.9,275,316.25,,,,,,,,,,,FALSE,FALSE,FALSE,Standard Rate,Standard Rate,,10,,
DW-PVACIDRT-J32-52-BTB,"Dromex Poly-Viscose Conti Jackets Acid Resistant, with Reflective",,TRUE,1,286,328.9,275,316.25,,,,,,,,,,,FALSE,FALSE,FALSE,Standard Rate,Standard Rate,,10,,
DW-PVACIDRT-J32-54-BTB,"Dromex Poly-Viscose Conti Jackets Acid Resistant, with Reflective",,TRUE,1,286,328.9,275,316.25,,,,,,,,,,,FALSE,FALSE,FALSE,Standard Rate,Standard Rate,,10,,
DW-PVACIDRT-J32-56-BTB,"Dromex Poly-Viscose Conti Jackets Acid Resistant, with Reflective",,TRUE,1,286,328.9,275,316.25,,,,,,,,,,,FALSE,FALSE,FALSE,Standard Rate,Standard Rate,,10,,
DW-PVACIDRT-J32-58-BTB,"Dromex Poly-Viscose Conti Jackets Acid Resistant, with Reflective",,TRUE,1,286,328.9,275,316.25,,,,,,,,,,,FALSE,FALSE,FALSE,Standard Rate,Standard Rate,,10,,
DW-PVACIDRT-J32-60-BTB,"Dromex Poly-Viscose Conti Jackets Acid Resistant, with Reflective",,TRUE,1,286,328.9,275,316.25,,,,,,,,,,,FALSE,FALSE,FALSE,Standard Rate,Standard Rate,,10,,
DW-PVACIDRT-J32-62-BTB,"Dromex Poly-Viscose Conti Jackets Acid Resistant, with Reflective",,TRUE,1,286,328.9,275,316.25,,,,,,,,,,,FALSE,FALSE,FALSE,Standard Rate,Standard Rate,,10,,
DW-PVACIDRT-J32-64-BTB,"Dromex Poly-Viscose Conti Jackets Acid Resistant, with Reflective",,TRUE,1,286,328.9,275,316.25,,,,,,,,,,,FALSE,FALSE,FALSE,Standard Rate,Standard Rate,,10,,
DW-PVACIDRT-P28-28-BTG,"Poly-Viscose Acid Resistant Conti Pants,With Reflective to 40",,TRUE,1,243,279.45,234,269.1,,,,,,,,,,,FALSE,FALSE,FALSE,Standard Rate,Standard Rate,,10,,
DW-PVACIDRT-P28-30-BTG,"Poly-Viscose Acid Resistant Conti Pants,With Reflective to 40",,TRUE,1,243,279.45,234,269.1,,,,,,,,,,,FALSE,FALSE,FALSE,Standard Rate,Standard Rate,,10,,
DW-PVACIDRT-P28-32-BTG,"Poly-Viscose Acid Resistant Conti Pants,With Reflective to 40",,TRUE,1,243,279.45,234,269.1,,,,,,,,,,,FALSE,FALSE,FALSE,Standard Rate,Standard Rate,,10,,
DW-PVACIDRT-P28-34-BTG,"Poly-Viscose Acid Resistant Conti Pants,With Reflective to 40",,TRUE,1,243,279.45,234,269.1,,,,,,,,,,,FALSE,FALSE,FALSE,Standard Rate,Standard Rate,,10,,
DW-PVACIDRT-P28-36-BTG,"Poly-Viscose Acid Resistant Conti Pants,With Reflective to 40",,TRUE,1,243,279.45,234,269.1,,,,,,,,,,,FALSE,FALSE,FALSE,Standard Rate,Standard Rate,,10,,
DW-PVACIDRT-P28-38-BTG,"Poly-Viscose Acid Resistant Conti Pants,With Reflective to 40",,TRUE,1,243,279.45,234,269.1,,,,,,,,,,,FALSE,FALSE,FALSE,Standard Rate,Standard Rate,,10,,
DW-PVACIDRT-P28-40-BTG,"Poly-Viscose Acid Resistant Conti Pants,With Reflective to 40",,TRUE,1,243,279.45,234,269.1,,,,,,,,,,,FALSE,FALSE,FALSE,Standard Rate,Standard Rate,,10,,
DW-PVACIDRT-P28-42-BTG,"Poly-Viscose Acid Resistant Conti Pants,With Reflective to 40",,TRUE,1,243,279.45,234,269.1,,,,,,,,,,,FALSE,FALSE,FALSE,Standard Rate,Standard Rate,,10,,
DW-PVACIDRT-P28-44-BTG,"Poly-Viscose Acid Resistant Conti Pants,With Reflective to 40",,TRUE,1,243,279.45,234,269.1,,,,,,,,,,,FALSE,FALSE,FALSE,Standard Rate,Standard Rate,,10,,
DW-PVACIDRT-P28-46-BTG,"Poly-Viscose Acid Resistant Conti Pants,With Reflective to 40",,TRUE,1,243,279.45,234,269.1,,,,,,,,,,,FALSE,FALSE,FALSE,Standard Rate,Standard Rate,,10,,
DW-PVACIDRT-P28-48-BTG,"Poly-Viscose Acid Resistant Conti Pants,With Reflective to 40",,TRUE,1,243,279.45,234,269.1,,,,,,,,,,,FALSE,FALSE,FALSE,Standard Rate,Standard Rate,,10,,
DW-PVACIDRT-P28-50-BTG,"Poly-Viscose Acid Resistant Conti Pants,With Reflective to 40",,TRUE,1,243,279.45,234,269.1,,,,,,,,,,,FALSE,FALSE,FALSE,Standard Rate,Standard Rate,,10,,
DW-PVACIDRT-P28-52-BTG,"Poly-Viscose Acid Resistant Conti Pants,With Reflective to 40",,TRUE,1,243,279.45,234,269.1,,,,,,,,,,,FALSE,FALSE,FALSE,Standard Rate,Standard Rate,,10,,
DW-PVACIDRT-P28-54-BTG,"Poly-Viscose Acid Resistant Conti Pants,With Reflective to 40",,TRUE,1,243,279.45,234,269.1,,,,,,,,,,,FALSE,FALSE,FALSE,Standard Rate,Standard Rate,,10,,
DW-PVACIDRT-P28-56-BTG,"Poly-Viscose Acid Resistant Conti Pants,With Reflective to 40",,TRUE,1,243,279.45,234,269.1,,,,,,,,,,,FALSE,FALSE,FALSE,Standard Rate,Standard Rate,,10,,
DW-PVACIDRT-P28-58-BTG,"Poly-Viscose Acid Resistant Conti Pants,With Reflective to 40",,TRUE,1,243,279.45,234,269.1,,,,,,,,,,,FALSE,FALSE,FALSE,Standard Rate,Standard Rate,,10,,
DW-PVACIDRT-P28-60-BTG,"Poly-Viscose Acid Resistant Conti Pants,With Reflective to 40",,TRUE,1,243,279.45,234,269.1,,,,,,,,,,,FALSE,FALSE,FALSE,Standard Rate,Standard Rate,,10,,
DW-D59-ANGUB-B30-30-W,"Dromex SABS Marked - D59 Anglo Spec Unbleached Boiler (One Piece) with Reflective - SANS 434, SANS",,TRUE,1,443,509.45,426,489.9,,,,,,,,,,,FALSE,FALSE,FALSE,Standard Rate,Standard Rate,,10,,
DW-D59-ANGUB-B30-32-W,"Dromex SABS Marked - D59 Anglo Spec Unbleached Boiler (One Piece) with Reflective - SANS 434, SANS",,TRUE,1,443,509.45,426,489.9,,,,,,,,,,,FALSE,FALSE,FALSE,Standard Rate,Standard Rate,,10,,
DW-D59-ANGUB-B30-34-W,"Dromex SABS Marked - D59 Anglo Spec Unbleached Boiler (One Piece) with Reflective - SANS 434, SANS",,TRUE,1,443,509.45,426,489.9,,,,,,,,,,,FALSE,FALSE,FALSE,Standard Rate,Standard Rate,,10,,
DW-D59-ANGUB-B30-36-W,"Dromex SABS Marked - D59 Anglo Spec Unbleached Boiler (One Piece) with Reflective - SANS 434, SANS",,TRUE,1,443,509.45,426,489.9,,,,,,,,,,,FALSE,FALSE,FALSE,Standard Rate,Standard Rate,,10,,
DW-D59-ANGUB-B30-38-W,"Dromex SABS Marked - D59 Anglo Spec Unbleached Boiler (One Piece) with Reflective - SANS 434, SANS",,TRUE,1,443,509.45,426,489.9,,,,,,,,,,,FALSE,FALSE,FALSE,Standard Rate,Standard Rate,,10,,
DW-D59-ANGUB-B30-40-W,"Dromex SABS Marked - D59 Anglo Spec Unbleached Boiler (One Piece) with Reflective - SANS 434, SANS",,TRUE,1,443,509.45,426,489.9,,,,,,,,,,,FALSE,FALSE,FALSE,Standard Rate,Standard Rate,,10,,
DW-D59-ANGUB-B30-42-W,"Dromex SABS Marked - D59 Anglo Spec Unbleached Boiler (One Piece) with Reflective - SANS 434, SANS",,TRUE,1,443,509.45,426,489.9,,,,,,,,,,,FALSE,FALSE,FALSE,Standard Rate,Standard Rate,,10,,
DW-D59-ANGUB-B30-44-W,"Dromex SABS Marked - D59 Anglo Spec Unbleached Boiler (One Piece) with Reflective - SANS 434, SANS",,TRUE,1,443,509.45,426,489.9,,,,,,,,,,,FALSE,FALSE,FALSE,Standard Rate,Standard Rate,,10,,
DW-D59-ANGUB-B30-46-W,"Dromex SABS Marked - D59 Anglo Spec Unbleached Boiler (One Piece) with Reflective - SANS 434, SANS",,TRUE,1,443,509.45,426,489.9,,,,,,,,,,,FALSE,FALSE,FALSE,Standard Rate,Standard Rate,,10,,
DW-D59-ANGUB-B30-48-W,"Dromex SABS Marked - D59 Anglo Spec Unbleached Boiler (One Piece) with Reflective - SANS 434, SANS",,TRUE,1,443,509.45,426,489.9,,,,,,,,,,,FALSE,FALSE,FALSE,Standard Rate,Standard Rate,,10,,
DW-D59-ANGUB-B30-50-W,"Dromex SABS Marked - D59 Anglo Spec Unbleached Boiler (One Piece) with Reflective - SANS 434, SANS",,TRUE,1,443,509.45,426,489.9,,,,,,,,,,,FALSE,FALSE,FALSE,Standard Rate,Standard Rate,,10,,
DW-D59-ANGUB-B30-52-W,"Dromex SABS Marked - D59 Anglo Spec Unbleached Boiler (One Piece) with Reflective - SANS 434, SANS",,TRUE,1,443,509.45,426,489.9,,,,,,,,,,,FALSE,FALSE,FALSE,Standard Rate,Standard Rate,,10,,
DW-D59-ANGUB-B30-54-W,"Dromex SABS Marked - D59 Anglo Spec Unbleached Boiler (One Piece) with Reflective - SANS 434, SANS",,TRUE,1,443,509.45,426,489.9,,,,,,,,,,,FALSE,FALSE,FALSE,Standard Rate,Standard Rate,,10,,
DW-D59-ANGUB-B30-56-W,"Dromex SABS Marked - D59 Anglo Spec Unbleached Boiler (One Piece) with Reflective - SANS 434, SANS",,TRUE,1,443,509.45,426,489.9,,,,,,,,,,,FALSE,FALSE,FALSE,Standard Rate,Standard Rate,,10,,
DW-D59-ANGUB-B30-58-W,"Dromex SABS Marked - D59 Anglo Spec Unbleached Boiler (One Piece) with Reflective - SANS 434, SANS",,TRUE,1,443,509.45,426,489.9,,,,,,,,,,,FALSE,FALSE,FALSE,Standard Rate,Standard Rate,,10,,
DW-D59-ANGUB-B30-60-W,"Dromex SABS Marked - D59 Anglo Spec Unbleached Boiler (One Piece) with Reflective - SANS 434, SANS",,TRUE,1,443,509.45,426,489.9,,,,,,,,,,,FALSE,FALSE,FALSE,Standard Rate,Standard Rate,,10,,
DW-D59-ANGUB-B30-62-W,"Dromex SABS Marked - D59 Anglo Spec Unbleached Boiler (One Piece) with Reflective - SANS 434, SANS",,TRUE,1,443,509.45,426,489.9,,,,,,,,,,,FALSE,FALSE,FALSE,Standard Rate,Standard Rate,,10,,
DW-D59-ANGUB-B30-64-W,"Dromex SABS Marked - D59 Anglo Spec Unbleached Boiler (One Piece) with Reflective - SANS 434, SANS",,TRUE,1,443,509.45,426,489.9,,,,,,,,,,,FALSE,FALSE,FALSE,Standard Rate,Standard Rate,,10,,
DW-D59RT-J30-30-RYB,Dromex D59 100% Cotton Conti Jacket with Reflective Tape,,TRUE,1,250,287.5,241,277.15,,,,,,,,,,,FALSE,FALSE,FALSE,Standard Rate,Standard Rate,,10,,
DW-D59RT-J30-32-RYB,Dromex D59 100% Cotton Conti Jacket with Reflective Tape,,TRUE,1,250,287.5,241,277.15,,,,,,,,,,,FALSE,FALSE,FALSE,Standard Rate,Standard Rate,,10,,
DW-D59RT-J30-34-RYB,Dromex D59 100% Cotton Conti Jacket with Reflective Tape,,TRUE,1,250,287.5,241,277.15,,,,,,,,,,,FALSE,FALSE,FALSE,Standard Rate,Standard Rate,,10,,
DW-D59RT-J30-36-RYB,Dromex D59 100% Cotton Conti Jacket with Reflective Tape,,TRUE,1,250,287.5,241,277.15,,,,,,,,,,,FALSE,FALSE,FALSE,Standard Rate,Standard Rate,,10,,
DW-D59RT-J30-38-RYB,Dromex D59 100% Cotton Conti Jacket with Reflective Tape,,TRUE,1,250,287.5,241,277.15,,,,,,,,,,,FALSE,FALSE,FALSE,Standard Rate,Standard Rate,,10,,
DW-D59RT-J30-40-RYB,Dromex D59 100% Cotton Conti Jacket with Reflective Tape,,TRUE,1,250,287.5,241,277.15,,,,,,,,,,,FALSE,FALSE,FALSE,Standard Rate,Standard Rate,,10,,
DW-D59RT-J30-42-RYB,Dromex D59 100% Cotton Conti Jacket with Reflective Tape,,TRUE,1,250,287.5,241,277.15,,,,,,,,,,,FALSE,FALSE,FALSE,Standard Rate,Standard Rate,,10,,
DW-D59RT-J30-44-RYB,Dromex D59 100% Cotton Conti Jacket with Reflective Tape,,TRUE,1,250,287.5,241,277.15,,,,,,,,,,,FALSE,FALSE,FALSE,Standard Rate,Standard Rate,,10,,
DW-D59RT-J30-46-RYB,Dromex D59 100% Cotton Conti Jacket with Reflective Tape,,TRUE,1,250,287.5,241,277.15,,,,,,,,,,,FALSE,FALSE,FALSE,Standard Rate,Standard Rate,,10,,
DW-D59RT-J30-48-RYB,Dromex D59 100% Cotton Conti Jacket with Reflective Tape,,TRUE,1,250,287.5,241,277.15,,,,,,,,,,,FALSE,FALSE,FALSE,Standard Rate,Standard Rate,,10,,
DW-D59RT-J30-50-RYB,Dromex D59 100% Cotton Conti Jacket with Reflective Tape,,TRUE,1,250,287.5,241,277.15,,,,,,,,,,,FALSE,FALSE,FALSE,Standard Rate,Standard Rate,,10,,
DW-D59RT-J30-52-RYB,Dromex D59 100% Cotton Conti Jacket with Reflective Tape,,TRUE,1,250,287.5,241,277.15,,,,,,,,,,,FALSE,FALSE,FALSE,Standard Rate,Standard Rate,,10,,
DW-D59RT-J30-54-RYB,Dromex D59 100% Cotton Conti Jacket with Reflective Tape,,TRUE,1,250,287.5,241,277.15,,,,,,,,,,,FALSE,FALSE,FALSE,Standard Rate,Standard Rate,,10,,
DW-D59RT-J30-56-RYB,Dromex D59 100% Cotton Conti Jacket with Reflective Tape,,TRUE,1,250,287.5,241,277.15,,,,,,,,,,,FALSE,FALSE,FALSE,Standard Rate,Standard Rate,,10,,
DW-D59RT-J30-58-RYB,Dromex D59 100% Cotton Conti Jacket with Reflective Tape,,TRUE,1,250,287.5,241,277.15,,,,,,,,,,,FALSE,FALSE,FALSE,Standard Rate,Standard Rate,,10,,
DW-D59RT-J30-60-RYB,Dromex D59 100% Cotton Conti Jacket with Reflective Tape,,TRUE,1,250,287.5,241,277.15,,,,,,,,,,,FALSE,FALSE,FALSE,Standard Rate,Standard Rate,,10,,
DW-D59RT-J30-62-RYB,Dromex D59 100% Cotton Conti Jacket with Reflective Tape,,TRUE,1,250,287.5,241,277.15,,,,,,,,,,,FALSE,FALSE,FALSE,Standard Rate,Standard Rate,,10,,
DW-D59RT-P26-26-RYB,Dromex D59 100% Cotton Conti Pants with Reflective Tape,,TRUE,1,229,263.35,220,253,,,,,,,,,,,FALSE,FALSE,FALSE,Standard Rate,Standard Rate,,10,,
DW-D59RT-P26-28-RYB,Dromex D59 100% Cotton Conti Pants with Reflective Tape,,TRUE,1,229,263.35,220,253,,,,,,,,,,,FALSE,FALSE,FALSE,Standard Rate,Standard Rate,,10,,
DW-D59RT-P26-30-RYB,Dromex D59 100% Cotton Conti Pants with Reflective Tape,,TRUE,1,229,263.35,220,253,,,,,,,,,,,FALSE,FALSE,FALSE,Standard Rate,Standard Rate,,10,,
DW-D59RT-P26-32-RYB,Dromex D59 100% Cotton Conti Pants with Reflective Tape,,TRUE,1,229,263.35,220,253,,,,,,,,,,,FALSE,FALSE,FALSE,Standard Rate,Standard Rate,,10,,
DW-D59RT-P26-34-RYB,Dromex D59 100% Cotton Conti Pants with Reflective Tape,,TRUE,1,229,263.35,220,253,,,,,,,,,,,FALSE,FALSE,FALSE,Standard Rate,Standard Rate,,10,,
DW-D59RT-P26-36-RYB,Dromex D59 100% Cotton Conti Pants with Reflective Tape,,TRUE,1,229,263.35,220,253,,,,,,,,,,,FALSE,FALSE,FALSE,Standard Rate,Standard Rate,,10,,
DW-D59RT-P26-38-RYB,Dromex D59 100% Cotton Conti Pants with Reflective Tape,,TRUE,1,229,263.35,220,253,,,,,,,,,,,FALSE,FALSE,FALSE,Standard Rate,Standard Rate,,10,,
DW-D59RT-P26-40-RYB,Dromex D59 100% Cotton Conti Pants with Reflective Tape,,TRUE,1,229,263.35,220,253,,,,,,,,,,,FALSE,FALSE,FALSE,Standard Rate,Standard Rate,,10,,
DW-D59RT-P26-42-RYB,Dromex D59 100% Cotton Conti Pants with Reflective Tape,,TRUE,1,229,263.35,220,253,,,,,,,,,,,FALSE,FALSE,FALSE,Standard Rate,Standard Rate,,10,,
DW-D59RT-P26-44-RYB,Dromex D59 100% Cotton Conti Pants with Reflective Tape,,TRUE,1,229,263.35,220,253,,,,,,,,,,,FALSE,FALSE,FALSE,Standard Rate,Standard Rate,,10,,
DW-D59RT-P26-46-RYB,Dromex D59 100% Cotton Conti Pants with Reflective Tape,,TRUE,1,229,263.35,220,253,,,,,,,,,,,FALSE,FALSE,FALSE,Standard Rate,Standard Rate,,10,,
DW-D59RT-P26-48-RYB,Dromex D59 100% Cotton Conti Pants with Reflective Tape,,TRUE,1,229,263.35,220,253,,,,,,,,,,,FALSE,FALSE,FALSE,Standard Rate,Standard Rate,,10,,
DW-D59RT-P26-50-RYB,Dromex D59 100% Cotton Conti Pants with Reflective Tape,,TRUE,1,229,263.35,220,253,,,,,,,,,,,FALSE,FALSE,FALSE,Standard Rate,Standard Rate,,10,,
DW-D59RT-P26-52-RYB,Dromex D59 100% Cotton Conti Pants with Reflective Tape,,TRUE,1,229,263.35,220,253,,,,,,,,,,,FALSE,FALSE,FALSE,Standard Rate,Standard Rate,,10,,
DW-D59RT-P26-54-RYB,Dromex D59 100% Cotton Conti Pants with Reflective Tape,,TRUE,1,229,263.35,220,253,,,,,,,,,,,FALSE,FALSE,FALSE,Standard Rate,Standard Rate,,10,,
DW-D59RT-P26-56-RYB,Dromex D59 100% Cotton Conti Pants with Reflective Tape,,TRUE,1,229,263.35,220,253,,,,,,,,,,,FALSE,FALSE,FALSE,Standard Rate,Standard Rate,,10,,
DW-D59RT-P26-58-RYB,Dromex D59 100% Cotton Conti Pants with Reflective Tape,,TRUE,1,229,263.35,220,253,,,,,,,,,,,FALSE,FALSE,FALSE,Standard Rate,Standard Rate,,10,,
DW-D59MXX-O32-30,"Dromex SABS Marked - D59 Mining Boiler (One Piece) with Reflective - SANS 434, SANS",,TRUE,1,615,707.25,591,679.65,,,,,,,,,,,FALSE,FALSE,FALSE,Standard Rate,Standard Rate,,10,,
DW-D59MXX-O32-32,"Dromex SABS Marked - D59 Mining Boiler (One Piece) with Reflective - SANS 434, SANS",,TRUE,1,615,707.25,591,679.65,,,,,,,,,,,FALSE,FALSE,FALSE,Standard Rate,Standard Rate,,10,,
DW-D59MXX-O32-34,"Dromex SABS Marked - D59 Mining Boiler (One Piece) with Reflective - SANS 434, SANS",,TRUE,1,615,707.25,591,679.65,,,,,,,,,,,FALSE,FALSE,FALSE,Standard Rate,Standard Rate,,10,,
DW-D59MXX-O32-36,"Dromex SABS Marked - D59 Mining Boiler (One Piece) with Reflective - SANS 434, SANS",,TRUE,1,615,707.25,591,679.65,,,,,,,,,,,FALSE,FALSE,FALSE,Standard Rate,Standard Rate,,10,,
DW-D59MXX-O32-38,"Dromex SABS Marked - D59 Mining Boiler (One Piece) with Reflective - SANS 434, SANS",,TRUE,1,615,707.25,591,679.65,,,,,,,,,,,FALSE,FALSE,FALSE,Standard Rate,Standard Rate,,10,,
DW-D59MXX-O32-40,"Dromex SABS Marked - D59 Mining Boiler (One Piece) with Reflective - SANS 434, SANS",,TRUE,1,615,707.25,591,679.65,,,,,,,,,,,FALSE,FALSE,FALSE,Standard Rate,Standard Rate,,10,,
DW-D59MXX-O32-42,"Dromex SABS Marked - D59 Mining Boiler (One Piece) with Reflective - SANS 434, SANS",,TRUE,1,615,707.25,591,679.65,,,,,,,,,,,FALSE,FALSE,FALSE,Standard Rate,Standard Rate,,10,,
DW-D59MXX-O32-44,"Dromex SABS Marked - D59 Mining Boiler (One Piece) with Reflective - SANS 434, SANS",,TRUE,1,615,707.25,591,679.65,,,,,,,,,,,FALSE,FALSE,FALSE,Standard Rate,Standard Rate,,10,,
DW-D59MXX-O32-46,"Dromex SABS Marked - D59 Mining Boiler (One Piece) with Reflective - SANS 434, SANS",,TRUE,1,615,707.25,591,679.65,,,,,,,,,,,FALSE,FALSE,FALSE,Standard Rate,Standard Rate,,10,,
DW-D59MXX-O32-48,"Dromex SABS Marked - D59 Mining Boiler (One Piece) with Reflective - SANS 434, SANS",,TRUE,1,615,707.25,591,679.65,,,,,,,,,,,FALSE,FALSE,FALSE,Standard Rate,Standard Rate,,10,,
DW-D59MXX-O32-50,"Dromex SABS Marked - D59 Mining Boiler (One Piece) with Reflective - SANS 434, SANS",,TRUE,1,615,707.25,591,679.65,,,,,,,,,,,FALSE,FALSE,FALSE,Standard Rate,Standard Rate,,10,,
DW-D59MXX-O32-52,"Dromex SABS Marked - D59 Mining Boiler (One Piece) with Reflective - SANS 434, SANS",,TRUE,1,615,707.25,591,679.65,,,,,,,,,,,FALSE,FALSE,FALSE,Standard Rate,Standard Rate,,10,,
DW-D59MXX-O32-54,"Dromex SABS Marked - D59 Mining Boiler (One Piece) with Reflective - SANS 434, SANS",,TRUE,1,615,707.25,591,679.65,,,,,,,,,,,FALSE,FALSE,FALSE,Standard Rate,Standard Rate,,10,,
DW-D59MXX-O32-56,"Dromex SABS Marked - D59 Mining Boiler (One Piece) with Reflective - SANS 434, SANS",,TRUE,1,615,707.25,591,679.65,,,,,,,,,,,FALSE,FALSE,FALSE,Standard Rate,Standard Rate,,10,,
DW-D59MXX-O32-58,"Dromex SABS Marked - D59 Mining Boiler (One Piece) with Reflective - SANS 434, SANS",,TRUE,1,615,707.25,591,679.65,,,,,,,,,,,FALSE,FALSE,FALSE,Standard Rate,Standard Rate,,10,,
DW-D59MXX-O32-60,"Dromex SABS Marked - D59 Mining Boiler (One Piece) with Reflective - SANS 434, SANS",,TRUE,1,615,707.25,591,679.65,,,,,,,,,,,FALSE,FALSE,FALSE,Standard Rate,Standard Rate,,10,,
DW-D59MXX-O32-62,"Dromex SABS Marked - D59 Mining Boiler (One Piece) with Reflective - SANS 434, SANS",,TRUE,1,615,707.25,591,679.65,,,,,,,,,,,FALSE,FALSE,FALSE,Standard Rate,Standard Rate,,10,,
DW-D59MXX-O32-64,"Dromex SABS Marked - D59 Mining Boiler (One Piece) with Reflective - SANS 434, SANS",,TRUE,1,615,707.25,591,679.65,,,,,,,,,,,FALSE,FALSE,FALSE,Standard Rate,Standard Rate,,10,,
DW-D59-ANGRT-B-YL-32-32-Y,"Dromex D59 Mining Boilersuit (One Piece) with Reflective-SANS 434, SANS 1387-4",,TRUE,1,572,657.8,550,632.5,,,,,,,,,,,FALSE,FALSE,FALSE,Standard Rate,Standard Rate,,10,,
DW-D59-ANGRT-B-YL-32-34-Y,"Dromex D59 Mining Boilersuit (One Piece) with Reflective-SANS 434, SANS 1387-4",,TRUE,1,572,657.8,550,632.5,,,,,,,,,,,FALSE,FALSE,FALSE,Standard Rate,Standard Rate,,10,,
DW-D59-ANGRT-B-YL-32-36-Y,"Dromex D59 Mining Boilersuit (One Piece) with Reflective-SANS 434, SANS 1387-4",,TRUE,1,572,657.8,550,632.5,,,,,,,,,,,FALSE,FALSE,FALSE,Standard Rate,Standard Rate,,10,,
DW-D59-ANGRT-B-YL-32-38-Y,"Dromex D59 Mining Boilersuit (One Piece) with Reflective-SANS 434, SANS 1387-4",,TRUE,1,572,657.8,550,632.5,,,,,,,,,,,FALSE,FALSE,FALSE,Standard Rate,Standard Rate,,10,,
DW-D59-ANGRT-B-YL-32-40-Y,"Dromex D59 Mining Boilersuit (One Piece) with Reflective-SANS 434, SANS 1387-4",,TRUE,1,572,657.8,550,632.5,,,,,,,,,,,FALSE,FALSE,FALSE,Standard Rate,Standard Rate,,10,,
DW-D59-ANGRT-B-YL-32-42-Y,"Dromex D59 Mining Boilersuit (One Piece) with Reflective-SANS 434, SANS 1387-4",,TRUE,1,572,657.8,550,632.5,,,,,,,,,,,FALSE,FALSE,FALSE,Standard Rate,Standard Rate,,10,,
DW-D59-ANGRT-B-YL-32-44-Y,"Dromex D59 Mining Boilersuit (One Piece) with Reflective-SANS 434, SANS 1387-4",,TRUE,1,572,657.8,550,632.5,,,,,,,,,,,FALSE,FALSE,FALSE,Standard Rate,Standard Rate,,10,,
DW-D59-ANGRT-B-YL-32-46-Y,"Dromex D59 Mining Boilersuit (One Piece) with Reflective-SANS 434, SANS 1387-4",,TRUE,1,572,657.8,550,632.5,,,,,,,,,,,FALSE,FALSE,FALSE,Standard Rate,Standard Rate,,10,,
DW-D59-ANGRT-B-YL-32-48-Y,"Dromex D59 Mining Boilersuit (One Piece) with Reflective-SANS 434, SANS 1387-4",,TRUE,1,572,657.8,550,632.5,,,,,,,,,,,FALSE,FALSE,FALSE,Standard Rate,Standard Rate,,10,,
DW-D59-ANGRT-B-YL-32-50-Y,"Dromex D59 Mining Boilersuit (One Piece) with Reflective-SANS 434, SANS 1387-4",,TRUE,1,572,657.8,550,632.5,,,,,,,,,,,FALSE,FALSE,FALSE,Standard Rate,Standard Rate,,10,,
DW-D59-ANGRT-B-YL-32-52-Y,"Dromex D59 Mining Boilersuit (One Piece) with Reflective-SANS 434, SANS 1387-4",,TRUE,1,572,657.8,550,632.5,,,,,,,,,,,FALSE,FALSE,FALSE,Standard Rate,Standard Rate,,10,,
DW-D59-ANGRT-B-YL-32-54-Y,"Dromex D59 Mining Boilersuit (One Piece) with Reflective-SANS 434, SANS 1387-4",,TRUE,1,572,657.8,550,632.5,,,,,,,,,,,FALSE,FALSE,FALSE,Standard Rate,Standard Rate,,10,,
DW-D59-ANGRT-B-YL-32-56-Y,"Dromex D59 Mining Boilersuit (One Piece) with Reflective-SANS 434, SANS 1387-4",,TRUE,1,572,657.8,550,632.5,,,,,,,,,,,FALSE,FALSE,FALSE,Standard Rate,Standard Rate,,10,,
DW-D59-ANGRT-B-YL-32-58-Y,"Dromex D59 Mining Boilersuit (One Piece) with Reflective-SANS 434, SANS 1387-4",,TRUE,1,572,657.8,550,632.5,,,,,,,,,,,FALSE,FALSE,FALSE,Standard Rate,Standard Rate,,10,,
DW-D59-ANGRT-B-YL-32-60-Y,"Dromex D59 Mining Boilersuit (One Piece) with Reflective-SANS 434, SANS 1387-4",,TRUE,1,572,657.8,550,632.5,,,,,,,,,,,FALSE,FALSE,FALSE,Standard Rate,Standard Rate,,10,,
DW-D59-ANGRT-B-YL-32-62-Y,"Dromex D59 Mining Boilersuit (One Piece) with Reflective-SANS 434, SANS 1387-4",,TRUE,1,572,657.8,550,632.5,,,,,,,,,,,FALSE,FALSE,FALSE,Standard Rate,Standard Rate,,10,,
DW-D59-ANGRT-B-YL-32-64-Y,"Dromex D59 Mining Boilersuit (One Piece) with Reflective-SANS 434, SANS 1387-4",,TRUE,1,572,657.8,550,632.5,,,,,,,,,,,FALSE,FALSE,FALSE,Standard Rate,Standard Rate,,10,,
DW-FLAMERT-J30-30-G,Dromex 100% Cotton D59 Fern Flame Retardant Conti Jackets with Reflective - SANS 1387 & SANS 1434-1,,TRUE,1,300,345,289,332.35,,,,,,,,,,,FALSE,FALSE,FALSE,Standard Rate,Standard Rate,,10,,
DW-FLAMERT-J30-32-G,Dromex 100% Cotton D59 Fern Flame Retardant Conti Jackets with Reflective - SANS 1387 & SANS 1434-1,,TRUE,1,300,345,289,332.35,,,,,,,,,,,FALSE,FALSE,FALSE,Standard Rate,Standard Rate,,10,,
DW-FLAMERT-J30-34-G,Dromex 100% Cotton D59 Fern Flame Retardant Conti Jackets with Reflective - SANS 1387 & SANS 1434-1,,TRUE,1,300,345,289,332.35,,,,,,,,,,,FALSE,FALSE,FALSE,Standard Rate,Standard Rate,,10,,
DW-FLAMERT-J30-36-G,Dromex 100% Cotton D59 Fern Flame Retardant Conti Jackets with Reflective - SANS 1387 & SANS 1434-1,,TRUE,1,300,345,289,332.35,,,,,,,,,,,FALSE,FALSE,FALSE,Standard Rate,Standard Rate,,10,,
DW-FLAMERT-J30-38-G,Dromex 100% Cotton D59 Fern Flame Retardant Conti Jackets with Reflective - SANS 1387 & SANS 1434-1,,TRUE,1,300,345,289,332.35,,,,,,,,,,,FALSE,FALSE,FALSE,Standard Rate,Standard Rate,,10,,
DW-FLAMERT-J30-40-G,Dromex 100% Cotton D59 Fern Flame Retardant Conti Jackets with Reflective - SANS 1387 & SANS 1434-1,,TRUE,1,300,345,289,332.35,,,,,,,,,,,FALSE,FALSE,FALSE,Standard Rate,Standard Rate,,10,,
DW-FLAMERT-J30-42-G,Dromex 100% Cotton D59 Fern Flame Retardant Conti Jackets with Reflective - SANS 1387 & SANS 1434-1,,TRUE,1,300,345,289,332.35,,,,,,,,,,,FALSE,FALSE,FALSE,Standard Rate,Standard Rate,,10,,
DW-FLAMERT-J30-44-G,Dromex 100% Cotton D59 Fern Flame Retardant Conti Jackets with Reflective - SANS 1387 & SANS 1434-1,,TRUE,1,300,345,289,332.35,,,,,,,,,,,FALSE,FALSE,FALSE,Standard Rate,Standard Rate,,10,,
DW-FLAMERT-J30-46-G,Dromex 100% Cotton D59 Fern Flame Retardant Conti Jackets with Reflective - SANS 1387 & SANS 1434-1,,TRUE,1,300,345,289,332.35,,,,,,,,,,,FALSE,FALSE,FALSE,Standard Rate,Standard Rate,,10,,
DW-FLAMERT-J30-48-G,Dromex 100% Cotton D59 Fern Flame Retardant Conti Jackets with Reflective - SANS 1387 & SANS 1434-1,,TRUE,1,300,345,289,332.35,,,,,,,,,,,FALSE,FALSE,FALSE,Standard Rate,Standard Rate,,10,,
DW-FLAMERT-J30-50-G,Dromex 100% Cotton D59 Fern Flame Retardant Conti Jackets with Reflective - SANS 1387 & SANS 1434-1,,TRUE,1,300,345,289,332.35,,,,,,,,,,,FALSE,FALSE,FALSE,Standard Rate,Standard Rate,,10,,
DW-FLAMERT-J30-52-G,Dromex 100% Cotton D59 Fern Flame Retardant Conti Jackets with Reflective - SANS 1387 & SANS 1434-1,,TRUE,1,300,345,289,332.35,,,,,,,,,,,FALSE,FALSE,FALSE,Standard Rate,Standard Rate,,10,,
DW-FLAMERT-J30-54-G,Dromex 100% Cotton D59 Fern Flame Retardant Conti Jackets with Reflective - SANS 1387 & SANS 1434-1,,TRUE,1,300,345,289,332.35,,,,,,,,,,,FALSE,FALSE,FALSE,Standard Rate,Standard Rate,,10,,
DW-FLAMERT-J30-56-G,Dromex 100% Cotton D59 Fern Flame Retardant Conti Jackets with Reflective - SANS 1387 & SANS 1434-1,,TRUE,1,300,345,289,332.35,,,,,,,,,,,FALSE,FALSE,FALSE,Standard Rate,Standard Rate,,10,,
DW-FLAMERT-J30-58-G,Dromex 100% Cotton D59 Fern Flame Retardant Conti Jackets with Reflective - SANS 1387 & SANS 1434-1,,TRUE,1,300,345,289,332.35,,,,,,,,,,,FALSE,FALSE,FALSE,Standard Rate,Standard Rate,,10,,
DW-FLAMERT-J30-60-G,Dromex 100% Cotton D59 Fern Flame Retardant Conti Jackets with Reflective - SANS 1387 & SANS 1434-1,,TRUE,1,300,345,289,332.35,,,,,,,,,,,FALSE,FALSE,FALSE,Standard Rate,Standard Rate,,10,,
DW-FLAMERT-J30-62-G,Dromex 100% Cotton D59 Fern Flame Retardant Conti Jackets with Reflective - SANS 1387 & SANS 1434-1,,TRUE,1,300,345,289,332.35,,,,,,,,,,,FALSE,FALSE,FALSE,Standard Rate,Standard Rate,,10,,
DW-FLAMERT-J30-64-G,Dromex 100% Cotton D59 Fern Flame Retardant Conti Jackets with Reflective - SANS 1387 & SANS 1434-1,,TRUE,1,300,345,289,332.35,,,,,,,,,,,FALSE,FALSE,FALSE,Standard Rate,Standard Rate,,10,,
DW-FLAMERT-P26-26-G,100% Cotton D59 Fern Flame Retardant Conti Pants with Reflective - SANS 1387 & SANS 1434-1,,TRUE,1,293,336.95,282,324.3,,,,,,,,,,,FALSE,FALSE,FALSE,Standard Rate,Standard Rate,,10,,
DW-FLAMERT-P26-28-G,100% Cotton D59 Fern Flame Retardant Conti Pants with Reflective - SANS 1387 & SANS 1434-1,,TRUE,1,293,336.95,282,324.3,,,,,,,,,,,FALSE,FALSE,FALSE,Standard Rate,Standard Rate,,10,,
DW-FLAMERT-P26-30-G,100% Cotton D59 Fern Flame Retardant Conti Pants with Reflective - SANS 1387 & SANS 1434-1,,TRUE,1,293,336.95,282,324.3,,,,,,,,,,,FALSE,FALSE,FALSE,Standard Rate,Standard Rate,,10,,
DW-FLAMERT-P26-32-G,100% Cotton D59 Fern Flame Retardant Conti Pants with Reflective - SANS 1387 & SANS 1434-1,,TRUE,1,293,336.95,282,324.3,,,,,,,,,,,FALSE,FALSE,FALSE,Standard Rate,Standard Rate,,10,,
DW-FLAMERT-P26-34-G,100% Cotton D59 Fern Flame Retardant Conti Pants with Reflective - SANS 1387 & SANS 1434-1,,TRUE,1,293,336.95,282,324.3,,,,,,,,,,,FALSE,FALSE,FALSE,Standard Rate,Standard Rate,,10,,
DW-FLAMERT-P26-36-G,100% Cotton D59 Fern Flame Retardant Conti Pants with Reflective - SANS 1387 & SANS 1434-1,,TRUE,1,293,336.95,282,324.3,,,,,,,,,,,FALSE,FALSE,FALSE,Standard Rate,Standard Rate,,10,,
DW-FLAMERT-P26-38-G,100% Cotton D59 Fern Flame Retardant Conti Pants with Reflective - SANS 1387 & SANS 1434-1,,TRUE,1,293,336.95,282,324.3,,,,,,,,,,,FALSE,FALSE,FALSE,Standard Rate,Standard Rate,,10,,
DW-FLAMERT-P26-40-G,100% Cotton D59 Fern Flame Retardant Conti Pants with Reflective - SANS 1387 & SANS 1434-1,,TRUE,1,293,336.95,282,324.3,,,,,,,,,,,FALSE,FALSE,FALSE,Standard Rate,Standard Rate,,10,,
DW-FLAMERT-P26-42-G,100% Cotton D59 Fern Flame Retardant Conti Pants with Reflective - SANS 1387 & SANS 1434-1,,TRUE,1,293,336.95,282,324.3,,,,,,,,,,,FALSE,FALSE,FALSE,Standard Rate,Standard Rate,,10,,
DW-FLAMERT-P26-44-G,100% Cotton D59 Fern Flame Retardant Conti Pants with Reflective - SANS 1387 & SANS 1434-1,,TRUE,1,293,336.95,282,324.3,,,,,,,,,,,FALSE,FALSE,FALSE,Standard Rate,Standard Rate,,10,,
DW-FLAMERT-P26-46-G,100% Cotton D59 Fern Flame Retardant Conti Pants with Reflective - SANS 1387 & SANS 1434-1,,TRUE,1,293,336.95,282,324.3,,,,,,,,,,,FALSE,FALSE,FALSE,Standard Rate,Standard Rate,,10,,
DW-FLAMERT-P26-48-G,100% Cotton D59 Fern Flame Retardant Conti Pants with Reflective - SANS 1387 & SANS 1434-1,,TRUE,1,293,336.95,282,324.3,,,,,,,,,,,FALSE,FALSE,FALSE,Standard Rate,Standard Rate,,10,,
DW-FLAMERT-P26-50-G,100% Cotton D59 Fern Flame Retardant Conti Pants with Reflective - SANS 1387 & SANS 1434-1,,TRUE,1,293,336.95,282,324.3,,,,,,,,,,,FALSE,FALSE,FALSE,Standard Rate,Standard Rate,,10,,
DW-FLAMERT-P26-52-G,100% Cotton D59 Fern Flame Retardant Conti Pants with Reflective - SANS 1387 & SANS 1434-1,,TRUE,1,293,336.95,282,324.3,,,,,,,,,,,FALSE,FALSE,FALSE,Standard Rate,Standard Rate,,10,,
DW-FLAMERT-P26-54-G,100% Cotton D59 Fern Flame Retardant Conti Pants with Reflective - SANS 1387 & SANS 1434-1,,TRUE,1,293,336.95,282,324.3,,,,,,,,,,,FALSE,FALSE,FALSE,Standard Rate,Standard Rate,,10,,
DW-FLAMERT-P26-56-G,100% Cotton D59 Fern Flame Retardant Conti Pants with Reflective - SANS 1387 & SANS 1434-1,,TRUE,1,293,336.95,282,324.3,,,,,,,,,,,FALSE,FALSE,FALSE,Standard Rate,Standard Rate,,10,,
DW-FLAMERT-P26-58-G,100% Cotton D59 Fern Flame Retardant Conti Pants with Reflective - SANS 1387 & SANS 1434-1,,TRUE,1,293,336.95,282,324.3,,,,,,,,,,,FALSE,FALSE,FALSE,Standard Rate,Standard Rate,,10,,
DW-FLAMERT-P26-60-G,100% Cotton D59 Fern Flame Retardant Conti Pants with Reflective - SANS 1387 & SANS 1434-1,,TRUE,1,293,336.95,282,324.3,,,,,,,,,,,FALSE,FALSE,FALSE,Standard Rate,Standard Rate,,10,,
DW-D59ESKOM-J28-28,"Dromex SABS Marked, Da Gama Fabric, SANS 434, 100% Local Content",,TRUE,1,358,411.7,344,395.6,,,,,,,,,,,FALSE,FALSE,FALSE,Standard Rate,Standard Rate,,10,,
DW-D59ESKOM-J28-30,"Dromex SABS Marked, Da Gama Fabric, SANS 434, 100% Local Content",,TRUE,1,358,411.7,344,395.6,,,,,,,,,,,FALSE,FALSE,FALSE,Standard Rate,Standard Rate,,10,,
DW-D59ESKOM-J28-32,"Dromex SABS Marked, Da Gama Fabric, SANS 434, 100% Local Content",,TRUE,1,358,411.7,344,395.6,,,,,,,,,,,FALSE,FALSE,FALSE,Standard Rate,Standard Rate,,10,,
DW-D59ESKOM-J28-34,"Dromex SABS Marked, Da Gama Fabric, SANS 434, 100% Local Content",,TRUE,1,358,411.7,344,395.6,,,,,,,,,,,FALSE,FALSE,FALSE,Standard Rate,Standard Rate,,10,,
DW-D59ESKOM-J28-36,"Dromex SABS Marked, Da Gama Fabric, SANS 434, 100% Local Content",,TRUE,1,358,411.7,344,395.6,,,,,,,,,,,FALSE,FALSE,FALSE,Standard Rate,Standard Rate,,10,,
DW-D59ESKOM-J28-38,"Dromex SABS Marked, Da Gama Fabric, SANS 434, 100% Local Content",,TRUE,1,358,411.7,344,395.6,,,,,,,,,,,FALSE,FALSE,FALSE,Standard Rate,Standard Rate,,10,,
DW-D59ESKOM-J28-40,"Dromex SABS Marked, Da Gama Fabric, SANS 434, 100% Local Content",,TRUE,1,358,411.7,344,395.6,,,,,,,,,,,FALSE,FALSE,FALSE,Standard Rate,Standard Rate,,10,,
DW-D59ESKOM-J28-42,"Dromex SABS Marked, Da Gama Fabric, SANS 434, 100% Local Content",,TRUE,1,358,411.7,344,395.6,,,,,,,,,,,FALSE,FALSE,FALSE,Standard Rate,Standard Rate,,10,,
DW-D59ESKOM-J28-44,"Dromex SABS Marked, Da Gama Fabric, SANS 434, 100% Local Content",,TRUE,1,358,411.7,344,395.6,,,,,,,,,,,FALSE,FALSE,FALSE,Standard Rate,Standard Rate,,10,,
DW-D59ESKOM-J28-46,"Dromex SABS Marked, Da Gama Fabric, SANS 434, 100% Local Content",,TRUE,1,358,411.7,344,395.6,,,,,,,,,,,FALSE,FALSE,FALSE,Standard Rate,Standard Rate,,10,,
DW-D59ESKOM-J28-48,"Dromex SABS Marked, Da Gama Fabric, SANS 434, 100% Local Content",,TRUE,1,358,411.7,344,395.6,,,,,,,,,,,FALSE,FALSE,FALSE,Standard Rate,Standard Rate,,10,,
DW-D59ESKOM-J28-50,"Dromex SABS Marked, Da Gama Fabric, SANS 434, 100% Local Content",,TRUE,1,358,411.7,344,395.6,,,,,,,,,,,FALSE,FALSE,FALSE,Standard Rate,Standard Rate,,10,,
DW-D59ESKOM-J28-52,"Dromex SABS Marked, Da Gama Fabric, SANS 434, 100% Local Content",,TRUE,1,358,411.7,344,395.6,,,,,,,,,,,FALSE,FALSE,FALSE,Standard Rate,Standard Rate,,10,,
DW-D59ESKOM-J28-54,"Dromex SABS Marked, Da Gama Fabric, SANS 434, 100% Local Content",,TRUE,1,358,411.7,344,395.6,,,,,,,,,,,FALSE,FALSE,FALSE,Standard Rate,Standard Rate,,10,,
DW-D59ESKOM-J28-56,"Dromex SABS Marked, Da Gama Fabric, SANS 434, 100% Local Content",,TRUE,1,358,411.7,344,395.6,,,,,,,,,,,FALSE,FALSE,FALSE,Standard Rate,Standard Rate,,10,,
DW-D59ESKOM-J28-58,"Dromex SABS Marked, Da Gama Fabric, SANS 434, 100% Local Content",,TRUE,1,358,411.7,344,395.6,,,,,,,,,,,FALSE,FALSE,FALSE,Standard Rate,Standard Rate,,10,,
DW-D59ESKOM-J28-60,"Dromex SABS Marked, Da Gama Fabric, SANS 434, 100% Local Content",,TRUE,1,358,411.7,344,395.6,,,,,,,,,,,FALSE,FALSE,FALSE,Standard Rate,Standard Rate,,10,,
DW-D59ESKOM-J28-62,"Dromex SABS Marked, Da Gama Fabric, SANS 434, 100% Local Content",,TRUE,1,358,411.7,344,395.6,,,,,,,,,,,FALSE,FALSE,FALSE,Standard Rate,Standard Rate,,10,,
DW-D59ESKOM-J28-64,"Dromex SABS Marked, Da Gama Fabric, SANS 434, 100% Local Content",,TRUE,1,358,411.7,344,395.6,,,,,,,,,,,FALSE,FALSE,FALSE,Standard Rate,Standard Rate,,10,,
DW-D59ESKOM-P24-24-NVB,"Dromex 100% Cotton D59 SABS Marked, Da Gama Fabric, SANS 434, 100% Local Content",,TRUE,1,358,411.7,344,395.6,,,,,,,,,,,FALSE,FALSE,FALSE,Standard Rate,Standard Rate,,10,,
DW-D59ESKOM-P24-26-NVB,"Dromex 100% Cotton D59 SABS Marked, Da Gama Fabric, SANS 434, 100% Local Content",,TRUE,1,358,411.7,344,395.6,,,,,,,,,,,FALSE,FALSE,FALSE,Standard Rate,Standard Rate,,10,,
DW-D59ESKOM-P24-28-NVB,"Dromex 100% Cotton D59 SABS Marked, Da Gama Fabric, SANS 434, 100% Local Content",,TRUE,1,358,411.7,344,395.6,,,,,,,,,,,FALSE,FALSE,FALSE,Standard Rate,Standard Rate,,10,,
DW-D59ESKOM-P24-30-NVB,"Dromex 100% Cotton D59 SABS Marked, Da Gama Fabric, SANS 434, 100% Local Content",,TRUE,1,358,411.7,344,395.6,,,,,,,,,,,FALSE,FALSE,FALSE,Standard Rate,Standard Rate,,10,,
DW-D59ESKOM-P24-32-NVB,"Dromex 100% Cotton D59 SABS Marked, Da Gama Fabric, SANS 434, 100% Local Content",,TRUE,1,358,411.7,344,395.6,,,,,,,,,,,FALSE,FALSE,FALSE,Standard Rate,Standard Rate,,10,,
DW-D59ESKOM-P24-34-NVB,"Dromex 100% Cotton D59 SABS Marked, Da Gama Fabric, SANS 434, 100% Local Content",,TRUE,1,358,411.7,344,395.6,,,,,,,,,,,FALSE,FALSE,FALSE,Standard Rate,Standard Rate,,10,,
DW-D59ESKOM-P24-36-NVB,"Dromex 100% Cotton D59 SABS Marked, Da Gama Fabric, SANS 434, 100% Local Content",,TRUE,1,358,411.7,344,395.6,,,,,,,,,,,FALSE,FALSE,FALSE,Standard Rate,Standard Rate,,10,,
DW-D59ESKOM-P24-38-NVB,"Dromex 100% Cotton D59 SABS Marked, Da Gama Fabric, SANS 434, 100% Local Content",,TRUE,1,358,411.7,344,395.6,,,,,,,,,,,FALSE,FALSE,FALSE,Standard Rate,Standard Rate,,10,,
DW-D59ESKOM-P24-40-NVB,"Dromex 100% Cotton D59 SABS Marked, Da Gama Fabric, SANS 434, 100% Local Content",,TRUE,1,358,411.7,344,395.6,,,,,,,,,,,FALSE,FALSE,FALSE,Standard Rate,Standard Rate,,10,,
DW-D59ESKOM-P24-42-NVB,"Dromex 100% Cotton D59 SABS Marked, Da Gama Fabric, SANS 434, 100% Local Content",,TRUE,1,358,411.7,344,395.6,,,,,,,,,,,FALSE,FALSE,FALSE,Standard Rate,Standard Rate,,10,,
DW-D59ESKOM-P24-44-NVB,"Dromex 100% Cotton D59 SABS Marked, Da Gama Fabric, SANS 434, 100% Local Content",,TRUE,1,358,411.7,344,395.6,,,,,,,,,,,FALSE,FALSE,FALSE,Standard Rate,Standard Rate,,10,,
DW-D59ESKOM-P24-46-NVB,"Dromex 100% Cotton D59 SABS Marked, Da Gama Fabric, SANS 434, 100% Local Content",,TRUE,1,358,411.7,344,395.6,,,,,,,,,,,FALSE,FALSE,FALSE,Standard Rate,Standard Rate,,10,,
DW-D59ESKOM-P24-48-NVB,"Dromex 100% Cotton D59 SABS Marked, Da Gama Fabric, SANS 434, 100% Local Content",,TRUE,1,358,411.7,344,395.6,,,,,,,,,,,FALSE,FALSE,FALSE,Standard Rate,Standard Rate,,10,,
DW-D59ESKOM-P24-50-NVB,"Dromex 100% Cotton D59 SABS Marked, Da Gama Fabric, SANS 434, 100% Local Content",,TRUE,1,358,411.7,344,395.6,,,,,,,,,,,FALSE,FALSE,FALSE,Standard Rate,Standard Rate,,10,,
DW-D59ESKOM-P24-52-NVB,"Dromex 100% Cotton D59 SABS Marked, Da Gama Fabric, SANS 434, 100% Local Content",,TRUE,1,358,411.7,344,395.6,,,,,,,,,,,FALSE,FALSE,FALSE,Standard Rate,Standard Rate,,10,,
DW-D59ESKOM-P24-54-NVB,"Dromex 100% Cotton D59 SABS Marked, Da Gama Fabric, SANS 434, 100% Local Content",,TRUE,1,358,411.7,344,395.6,,,,,,,,,,,FALSE,FALSE,FALSE,Standard Rate,Standard Rate,,10,,
DW-D59ESKOM-P24-56-NVB,"Dromex 100% Cotton D59 SABS Marked, Da Gama Fabric, SANS 434, 100% Local Content",,TRUE,1,358,411.7,344,395.6,,,,,,,,,,,FALSE,FALSE,FALSE,Standard Rate,Standard Rate,,10,,
DW-D59ESKOM-P24-58-NVB,"Dromex 100% Cotton D59 SABS Marked, Da Gama Fabric, SANS 434, 100% Local Content",,TRUE,1,358,411.7,344,395.6,,,,,,,,,,,FALSE,FALSE,FALSE,Standard Rate,Standard Rate,,10,,
DW-D59ESKOM-P24-60-NVB,"Dromex 100% Cotton D59 SABS Marked, Da Gama Fabric, SANS 434, 100% Local Content",,TRUE,1,358,411.7,344,395.6,,,,,,,,,,,FALSE,FALSE,FALSE,Standard Rate,Standard Rate,,10,,
DW-D59ESKOM-WJXS-XS,"Dromex SABS Marked, Da Gama Fabric, SANS 434, 100% Local Content",,TRUE,1,1001,1151.15,962.5,1106.88,,,,,,,,,,,FALSE,FALSE,FALSE,Standard Rate,Standard Rate,,10,,
DW-D59ESKOM-WJXS-S,"Dromex SABS Marked, Da Gama Fabric, SANS 434, 100% Local Content",,TRUE,1,1001,1151.15,962.5,1106.88,,,,,,,,,,,FALSE,FALSE,FALSE,Standard Rate,Standard Rate,,10,,
DW-D59ESKOM-WJXS-M,"Dromex SABS Marked, Da Gama Fabric, SANS 434, 100% Local Content",,TRUE,1,1001,1151.15,962.5,1106.88,,,,,,,,,,,FALSE,FALSE,FALSE,Standard Rate,Standard Rate,,10,,
DW-D59ESKOM-WJXS-L,"Dromex SABS Marked, Da Gama Fabric, SANS 434, 100% Local Content",,TRUE,1,1001,1151.15,962.5,1106.88,,,,,,,,,,,FALSE,FALSE,FALSE,Standard Rate,Standard Rate,,10,,
DW-D59ESKOM-WJXS-XL,"Dromex SABS Marked, Da Gama Fabric, SANS 434, 100% Local Content",,TRUE,1,1001,1151.15,962.5,1106.88,,,,,,,,,,,FALSE,FALSE,FALSE,Standard Rate,Standard Rate,,10,,
DW-D59FA-J28-28-NVB,"Dromex SABS Marked - D59 Flame Retardant Conti Jackets with Reflective - SANS 434, SANS 1387-4",,TRUE,1,287,330.05,276,317.4,,,,,,,,,,,FALSE,FALSE,FALSE,Standard Rate,Standard Rate,,10,,
DW-D59FA-J28-30-NVB,"Dromex SABS Marked - D59 Flame Retardant Conti Jackets with Reflective - SANS 434, SANS 1387-4",,TRUE,1,287,330.05,276,317.4,,,,,,,,,,,FALSE,FALSE,FALSE,Standard Rate,Standard Rate,,10,,
DW-D59FA-J28-32-NVB,"Dromex SABS Marked - D59 Flame Retardant Conti Jackets with Reflective - SANS 434, SANS 1387-4",,TRUE,1,287,330.05,276,317.4,,,,,,,,,,,FALSE,FALSE,FALSE,Standard Rate,Standard Rate,,10,,
DW-D59FA-J28-34-NVB,"Dromex SABS Marked - D59 Flame Retardant Conti Jackets with Reflective - SANS 434, SANS 1387-4",,TRUE,1,287,330.05,276,317.4,,,,,,,,,,,FALSE,FALSE,FALSE,Standard Rate,Standard Rate,,10,,
DW-D59FA-J28-36-NVB,"Dromex SABS Marked - D59 Flame Retardant Conti Jackets with Reflective - SANS 434, SANS 1387-4",,TRUE,1,287,330.05,276,317.4,,,,,,,,,,,FALSE,FALSE,FALSE,Standard Rate,Standard Rate,,10,,
DW-D59FA-J28-38-NVB,"Dromex SABS Marked - D59 Flame Retardant Conti Jackets with Reflective - SANS 434, SANS 1387-4",,TRUE,1,287,330.05,276,317.4,,,,,,,,,,,FALSE,FALSE,FALSE,Standard Rate,Standard Rate,,10,,
DW-D59FA-J28-40-NVB,"Dromex SABS Marked - D59 Flame Retardant Conti Jackets with Reflective - SANS 434, SANS 1387-4",,TRUE,1,287,330.05,276,317.4,,,,,,,,,,,FALSE,FALSE,FALSE,Standard Rate,Standard Rate,,10,,
DW-D59FA-J28-42-NVB,"Dromex SABS Marked - D59 Flame Retardant Conti Jackets with Reflective - SANS 434, SANS 1387-4",,TRUE,1,287,330.05,276,317.4,,,,,,,,,,,FALSE,FALSE,FALSE,Standard Rate,Standard Rate,,10,,
DW-D59FA-J28-44-NVB,"Dromex SABS Marked - D59 Flame Retardant Conti Jackets with Reflective - SANS 434, SANS 1387-4",,TRUE,1,287,330.05,276,317.4,,,,,,,,,,,FALSE,FALSE,FALSE,Standard Rate,Standard Rate,,10,,
DW-D59FA-J28-46-NVB,"Dromex SABS Marked - D59 Flame Retardant Conti Jackets with Reflective - SANS 434, SANS 1387-4",,TRUE,1,287,330.05,276,317.4,,,,,,,,,,,FALSE,FALSE,FALSE,Standard Rate,Standard Rate,,10,,
DW-D59FA-J28-48-NVB,"Dromex SABS Marked - D59 Flame Retardant Conti Jackets with Reflective - SANS 434, SANS 1387-4",,TRUE,1,287,330.05,276,317.4,,,,,,,,,,,FALSE,FALSE,FALSE,Standard Rate,Standard Rate,,10,,
DW-D59FA-J28-50-NVB,"Dromex SABS Marked - D59 Flame Retardant Conti Jackets with Reflective - SANS 434, SANS 1387-4",,TRUE,1,287,330.05,276,317.4,,,,,,,,,,,FALSE,FALSE,FALSE,Standard Rate,Standard Rate,,10,,
DW-D59FA-J28-52-NVB,"Dromex SABS Marked - D59 Flame Retardant Conti Jackets with Reflective - SANS 434, SANS 1387-4",,TRUE,1,287,330.05,276,317.4,,,,,,,,,,,FALSE,FALSE,FALSE,Standard Rate,Standard Rate,,10,,
DW-D59FA-J28-54-NVB,"Dromex SABS Marked - D59 Flame Retardant Conti Jackets with Reflective - SANS 434, SANS 1387-4",,TRUE,1,287,330.05,276,317.4,,,,,,,,,,,FALSE,FALSE,FALSE,Standard Rate,Standard Rate,,10,,
DW-D59FA-J28-56-NVB,"Dromex SABS Marked - D59 Flame Retardant Conti Jackets with Reflective - SANS 434, SANS 1387-4",,TRUE,1,287,330.05,276,317.4,,,,,,,,,,,FALSE,FALSE,FALSE,Standard Rate,Standard Rate,,10,,
DW-D59FA-J28-58-NVB,"Dromex SABS Marked - D59 Flame Retardant Conti Jackets with Reflective - SANS 434, SANS 1387-4",,TRUE,1,287,330.05,276,317.4,,,,,,,,,,,FALSE,FALSE,FALSE,Standard Rate,Standard Rate,,10,,
DW-D59FA-J28-60-NVB,"Dromex SABS Marked - D59 Flame Retardant Conti Jackets with Reflective - SANS 434, SANS 1387-4",,TRUE,1,287,330.05,276,317.4,,,,,,,,,,,FALSE,FALSE,FALSE,Standard Rate,Standard Rate,,10,,
DW-D59FA-J28-62-NVB,"Dromex SABS Marked - D59 Flame Retardant Conti Jackets with Reflective - SANS 434, SANS 1387-4",,TRUE,1,287,330.05,276,317.4,,,,,,,,,,,FALSE,FALSE,FALSE,Standard Rate,Standard Rate,,10,,
DW-D59FA-J28-64-NVB,"Dromex SABS Marked - D59 Flame Retardant Conti Jackets with Reflective - SANS 434, SANS 1387-4",,TRUE,1,287,330.05,276,317.4,,,,,,,,,,,FALSE,FALSE,FALSE,Standard Rate,Standard Rate,,10,,
DW-D59FA-J28-66-NVB,"Dromex SABS Marked - D59 Flame Retardant Conti Jackets with Reflective - SANS 434, SANS 1387-4",,TRUE,1,287,330.05,276,317.4,,,,,,,,,,,FALSE,FALSE,FALSE,Standard Rate,Standard Rate,,10,,
DW-D59FA-J28-68-NVB,"Dromex SABS Marked - D59 Flame Retardant Conti Jackets with Reflective - SANS 434, SANS 1387-4",,TRUE,1,287,330.05,276,317.4,,,,,,,,,,,FALSE,FALSE,FALSE,Standard Rate,Standard Rate,,10,,
DW-D59FA-P24-24-NVB,"Dromex SABS Marked - D59 Flame Retardant Conti Pants with Reflective - SANS 434, SANS 1387-4",,TRUE,1,287,330.05,276,317.4,,,,,,,,,,,FALSE,FALSE,FALSE,Standard Rate,Standard Rate,,10,,
DW-D59FA-P24-26-NVB,"Dromex SABS Marked - D59 Flame Retardant Conti Pants with Reflective - SANS 434, SANS 1387-4",,TRUE,1,287,330.05,276,317.4,,,,,,,,,,,FALSE,FALSE,FALSE,Standard Rate,Standard Rate,,10,,
DW-D59FA-P24-28-NVB,"Dromex SABS Marked - D59 Flame Retardant Conti Pants with Reflective - SANS 434, SANS 1387-4",,TRUE,1,287,330.05,276,317.4,,,,,,,,,,,FALSE,FALSE,FALSE,Standard Rate,Standard Rate,,10,,
DW-D59FA-P24-30-NVB,"Dromex SABS Marked - D59 Flame Retardant Conti Pants with Reflective - SANS 434, SANS 1387-4",,TRUE,1,287,330.05,276,317.4,,,,,,,,,,,FALSE,FALSE,FALSE,Standard Rate,Standard Rate,,10,,
DW-D59FA-P24-32-NVB,"Dromex SABS Marked - D59 Flame Retardant Conti Pants with Reflective - SANS 434, SANS 1387-4",,TRUE,1,287,330.05,276,317.4,,,,,,,,,,,FALSE,FALSE,FALSE,Standard Rate,Standard Rate,,10,,
DW-D59FA-P24-34-NVB,"Dromex SABS Marked - D59 Flame Retardant Conti Pants with Reflective - SANS 434, SANS 1387-4",,TRUE,1,287,330.05,276,317.4,,,,,,,,,,,FALSE,FALSE,FALSE,Standard Rate,Standard Rate,,10,,
DW-D59FA-P24-36-NVB,"Dromex SABS Marked - D59 Flame Retardant Conti Pants with Reflective - SANS 434, SANS 1387-4",,TRUE,1,287,330.05,276,317.4,,,,,,,,,,,FALSE,FALSE,FALSE,Standard Rate,Standard Rate,,10,,
DW-D59FA-P24-38-NVB,"Dromex SABS Marked - D59 Flame Retardant Conti Pants with Reflective - SANS 434, SANS 1387-4",,TRUE,1,287,330.05,276,317.4,,,,,,,,,,,FALSE,FALSE,FALSE,Standard Rate,Standard Rate,,10,,
DW-D59FA-P24-40-NVB,"Dromex SABS Marked - D59 Flame Retardant Conti Pants with Reflective - SANS 434, SANS 1387-4",,TRUE,1,287,330.05,276,317.4,,,,,,,,,,,FALSE,FALSE,FALSE,Standard Rate,Standard Rate,,10,,
DW-D59FA-P24-42-NVB,"Dromex SABS Marked - D59 Flame Retardant Conti Pants with Reflective - SANS 434, SANS 1387-4",,TRUE,1,287,330.05,276,317.4,,,,,,,,,,,FALSE,FALSE,FALSE,Standard Rate,Standard Rate,,10,,
DW-D59FA-P24-44-NVB,"Dromex SABS Marked - D59 Flame Retardant Conti Pants with Reflective - SANS 434, SANS 1387-4",,TRUE,1,287,330.05,276,317.4,,,,,,,,,,,FALSE,FALSE,FALSE,Standard Rate,Standard Rate,,10,,
DW-D59FA-P24-46-NVB,"Dromex SABS Marked - D59 Flame Retardant Conti Pants with Reflective - SANS 434, SANS 1387-4",,TRUE,1,287,330.05,276,317.4,,,,,,,,,,,FALSE,FALSE,FALSE,Standard Rate,Standard Rate,,10,,
DW-D59FA-P24-48-NVB,"Dromex SABS Marked - D59 Flame Retardant Conti Pants with Reflective - SANS 434, SANS 1387-4",,TRUE,1,287,330.05,276,317.4,,,,,,,,,,,FALSE,FALSE,FALSE,Standard Rate,Standard Rate,,10,,
DW-D59FA-P24-50-NVB,"Dromex SABS Marked - D59 Flame Retardant Conti Pants with Reflective - SANS 434, SANS 1387-4",,TRUE,1,287,330.05,276,317.4,,,,,,,,,,,FALSE,FALSE,FALSE,Standard Rate,Standard Rate,,10,,
DW-D59FA-P24-52-NVB,"Dromex SABS Marked - D59 Flame Retardant Conti Pants with Reflective - SANS 434, SANS 1387-4",,TRUE,1,287,330.05,276,317.4,,,,,,,,,,,FALSE,FALSE,FALSE,Standard Rate,Standard Rate,,10,,
DW-D59FA-P24-54-NVB,"Dromex SABS Marked - D59 Flame Retardant Conti Pants with Reflective - SANS 434, SANS 1387-4",,TRUE,1,287,330.05,276,317.4,,,,,,,,,,,FALSE,FALSE,FALSE,Standard Rate,Standard Rate,,10,,
DW-D59FA-P24-56-NVB,"Dromex SABS Marked - D59 Flame Retardant Conti Pants with Reflective - SANS 434, SANS 1387-4",,TRUE,1,287,330.05,276,317.4,,,,,,,,,,,FALSE,FALSE,FALSE,Standard Rate,Standard Rate,,10,,
DW-D59FA-P24-58-NVB,"Dromex SABS Marked - D59 Flame Retardant Conti Pants with Reflective - SANS 434, SANS 1387-4",,TRUE,1,287,330.05,276,317.4,,,,,,,,,,,FALSE,FALSE,FALSE,Standard Rate,Standard Rate,,10,,
DW-D59FA-P24-60-NVB,"Dromex SABS Marked - D59 Flame Retardant Conti Pants with Reflective - SANS 434, SANS 1387-4",,TRUE,1,287,330.05,276,317.4,,,,,,,,,,,FALSE,FALSE,FALSE,Standard Rate,Standard Rate,,10,,
DW-D59FA-P24-62-NVB,"Dromex SABS Marked - D59 Flame Retardant Conti Pants with Reflective - SANS 434, SANS 1387-4",,TRUE,1,287,330.05,276,317.4,,,,,,,,,,,FALSE,FALSE,FALSE,Standard Rate,Standard Rate,,10,,
DW-D59FA-P24-64-NVB,"Dromex SABS Marked - D59 Flame Retardant Conti Pants with Reflective - SANS 434, SANS 1387-4",,TRUE,1,287,330.05,276,317.4,,,,,,,,,,,FALSE,FALSE,FALSE,Standard Rate,Standard Rate,,10,,
DW-D59FA-O28-28-NVB,"Dromex SABS Marked - D59 Flame Retardant Boiler Suits with Reflective - SANS 434, SANS 1387-4",,TRUE,1,575,661.25,553,635.95,,,,,,,,,,,FALSE,FALSE,FALSE,Standard Rate,Standard Rate,,10,,
DW-D59FA-O28-30-NVB,"Dromex SABS Marked - D59 Flame Retardant Boiler Suits with Reflective - SANS 434, SANS 1387-4",,TRUE,1,575,661.25,553,635.95,,,,,,,,,,,FALSE,FALSE,FALSE,Standard Rate,Standard Rate,,10,,
DW-D59FA-O28-32-NVB,"Dromex SABS Marked - D59 Flame Retardant Boiler Suits with Reflective - SANS 434, SANS 1387-4",,TRUE,1,575,661.25,553,635.95,,,,,,,,,,,FALSE,FALSE,FALSE,Standard Rate,Standard Rate,,10,,
DW-D59FA-O28-34-NVB,"Dromex SABS Marked - D59 Flame Retardant Boiler Suits with Reflective - SANS 434, SANS 1387-4",,TRUE,1,575,661.25,553,635.95,,,,,,,,,,,FALSE,FALSE,FALSE,Standard Rate,Standard Rate,,10,,
DW-D59FA-O28-36-NVB,"Dromex SABS Marked - D59 Flame Retardant Boiler Suits with Reflective - SANS 434, SANS 1387-4",,TRUE,1,575,661.25,553,635.95,,,,,,,,,,,FALSE,FALSE,FALSE,Standard Rate,Standard Rate,,10,,
DW-D59FA-O28-38-NVB,"Dromex SABS Marked - D59 Flame Retardant Boiler Suits with Reflective - SANS 434, SANS 1387-4",,TRUE,1,575,661.25,553,635.95,,,,,,,,,,,FALSE,FALSE,FALSE,Standard Rate,Standard Rate,,10,,
DW-D59FA-O28-40-NVB,"Dromex SABS Marked - D59 Flame Retardant Boiler Suits with Reflective - SANS 434, SANS 1387-4",,TRUE,1,575,661.25,553,635.95,,,,,,,,,,,FALSE,FALSE,FALSE,Standard Rate,Standard Rate,,10,,
DW-D59FA-O28-42-NVB,"Dromex SABS Marked - D59 Flame Retardant Boiler Suits with Reflective - SANS 434, SANS 1387-4",,TRUE,1,575,661.25,553,635.95,,,,,,,,,,,FALSE,FALSE,FALSE,Standard Rate,Standard Rate,,10,,
DW-D59FA-O28-44-NVB,"Dromex SABS Marked - D59 Flame Retardant Boiler Suits with Reflective - SANS 434, SANS 1387-4",,TRUE,1,575,661.25,553,635.95,,,,,,,,,,,FALSE,FALSE,FALSE,Standard Rate,Standard Rate,,10,,
DW-D59FA-O28-46-NVB,"Dromex SABS Marked - D59 Flame Retardant Boiler Suits with Reflective - SANS 434, SANS 1387-4",,TRUE,1,575,661.25,553,635.95,,,,,,,,,,,FALSE,FALSE,FALSE,Standard Rate,Standard Rate,,10,,
DW-D59FA-O28-48-NVB,"Dromex SABS Marked - D59 Flame Retardant Boiler Suits with Reflective - SANS 434, SANS 1387-4",,TRUE,1,575,661.25,553,635.95,,,,,,,,,,,FALSE,FALSE,FALSE,Standard Rate,Standard Rate,,10,,
DW-D59FA-O28-50-NVB,"Dromex SABS Marked - D59 Flame Retardant Boiler Suits with Reflective - SANS 434, SANS 1387-4",,TRUE,1,575,661.25,553,635.95,,,,,,,,,,,FALSE,FALSE,FALSE,Standard Rate,Standard Rate,,10,,
DW-D59FA-O28-52-NVB,"Dromex SABS Marked - D59 Flame Retardant Boiler Suits with Reflective - SANS 434, SANS 1387-4",,TRUE,1,575,661.25,553,635.95,,,,,,,,,,,FALSE,FALSE,FALSE,Standard Rate,Standard Rate,,10,,
DW-D59FA-O28-54-NVB,"Dromex SABS Marked - D59 Flame Retardant Boiler Suits with Reflective - SANS 434, SANS 1387-4",,TRUE,1,575,661.25,553,635.95,,,,,,,,,,,FALSE,FALSE,FALSE,Standard Rate,Standard Rate,,10,,
DW-D59FA-O28-56-NVB,"Dromex SABS Marked - D59 Flame Retardant Boiler Suits with Reflective - SANS 434, SANS 1387-4",,TRUE,1,575,661.25,553,635.95,,,,,,,,,,,FALSE,FALSE,FALSE,Standard Rate,Standard Rate,,10,,
DW-D59FA-O28-58-NVB,"Dromex SABS Marked - D59 Flame Retardant Boiler Suits with Reflective - SANS 434, SANS 1387-4",,TRUE,1,575,661.25,553,635.95,,,,,,,,,,,FALSE,FALSE,FALSE,Standard Rate,Standard Rate,,10,,
DW-D59FA-O28-60-NVB,"Dromex SABS Marked - D59 Flame Retardant Boiler Suits with Reflective - SANS 434, SANS 1387-4",,TRUE,1,575,661.25,553,635.95,,,,,,,,,,,FALSE,FALSE,FALSE,Standard Rate,Standard Rate,,10,,
DW-D59FA-O28-62-NVB,"Dromex SABS Marked - D59 Flame Retardant Boiler Suits with Reflective - SANS 434, SANS 1387-4",,TRUE,1,575,661.25,553,635.95,,,,,,,,,,,FALSE,FALSE,FALSE,Standard Rate,Standard Rate,,10,,
DW-D59FA-O28-64-NVB,"Dromex SABS Marked - D59 Flame Retardant Boiler Suits with Reflective - SANS 434, SANS 1387-4",,TRUE,1,575,661.25,553,635.95,,,,,,,,,,,FALSE,FALSE,FALSE,Standard Rate,Standard Rate,,10,,
DW-D59FA-O28-66-NVB,"Dromex SABS Marked - D59 Flame Retardant Boiler Suits with Reflective - SANS 434, SANS 1387-4",,TRUE,1,575,661.25,553,635.95,,,,,,,,,,,FALSE,FALSE,FALSE,Standard Rate,Standard Rate,,10,,
DW-D59FA-O28-68-NVB,"Dromex SABS Marked - D59 Flame Retardant Boiler Suits with Reflective - SANS 434, SANS 1387-4",,TRUE,1,575,661.25,553,635.95,,,,,,,,,,,FALSE,FALSE,FALSE,Standard Rate,Standard Rate,,10,,
DW-D59FA-O28-70-NVB,"Dromex SABS Marked - D59 Flame Retardant Boiler Suits with Reflective - SANS 434, SANS 1387-4",,TRUE,1,575,661.25,553,635.95,,,,,,,,,,,FALSE,FALSE,FALSE,Standard Rate,Standard Rate,,10,,
DW-D59FA-O28-72-NVB,"Dromex SABS Marked - D59 Flame Retardant Boiler Suits with Reflective - SANS 434, SANS 1387-4",,TRUE,1,575,661.25,553,635.95,,,,,,,,,,,FALSE,FALSE,FALSE,Standard Rate,Standard Rate,,10,,
DW-D59FA-O28-74-NVB,"Dromex SABS Marked - D59 Flame Retardant Boiler Suits with Reflective - SANS 434, SANS 1387-4",,TRUE,1,575,661.25,553,635.95,,,,,,,,,,,FALSE,FALSE,FALSE,Standard Rate,Standard Rate,,10,,
DW-D59FASCN-S-NVB,"Dromex D59 Flame Retardant Skull Cap with Neck Protection SANS 1387-4, SANS 1434-1 & ISO 6530",,TRUE,1,79,90.85,76,87.4,,,,,,,,,,,FALSE,FALSE,FALSE,Standard Rate,Standard Rate,,10,,
DW-D59FASCN-M-NVB,"Dromex D59 Flame Retardant Skull Cap with Neck Protection SANS 1387-4, SANS 1434-1 & ISO 6530",,TRUE,1,79,90.85,76,87.4,,,,,,,,,,,FALSE,FALSE,FALSE,Standard Rate,Standard Rate,,10,,
DW-D59FAWH-NB-NVB,D59 Flame & Acid Welders Hood - One Size,,TRUE,1,200.2,230.23,192.5,221.38,,,,,,,,,,,FALSE,FALSE,FALSE,Standard Rate,Standard Rate,,10,,
DW-D59FAOR-J30-30-O,"SABS Marked - D59 Flame Retardant Conti Jackets with Reflective - SANS 434, SANS 1387-4",,TRUE,1,486,558.9,468,538.2,,,,,,,,,,,FALSE,FALSE,FALSE,Standard Rate,Standard Rate,,10,,
DW-D59FAOR-J30-32-O,"SABS Marked - D59 Flame Retardant Conti Jackets with Reflective - SANS 434, SANS 1387-4",,TRUE,1,486,558.9,468,538.2,,,,,,,,,,,FALSE,FALSE,FALSE,Standard Rate,Standard Rate,,10,,
DW-D59FAOR-J30-34-O,"SABS Marked - D59 Flame Retardant Conti Jackets with Reflective - SANS 434, SANS 1387-4",,TRUE,1,486,558.9,468,538.2,,,,,,,,,,,FALSE,FALSE,FALSE,Standard Rate,Standard Rate,,10,,
DW-D59FAOR-J30-36-O,"SABS Marked - D59 Flame Retardant Conti Jackets with Reflective - SANS 434, SANS 1387-4",,TRUE,1,486,558.9,468,538.2,,,,,,,,,,,FALSE,FALSE,FALSE,Standard Rate,Standard Rate,,10,,
DW-D59FAOR-J30-38-O,"SABS Marked - D59 Flame Retardant Conti Jackets with Reflective - SANS 434, SANS 1387-4",,TRUE,1,486,558.9,468,538.2,,,,,,,,,,,FALSE,FALSE,FALSE,Standard Rate,Standard Rate,,10,,
DW-D59FAOR-J30-40-O,"SABS Marked - D59 Flame Retardant Conti Jackets with Reflective - SANS 434, SANS 1387-4",,TRUE,1,486,558.9,468,538.2,,,,,,,,,,,FALSE,FALSE,FALSE,Standard Rate,Standard Rate,,10,,
DW-D59FAOR-J30-42-O,"SABS Marked - D59 Flame Retardant Conti Jackets with Reflective - SANS 434, SANS 1387-4",,TRUE,1,486,558.9,468,538.2,,,,,,,,,,,FALSE,FALSE,FALSE,Standard Rate,Standard Rate,,10,,
DW-D59FAOR-J30-44-O,"SABS Marked - D59 Flame Retardant Conti Jackets with Reflective - SANS 434, SANS 1387-4",,TRUE,1,486,558.9,468,538.2,,,,,,,,,,,FALSE,FALSE,FALSE,Standard Rate,Standard Rate,,10,,
DW-D59FAOR-J30-46-O,"SABS Marked - D59 Flame Retardant Conti Jackets with Reflective - SANS 434, SANS 1387-4",,TRUE,1,486,558.9,468,538.2,,,,,,,,,,,FALSE,FALSE,FALSE,Standard Rate,Standard Rate,,10,,
DW-D59FAOR-J30-48-O,"SABS Marked - D59 Flame Retardant Conti Jackets with Reflective - SANS 434, SANS 1387-4",,TRUE,1,486,558.9,468,538.2,,,,,,,,,,,FALSE,FALSE,FALSE,Standard Rate,Standard Rate,,10,,
DW-D59FAOR-J30-50-O,"SABS Marked - D59 Flame Retardant Conti Jackets with Reflective - SANS 434, SANS 1387-4",,TRUE,1,486,558.9,468,538.2,,,,,,,,,,,FALSE,FALSE,FALSE,Standard Rate,Standard Rate,,10,,
DW-D59FAOR-J30-52-O,"SABS Marked - D59 Flame Retardant Conti Jackets with Reflective - SANS 434, SANS 1387-4",,TRUE,1,486,558.9,468,538.2,,,,,,,,,,,FALSE,FALSE,FALSE,Standard Rate,Standard Rate,,10,,
DW-D59FAOR-J30-54-O,"SABS Marked - D59 Flame Retardant Conti Jackets with Reflective - SANS 434, SANS 1387-4",,TRUE,1,486,558.9,468,538.2,,,,,,,,,,,FALSE,FALSE,FALSE,Standard Rate,Standard Rate,,10,,
DW-D59FAOR-J30-56-O,"SABS Marked - D59 Flame Retardant Conti Jackets with Reflective - SANS 434, SANS 1387-4",,TRUE,1,486,558.9,468,538.2,,,,,,,,,,,FALSE,FALSE,FALSE,Standard Rate,Standard Rate,,10,,
DW-D59FAOR-J30-58-O,"SABS Marked - D59 Flame Retardant Conti Jackets with Reflective - SANS 434, SANS 1387-4",,TRUE,1,486,558.9,468,538.2,,,,,,,,,,,FALSE,FALSE,FALSE,Standard Rate,Standard Rate,,10,,
DW-D59FAOR-J30-60-O,"SABS Marked - D59 Flame Retardant Conti Jackets with Reflective - SANS 434, SANS 1387-4",,TRUE,1,486,558.9,468,538.2,,,,,,,,,,,FALSE,FALSE,FALSE,Standard Rate,Standard Rate,,10,,
DW-D59FAOR-P26-26-O,"Dromex SABS Marked - D59 Flame Retardant Conti Pants with Reflective - SANS 434, SANS 1387-4",,TRUE,1,379,435.85,364,418.6,,,,,,,,,,,FALSE,FALSE,FALSE,Standard Rate,Standard Rate,,10,,
DW-D59FAOR-P26-28-O,"Dromex SABS Marked - D59 Flame Retardant Conti Pants with Reflective - SANS 434, SANS 1387-4",,TRUE,1,379,435.85,364,418.6,,,,,,,,,,,FALSE,FALSE,FALSE,Standard Rate,Standard Rate,,10,,
DW-D59FAOR-P26-30-O,"Dromex SABS Marked - D59 Flame Retardant Conti Pants with Reflective - SANS 434, SANS 1387-4",,TRUE,1,379,435.85,364,418.6,,,,,,,,,,,FALSE,FALSE,FALSE,Standard Rate,Standard Rate,,10,,
DW-D59FAOR-P26-32-O,"Dromex SABS Marked - D59 Flame Retardant Conti Pants with Reflective - SANS 434, SANS 1387-4",,TRUE,1,379,435.85,364,418.6,,,,,,,,,,,FALSE,FALSE,FALSE,Standard Rate,Standard Rate,,10,,
DW-D59FAOR-P26-34-O,"Dromex SABS Marked - D59 Flame Retardant Conti Pants with Reflective - SANS 434, SANS 1387-4",,TRUE,1,379,435.85,364,418.6,,,,,,,,,,,FALSE,FALSE,FALSE,Standard Rate,Standard Rate,,10,,
DW-D59FAOR-P26-36-O,"Dromex SABS Marked - D59 Flame Retardant Conti Pants with Reflective - SANS 434, SANS 1387-4",,TRUE,1,379,435.85,364,418.6,,,,,,,,,,,FALSE,FALSE,FALSE,Standard Rate,Standard Rate,,10,,
DW-D59FAOR-P26-38-O,"Dromex SABS Marked - D59 Flame Retardant Conti Pants with Reflective - SANS 434, SANS 1387-4",,TRUE,1,379,435.85,364,418.6,,,,,,,,,,,FALSE,FALSE,FALSE,Standard Rate,Standard Rate,,10,,
DW-D59FAOR-P26-40-O,"Dromex SABS Marked - D59 Flame Retardant Conti Pants with Reflective - SANS 434, SANS 1387-4",,TRUE,1,379,435.85,364,418.6,,,,,,,,,,,FALSE,FALSE,FALSE,Standard Rate,Standard Rate,,10,,
DW-D59FAOR-P26-42-O,"Dromex SABS Marked - D59 Flame Retardant Conti Pants with Reflective - SANS 434, SANS 1387-4",,TRUE,1,379,435.85,364,418.6,,,,,,,,,,,FALSE,FALSE,FALSE,Standard Rate,Standard Rate,,10,,
DW-D59FAOR-P26-44-O,"Dromex SABS Marked - D59 Flame Retardant Conti Pants with Reflective - SANS 434, SANS 1387-4",,TRUE,1,379,435.85,364,418.6,,,,,,,,,,,FALSE,FALSE,FALSE,Standard Rate,Standard Rate,,10,,
DW-D59FAOR-P26-46-O,"Dromex SABS Marked - D59 Flame Retardant Conti Pants with Reflective - SANS 434, SANS 1387-4",,TRUE,1,379,435.85,364,418.6,,,,,,,,,,,FALSE,FALSE,FALSE,Standard Rate,Standard Rate,,10,,
DW-D59FAOR-P26-48-O,"Dromex SABS Marked - D59 Flame Retardant Conti Pants with Reflective - SANS 434, SANS 1387-4",,TRUE,1,379,435.85,364,418.6,,,,,,,,,,,FALSE,FALSE,FALSE,Standard Rate,Standard Rate,,10,,
DW-D59FAOR-P26-50-O,"Dromex SABS Marked - D59 Flame Retardant Conti Pants with Reflective - SANS 434, SANS 1387-4",,TRUE,1,379,435.85,364,418.6,,,,,,,,,,,FALSE,FALSE,FALSE,Standard Rate,Standard Rate,,10,,
DW-D59FAOR-P26-52-O,"Dromex SABS Marked - D59 Flame Retardant Conti Pants with Reflective - SANS 434, SANS 1387-4",,TRUE,1,379,435.85,364,418.6,,,,,,,,,,,FALSE,FALSE,FALSE,Standard Rate,Standard Rate,,10,,
DW-D59FAOR-P26-54-O,"Dromex SABS Marked - D59 Flame Retardant Conti Pants with Reflective - SANS 434, SANS 1387-4",,TRUE,1,379,435.85,364,418.6,,,,,,,,,,,FALSE,FALSE,FALSE,Standard Rate,Standard Rate,,10,,
DW-D59FAOR-P26-56-O,"Dromex SABS Marked - D59 Flame Retardant Conti Pants with Reflective - SANS 434, SANS 1387-4",,TRUE,1,379,435.85,364,418.6,,,,,,,,,,,FALSE,FALSE,FALSE,Standard Rate,Standard Rate,,10,,
DW-D59FA-WJXS-XS-N,"Dromex D59 Flame Retardant Winter Thermal Jackets with Reflective - SANS 434, SANS 1387-4",,TRUE,1,858,986.7,825,948.75,,,,,,,,,,,FALSE,FALSE,FALSE,Standard Rate,Standard Rate,,10,,
DW-D59FA-WJXS-S-N,"Dromex D59 Flame Retardant Winter Thermal Jackets with Reflective - SANS 434, SANS 1387-4",,TRUE,1,858,986.7,825,948.75,,,,,,,,,,,FALSE,FALSE,FALSE,Standard Rate,Standard Rate,,10,,
DW-D59FA-WJXS-M-N,"Dromex D59 Flame Retardant Winter Thermal Jackets with Reflective - SANS 434, SANS 1387-4",,TRUE,1,858,986.7,825,948.75,,,,,,,,,,,FALSE,FALSE,FALSE,Standard Rate,Standard Rate,,10,,
DW-D59FA-WJXS-L-N,"Dromex D59 Flame Retardant Winter Thermal Jackets with Reflective - SANS 434, SANS 1387-4",,TRUE,1,858,986.7,825,948.75,,,,,,,,,,,FALSE,FALSE,FALSE,Standard Rate,Standard Rate,,10,,
DW-D59FA-WJXS-XL-N,"Dromex D59 Flame Retardant Winter Thermal Jackets with Reflective - SANS 434, SANS 1387-4",,TRUE,1,858,986.7,825,948.75,,,,,,,,,,,FALSE,FALSE,FALSE,Standard Rate,Standard Rate,,10,,
DW-D59FA-WJXS-2XL-N,"Dromex D59 Flame Retardant Winter Thermal Jackets with Reflective - SANS 434, SANS 1387-4",,TRUE,1,858,986.7,825,948.75,,,,,,,,,,,FALSE,FALSE,FALSE,Standard Rate,Standard Rate,,10,,
DW-D59FA-WJXS-3XL-N,"Dromex D59 Flame Retardant Winter Thermal Jackets with Reflective - SANS 434, SANS 1387-4",,TRUE,1,858,986.7,825,948.75,,,,,,,,,,,FALSE,FALSE,FALSE,Standard Rate,Standard Rate,,10,,
DW-D59FA-WJXS-4XL-N,"Dromex D59 Flame Retardant Winter Thermal Jackets with Reflective - SANS 434, SANS 1387-4",,TRUE,1,858,986.7,825,948.75,,,,,,,,,,,FALSE,FALSE,FALSE,Standard Rate,Standard Rate,,10,,
DW-D59FA-WJXS-5XL-N,"Dromex D59 Flame Retardant Winter Thermal Jackets with Reflective - SANS 434, SANS 1387-4",,TRUE,1,858,986.7,825,948.75,,,,,,,,,,,FALSE,FALSE,FALSE,Standard Rate,Standard Rate,,10,,
DW-D59FAOR-WJXS-XS-O,"Dromex D59 Flame Retardant Winter Thermal Jackets with Reflective - SANS 434, SANS 1387-4",,TRUE,1,1001,1151.15,962.5,1106.88,,,,,,,,,,,FALSE,FALSE,FALSE,Standard Rate,Standard Rate,,10,,
DW-D59FAOR-WJXS-S-O,"Dromex D59 Flame Retardant Winter Thermal Jackets with Reflective - SANS 434, SANS 1387-4",,TRUE,1,1001,1151.15,962.5,1106.88,,,,,,,,,,,FALSE,FALSE,FALSE,Standard Rate,Standard Rate,,10,,
DW-D59FAOR-WJXS-M-O,"Dromex D59 Flame Retardant Winter Thermal Jackets with Reflective - SANS 434, SANS 1387-4",,TRUE,1,1001,1151.15,962.5,1106.88,,,,,,,,,,,FALSE,FALSE,FALSE,Standard Rate,Standard Rate,,10,,
DW-D59FAOR-WJXS-L-O,"Dromex D59 Flame Retardant Winter Thermal Jackets with Reflective - SANS 434, SANS 1387-4",,TRUE,1,1001,1151.15,962.5,1106.88,,,,,,,,,,,FALSE,FALSE,FALSE,Standard Rate,Standard Rate,,10,,
DW-D59FAOR-WJXS-XL-O,"Dromex D59 Flame Retardant Winter Thermal Jackets with Reflective - SANS 434, SANS 1387-4",,TRUE,1,1001,1151.15,962.5,1106.88,,,,,,,,,,,FALSE,FALSE,FALSE,Standard Rate,Standard Rate,,10,,
DW-D59FAOR-WJXS-2XL-O,"Dromex D59 Flame Retardant Winter Thermal Jackets with Reflective - SANS 434, SANS 1387-4",,TRUE,1,1001,1151.15,962.5,1106.88,,,,,,,,,,,FALSE,FALSE,FALSE,Standard Rate,Standard Rate,,10,,
DW-ARC15-J30-30-N,"Dromex 15CAL Electric ARC Jackets - ISO, NFPA & ASTM-F",,TRUE,1,1073,1233.95,1031,1185.65,,,,,,,,,,,FALSE,FALSE,FALSE,Standard Rate,Standard Rate,,10,,
DW-ARC15-J30-32-N,"Dromex 15CAL Electric ARC Jackets - ISO, NFPA & ASTM-F",,TRUE,1,1073,1233.95,1031,1185.65,,,,,,,,,,,FALSE,FALSE,FALSE,Standard Rate,Standard Rate,,10,,
DW-ARC15-J30-34-N,"Dromex 15CAL Electric ARC Jackets - ISO, NFPA & ASTM-F",,TRUE,1,1073,1233.95,1031,1185.65,,,,,,,,,,,FALSE,FALSE,FALSE,Standard Rate,Standard Rate,,10,,
DW-ARC15-J30-36-N,"Dromex 15CAL Electric ARC Jackets - ISO, NFPA & ASTM-F",,TRUE,1,1073,1233.95,1031,1185.65,,,,,,,,,,,FALSE,FALSE,FALSE,Standard Rate,Standard Rate,,10,,
DW-ARC15-J30-38-N,"Dromex 15CAL Electric ARC Jackets - ISO, NFPA & ASTM-F",,TRUE,1,1073,1233.95,1031,1185.65,,,,,,,,,,,FALSE,FALSE,FALSE,Standard Rate,Standard Rate,,10,,
DW-ARC15-J30-40-N,"Dromex 15CAL Electric ARC Jackets - ISO, NFPA & ASTM-F",,TRUE,1,1073,1233.95,1031,1185.65,,,,,,,,,,,FALSE,FALSE,FALSE,Standard Rate,Standard Rate,,10,,
DW-ARC15-J30-42-N,"Dromex 15CAL Electric ARC Jackets - ISO, NFPA & ASTM-F",,TRUE,1,1073,1233.95,1031,1185.65,,,,,,,,,,,FALSE,FALSE,FALSE,Standard Rate,Standard Rate,,10,,
DW-ARC15-J30-44-N,"Dromex 15CAL Electric ARC Jackets - ISO, NFPA & ASTM-F",,TRUE,1,1073,1233.95,1031,1185.65,,,,,,,,,,,FALSE,FALSE,FALSE,Standard Rate,Standard Rate,,10,,
DW-ARC15-J30-46-N,"Dromex 15CAL Electric ARC Jackets - ISO, NFPA & ASTM-F",,TRUE,1,1073,1233.95,1031,1185.65,,,,,,,,,,,FALSE,FALSE,FALSE,Standard Rate,Standard Rate,,10,,
DW-ARC15-J30-48-N,"Dromex 15CAL Electric ARC Jackets - ISO, NFPA & ASTM-F",,TRUE,1,1073,1233.95,1031,1185.65,,,,,,,,,,,FALSE,FALSE,FALSE,Standard Rate,Standard Rate,,10,,
DW-ARC15-J30-50-N,"Dromex 15CAL Electric ARC Jackets - ISO, NFPA & ASTM-F",,TRUE,1,1073,1233.95,1031,1185.65,,,,,,,,,,,FALSE,FALSE,FALSE,Standard Rate,Standard Rate,,10,,
DW-ARC15-J30-52-N,"Dromex 15CAL Electric ARC Jackets - ISO, NFPA & ASTM-F",,TRUE,1,1073,1233.95,1031,1185.65,,,,,,,,,,,FALSE,FALSE,FALSE,Standard Rate,Standard Rate,,10,,
DW-ARC15-J30-54-N,"Dromex 15CAL Electric ARC Jackets - ISO, NFPA & ASTM-F",,TRUE,1,1073,1233.95,1031,1185.65,,,,,,,,,,,FALSE,FALSE,FALSE,Standard Rate,Standard Rate,,10,,
DW-ARC15-J30-56-N,"Dromex 15CAL Electric ARC Jackets - ISO, NFPA & ASTM-F",,TRUE,1,1073,1233.95,1031,1185.65,,,,,,,,,,,FALSE,FALSE,FALSE,Standard Rate,Standard Rate,,10,,
DW-ARC15-J30-58-N,"Dromex 15CAL Electric ARC Jackets - ISO, NFPA & ASTM-F",,TRUE,1,1073,1233.95,1031,1185.65,,,,,,,,,,,FALSE,FALSE,FALSE,Standard Rate,Standard Rate,,10,,
DW-ARC15-J30-60-N,"Dromex 15CAL Electric ARC Jackets - ISO, NFPA & ASTM-F",,TRUE,1,1073,1233.95,1031,1185.65,,,,,,,,,,,FALSE,FALSE,FALSE,Standard Rate,Standard Rate,,10,,
DW-ARC15-J30-62-N,"Dromex 15CAL Electric ARC Jackets - ISO, NFPA & ASTM-F",,TRUE,1,1073,1233.95,1031,1185.65,,,,,,,,,,,FALSE,FALSE,FALSE,Standard Rate,Standard Rate,,10,,
DW-ARC15-J30-64-N,"Dromex 15CAL Electric ARC Jackets - ISO, NFPA & ASTM-F",,TRUE,1,1073,1233.95,1031,1185.65,,,,,,,,,,,FALSE,FALSE,FALSE,Standard Rate,Standard Rate,,10,,
DW-ARC15-J30-66-N,"Dromex 15CAL Electric ARC Jackets - ISO, NFPA & ASTM-F",,TRUE,1,1073,1233.95,1031,1185.65,,,,,,,,,,,FALSE,FALSE,FALSE,Standard Rate,Standard Rate,,10,,
DW-ARC15-J30-68-N,"Dromex 15CAL Electric ARC Jackets - ISO, NFPA & ASTM-F",,TRUE,1,1073,1233.95,1031,1185.65,,,,,,,,,,,FALSE,FALSE,FALSE,Standard Rate,Standard Rate,,10,,
DW-ARC15-P28-28-NVB,"Dromex 15CAL Electric ARC Pants - ISO, NFPA & ASTM-F",,TRUE,1,1044,1200.6,1004,1154.6,,,,,,,,,,,FALSE,FALSE,FALSE,Standard Rate,Standard Rate,,10,,
DW-ARC15-P28-30-NVB,"Dromex 15CAL Electric ARC Pants - ISO, NFPA & ASTM-F",,TRUE,1,1044,1200.6,1004,1154.6,,,,,,,,,,,FALSE,FALSE,FALSE,Standard Rate,Standard Rate,,10,,
DW-ARC15-P28-32-NVB,"Dromex 15CAL Electric ARC Pants - ISO, NFPA & ASTM-F",,TRUE,1,1044,1200.6,1004,1154.6,,,,,,,,,,,FALSE,FALSE,FALSE,Standard Rate,Standard Rate,,10,,
DW-ARC15-P28-34-NVB,"Dromex 15CAL Electric ARC Pants - ISO, NFPA & ASTM-F",,TRUE,1,1044,1200.6,1004,1154.6,,,,,,,,,,,FALSE,FALSE,FALSE,Standard Rate,Standard Rate,,10,,
DW-ARC15-P28-36-NVB,"Dromex 15CAL Electric ARC Pants - ISO, NFPA & ASTM-F",,TRUE,1,1044,1200.6,1004,1154.6,,,,,,,,,,,FALSE,FALSE,FALSE,Standard Rate,Standard Rate,,10,,
DW-ARC15-P28-38-NVB,"Dromex 15CAL Electric ARC Pants - ISO, NFPA & ASTM-F",,TRUE,1,1044,1200.6,1004,1154.6,,,,,,,,,,,FALSE,FALSE,FALSE,Standard Rate,Standard Rate,,10,,
DW-ARC15-P28-40-NVB,"Dromex 15CAL Electric ARC Pants - ISO, NFPA & ASTM-F",,TRUE,1,1044,1200.6,1004,1154.6,,,,,,,,,,,FALSE,FALSE,FALSE,Standard Rate,Standard Rate,,10,,
DW-ARC15-P28-42-NVB,"Dromex 15CAL Electric ARC Pants - ISO, NFPA & ASTM-F",,TRUE,1,1044,1200.6,1004,1154.6,,,,,,,,,,,FALSE,FALSE,FALSE,Standard Rate,Standard Rate,,10,,
DW-ARC15-P28-44-NVB,"Dromex 15CAL Electric ARC Pants - ISO, NFPA & ASTM-F",,TRUE,1,1044,1200.6,1004,1154.6,,,,,,,,,,,FALSE,FALSE,FALSE,Standard Rate,Standard Rate,,10,,
DW-ARC15-P28-46-NVB,"Dromex 15CAL Electric ARC Pants - ISO, NFPA & ASTM-F",,TRUE,1,1044,1200.6,1004,1154.6,,,,,,,,,,,FALSE,FALSE,FALSE,Standard Rate,Standard Rate,,10,,
DW-ARC15-P28-48-NVB,"Dromex 15CAL Electric ARC Pants - ISO, NFPA & ASTM-F",,TRUE,1,1044,1200.6,1004,1154.6,,,,,,,,,,,FALSE,FALSE,FALSE,Standard Rate,Standard Rate,,10,,
DW-ARC15-P28-50-NVB,"Dromex 15CAL Electric ARC Pants - ISO, NFPA & ASTM-F",,TRUE,1,1044,1200.6,1004,1154.6,,,,,,,,,,,FALSE,FALSE,FALSE,Standard Rate,Standard Rate,,10,,
DW-ARC15-P28-52-NVB,"Dromex 15CAL Electric ARC Pants - ISO, NFPA & ASTM-F",,TRUE,1,1044,1200.6,1004,1154.6,,,,,,,,,,,FALSE,FALSE,FALSE,Standard Rate,Standard Rate,,10,,
DW-ARC15-P28-54-NVB,"Dromex 15CAL Electric ARC Pants - ISO, NFPA & ASTM-F",,TRUE,1,1044,1200.6,1004,1154.6,,,,,,,,,,,FALSE,FALSE,FALSE,Standard Rate,Standard Rate,,10,,
DW-ARC15-P28-56-NVB,"Dromex 15CAL Electric ARC Pants - ISO, NFPA & ASTM-F",,TRUE,1,1044,1200.6,1004,1154.6,,,,,,,,,,,FALSE,FALSE,FALSE,Standard Rate,Standard Rate,,10,,
DW-ARC15-P28-58-NVB,"Dromex 15CAL Electric ARC Pants - ISO, NFPA & ASTM-F",,TRUE,1,1044,1200.6,1004,1154.6,,,,,,,,,,,FALSE,FALSE,FALSE,Standard Rate,Standard Rate,,10,,
DW-ARC15-P28-60-NVB,"Dromex 15CAL Electric ARC Pants - ISO, NFPA & ASTM-F",,TRUE,1,1044,1200.6,1004,1154.6,,,,,,,,,,,FALSE,FALSE,FALSE,Standard Rate,Standard Rate,,10,,
DW-ARC15-P28-62-NVB,"Dromex 15CAL Electric ARC Pants - ISO, NFPA & ASTM-F",,TRUE,1,1044,1200.6,1004,1154.6,,,,,,,,,,,FALSE,FALSE,FALSE,Standard Rate,Standard Rate,,10,,
DW-ARC15-P28-64-NVB,"Dromex 15CAL Electric ARC Pants - ISO, NFPA & ASTM-F",,TRUE,1,1044,1200.6,1004,1154.6,,,,,,,,,,,FALSE,FALSE,FALSE,Standard Rate,Standard Rate,,10,,
DW-ARC15-P28-66-NVB,"Dromex 15CAL Electric ARC Pants - ISO, NFPA & ASTM-F",,TRUE,1,1044,1200.6,1004,1154.6,,,,,,,,,,,FALSE,FALSE,FALSE,Standard Rate,Standard Rate,,10,,
DW-ARC15-O30-30-NVB,"Dromex Electric ARC 15 Overall, ISO, NFPA & ASTM-F",,TRUE,1,2002,2302.3,1925,2213.75,,,,,,,,,,,FALSE,FALSE,FALSE,Standard Rate,Standard Rate,,10,,
DW-ARC15-O30-32-NVB,"Dromex Electric ARC 15 Overall, ISO, NFPA & ASTM-F",,TRUE,1,2002,2302.3,1925,2213.75,,,,,,,,,,,FALSE,FALSE,FALSE,Standard Rate,Standard Rate,,10,,
DW-ARC15-O30-34-NVB,"Dromex Electric ARC 15 Overall, ISO, NFPA & ASTM-F",,TRUE,1,2002,2302.3,1925,2213.75,,,,,,,,,,,FALSE,FALSE,FALSE,Standard Rate,Standard Rate,,10,,
DW-ARC15-O30-36-NVB,"Dromex Electric ARC 15 Overall, ISO, NFPA & ASTM-F",,TRUE,1,2002,2302.3,1925,2213.75,,,,,,,,,,,FALSE,FALSE,FALSE,Standard Rate,Standard Rate,,10,,
DW-ARC15-O30-38-NVB,"Dromex Electric ARC 15 Overall, ISO, NFPA & ASTM-F",,TRUE,1,2002,2302.3,1925,2213.75,,,,,,,,,,,FALSE,FALSE,FALSE,Standard Rate,Standard Rate,,10,,
DW-ARC15-O30-40-NVB,"Dromex Electric ARC 15 Overall, ISO, NFPA & ASTM-F",,TRUE,1,2002,2302.3,1925,2213.75,,,,,,,,,,,FALSE,FALSE,FALSE,Standard Rate,Standard Rate,,10,,
DW-ARC15-O30-42-NVB,"Dromex Electric ARC 15 Overall, ISO, NFPA & ASTM-F",,TRUE,1,2002,2302.3,1925,2213.75,,,,,,,,,,,FALSE,FALSE,FALSE,Standard Rate,Standard Rate,,10,,
DW-ARC15-O30-44-NVB,"Dromex Electric ARC 15 Overall, ISO, NFPA & ASTM-F",,TRUE,1,2002,2302.3,1925,2213.75,,,,,,,,,,,FALSE,FALSE,FALSE,Standard Rate,Standard Rate,,10,,
DW-ARC15-O30-46-NVB,"Dromex Electric ARC 15 Overall, ISO, NFPA & ASTM-F",,TRUE,1,2002,2302.3,1925,2213.75,,,,,,,,,,,FALSE,FALSE,FALSE,Standard Rate,Standard Rate,,10,,
DW-ARC15-O30-48-NVB,"Dromex Electric ARC 15 Overall, ISO, NFPA & ASTM-F",,TRUE,1,2002,2302.3,1925,2213.75,,,,,,,,,,,FALSE,FALSE,FALSE,Standard Rate,Standard Rate,,10,,
DW-ARC15-O30-50-NVB,"Dromex Electric ARC 15 Overall, ISO, NFPA & ASTM-F",,TRUE,1,2002,2302.3,1925,2213.75,,,,,,,,,,,FALSE,FALSE,FALSE,Standard Rate,Standard Rate,,10,,
DW-ARC15-O30-52-NVB,"Dromex Electric ARC 15 Overall, ISO, NFPA & ASTM-F",,TRUE,1,2002,2302.3,1925,2213.75,,,,,,,,,,,FALSE,FALSE,FALSE,Standard Rate,Standard Rate,,10,,
DW-ARC15-O30-54-NVB,"Dromex Electric ARC 15 Overall, ISO, NFPA & ASTM-F",,TRUE,1,2002,2302.3,1925,2213.75,,,,,,,,,,,FALSE,FALSE,FALSE,Standard Rate,Standard Rate,,10,,
DW-ARC15-O30-56-NVB,"Dromex Electric ARC 15 Overall, ISO, NFPA & ASTM-F",,TRUE,1,2002,2302.3,1925,2213.75,,,,,,,,,,,FALSE,FALSE,FALSE,Standard Rate,Standard Rate,,10,,
DW-ARC15-O30-58-NVB,"Dromex Electric ARC 15 Overall, ISO, NFPA & ASTM-F",,TRUE,1,2002,2302.3,1925,2213.75,,,,,,,,,,,FALSE,FALSE,FALSE,Standard Rate,Standard Rate,,10,,
DW-ARC15-O30-60-NVB,"Dromex Electric ARC 15 Overall, ISO, NFPA & ASTM-F",,TRUE,1,2002,2302.3,1925,2213.75,,,,,,,,,,,FALSE,FALSE,FALSE,Standard Rate,Standard Rate,,10,,
DW-ARC15-O30-62-NVB,"Dromex Electric ARC 15 Overall, ISO, NFPA & ASTM-F",,TRUE,1,2002,2302.3,1925,2213.75,,,,,,,,,,,FALSE,FALSE,FALSE,Standard Rate,Standard Rate,,10,,
DW-ARC15-O30-64-NVB,"Dromex Electric ARC 15 Overall, ISO, NFPA & ASTM-F",,TRUE,1,2002,2302.3,1925,2213.75,,,,,,,,,,,FALSE,FALSE,FALSE,Standard Rate,Standard Rate,,10,,
DW-ARC40-WJ-XS-N,ARC 40 CAL Winter Jackets,,TRUE,1,2288,2631.2,2200,2530,,,,,,,,,,,FALSE,FALSE,FALSE,Standard Rate,Standard Rate,,10,,
DW-ARC40-WJ-S-N,ARC 40 CAL Winter Jackets,,TRUE,1,2288,2631.2,2200,2530,,,,,,,,,,,FALSE,FALSE,FALSE,Standard Rate,Standard Rate,,10,,
DW-ARC40-WJ-M-N,ARC 40 CAL Winter Jackets,,TRUE,1,2288,2631.2,2200,2530,,,,,,,,,,,FALSE,FALSE,FALSE,Standard Rate,Standard Rate,,10,,
DW-ARC40-WJ-L-N,ARC 40 CAL Winter Jackets,,TRUE,1,2288,2631.2,2200,2530,,,,,,,,,,,FALSE,FALSE,FALSE,Standard Rate,Standard Rate,,10,,
DW-ARC40-WJ-XL-N,ARC 40 CAL Winter Jackets,,TRUE,1,2288,2631.2,2200,2530,,,,,,,,,,,FALSE,FALSE,FALSE,Standard Rate,Standard Rate,,10,,
DW-ARC40-WJ-2XL-N,ARC 40 CAL Winter Jackets,,TRUE,1,2288,2631.2,2200,2530,,,,,,,,,,,FALSE,FALSE,FALSE,Standard Rate,Standard Rate,,10,,
DW-ARC40-WJ-3XL-N,ARC 40 CAL Winter Jackets,,TRUE,1,2288,2631.2,2200,2530,,,,,,,,,,,FALSE,FALSE,FALSE,Standard Rate,Standard Rate,,10,,
DW-ARC40-WJ-4XL-N,ARC 40 CAL Winter Jackets,,TRUE,1,2288,2631.2,2200,2530,,,,,,,,,,,FALSE,FALSE,FALSE,Standard Rate,Standard Rate,,10,,
DW-ARC40-WJ-5XL-N,ARC 40 CAL Winter Jackets,,TRUE,1,2288,2631.2,2200,2530,,,,,,,,,,,FALSE,FALSE,FALSE,Standard Rate,Standard Rate,,10,,
DW-ARC25-J-S-SKB,"Dromex Sky Electric 25CAL ARC Jackets - ISO, NFPA & ASTM",,TRUE,1,1787.5,2055.625,1718.75,1976.56,,,,,,,,,,,FALSE,FALSE,FALSE,Standard Rate,Standard Rate,,10,,
DW-ARC25-J-M-SKB,"Dromex Sky Electric 25CAL ARC Jackets - ISO, NFPA & ASTM",,TRUE,1,1787.5,2055.625,1718.75,1976.56,,,,,,,,,,,FALSE,FALSE,FALSE,Standard Rate,Standard Rate,,10,,
DW-ARC25-J-L-SKB,"Dromex Sky Electric 25CAL ARC Jackets - ISO, NFPA & ASTM",,TRUE,1,1787.5,2055.625,1718.75,1976.56,,,,,,,,,,,FALSE,FALSE,FALSE,Standard Rate,Standard Rate,,10,,
DW-ARC25-J-XL-SKB,"Dromex Sky Electric 25CAL ARC Jackets - ISO, NFPA & ASTM",,TRUE,1,1787.5,2055.625,1718.75,1976.56,,,,,,,,,,,FALSE,FALSE,FALSE,Standard Rate,Standard Rate,,10,,
DW-ARC25-J-2XL-SKB,"Dromex Sky Electric 25CAL ARC Jackets - ISO, NFPA & ASTM",,TRUE,1,1787.5,2055.625,1718.75,1976.56,,,,,,,,,,,FALSE,FALSE,FALSE,Standard Rate,Standard Rate,,10,,
DW-ARC25-J-3XL-SKB,"Dromex Sky Electric 25CAL ARC Jackets - ISO, NFPA & ASTM",,TRUE,1,1787.5,2055.625,1718.75,1976.56,,,,,,,,,,,FALSE,FALSE,FALSE,Standard Rate,Standard Rate,,10,,
DW-ARC25-J-4XL-SKB,"Dromex Sky Electric 25CAL ARC Jackets - ISO, NFPA & ASTM",,TRUE,1,1787.5,2055.625,1718.75,1976.56,,,,,,,,,,,FALSE,FALSE,FALSE,Standard Rate,Standard Rate,,10,,
DW-ARC25-J-5XL-SKB,"Dromex Sky Electric 25CAL ARC Jackets - ISO, NFPA & ASTM",,TRUE,1,1787.5,2055.625,1718.75,1976.56,,,,,,,,,,,FALSE,FALSE,FALSE,Standard Rate,Standard Rate,,10,,
DW-ARC25-P-S-SKB,"Sky Electric 25CAL Pants - ISO, NFPA & ASTM",,TRUE,1,1537.25,1767.8375,1478.125,1699.84,,,,,,,,,,,FALSE,FALSE,FALSE,Standard Rate,Standard Rate,,10,,
DW-ARC25-P-M-SKB,"Sky Electric 25CAL Pants - ISO, NFPA & ASTM",,TRUE,1,1537.25,1767.8375,1478.125,1699.84,,,,,,,,,,,FALSE,FALSE,FALSE,Standard Rate,Standard Rate,,10,,
DW-ARC25-P-L-SKB,"Sky Electric 25CAL Pants - ISO, NFPA & ASTM",,TRUE,1,1537.25,1767.8375,1478.125,1699.84,,,,,,,,,,,FALSE,FALSE,FALSE,Standard Rate,Standard Rate,,10,,
DW-ARC25-P-XL-SKB,"Sky Electric 25CAL Pants - ISO, NFPA & ASTM",,TRUE,1,1537.25,1767.8375,1478.125,1699.84,,,,,,,,,,,FALSE,FALSE,FALSE,Standard Rate,Standard Rate,,10,,
DW-ARC25-P-2XL-SKB,"Sky Electric 25CAL Pants - ISO, NFPA & ASTM",,TRUE,1,1537.25,1767.8375,1478.125,1699.84,,,,,,,,,,,FALSE,FALSE,FALSE,Standard Rate,Standard Rate,,10,,
DW-ARC25-P-3XL-SKB,"Sky Electric 25CAL Pants - ISO, NFPA & ASTM",,TRUE,1,1537.25,1767.8375,1478.125,1699.84,,,,,,,,,,,FALSE,FALSE,FALSE,Standard Rate,Standard Rate,,10,,
DW-ARC25-P-4XL-SKB,"Sky Electric 25CAL Pants - ISO, NFPA & ASTM",,TRUE,1,1537.25,1767.8375,1478.125,1699.84,,,,,,,,,,,FALSE,FALSE,FALSE,Standard Rate,Standard Rate,,10,,
DW-ARC25-P-5XL-SKB,"Sky Electric 25CAL Pants - ISO, NFPA & ASTM",,TRUE,1,1537.25,1767.8375,1478.125,1699.84,,,,,,,,,,,FALSE,FALSE,FALSE,Standard Rate,Standard Rate,,10,,
DW-ARC25-RT-O30-30-SKB,Dromex ARC HRC3 - 25Cal Overall,,TRUE,1,3075,3536.25,2956,3399.4,,,,,,,,,,,FALSE,FALSE,FALSE,Standard Rate,Standard Rate,,10,,
DW-ARC25-RT-O30-32-SKB,Dromex ARC HRC3 - 25Cal Overall,,TRUE,1,3075,3536.25,2956,3399.4,,,,,,,,,,,FALSE,FALSE,FALSE,Standard Rate,Standard Rate,,10,,
DW-ARC25-RT-O30-34-SKB,Dromex ARC HRC3 - 25Cal Overall,,TRUE,1,3075,3536.25,2956,3399.4,,,,,,,,,,,FALSE,FALSE,FALSE,Standard Rate,Standard Rate,,10,,
DW-ARC25-RT-O30-36-SKB,Dromex ARC HRC3 - 25Cal Overall,,TRUE,1,3075,3536.25,2956,3399.4,,,,,,,,,,,FALSE,FALSE,FALSE,Standard Rate,Standard Rate,,10,,
DW-ARC25-RT-O30-38-SKB,Dromex ARC HRC3 - 25Cal Overall,,TRUE,1,3075,3536.25,2956,3399.4,,,,,,,,,,,FALSE,FALSE,FALSE,Standard Rate,Standard Rate,,10,,
DW-ARC25-RT-O30-40-SKB,Dromex ARC HRC3 - 25Cal Overall,,TRUE,1,3075,3536.25,2956,3399.4,,,,,,,,,,,FALSE,FALSE,FALSE,Standard Rate,Standard Rate,,10,,
DW-ARC25-RT-O30-42-SKB,Dromex ARC HRC3 - 25Cal Overall,,TRUE,1,3075,3536.25,2956,3399.4,,,,,,,,,,,FALSE,FALSE,FALSE,Standard Rate,Standard Rate,,10,,
DW-ARC25-RT-O30-44-SKB,Dromex ARC HRC3 - 25Cal Overall,,TRUE,1,3074.5,3535.675,2956.25,3399.69,,,,,,,,,,,FALSE,FALSE,FALSE,Standard Rate,Standard Rate,,10,,
DW-ARC25-RT-O30-46-SKB,Dromex ARC HRC3 - 25Cal Overall,,TRUE,1,3075,3536.25,2956,3399.4,,,,,,,,,,,FALSE,FALSE,FALSE,Standard Rate,Standard Rate,,10,,
DW-ARC25-RT-O30-48-SKB,Dromex ARC HRC3 - 25Cal Overall,,TRUE,1,3075,3536.25,2956,3399.4,,,,,,,,,,,FALSE,FALSE,FALSE,Standard Rate,Standard Rate,,10,,
DW-ARC25-RT-O30-50-SKB,Dromex ARC HRC3 - 25Cal Overall,,TRUE,1,3075,3536.25,2956,3399.4,,,,,,,,,,,FALSE,FALSE,FALSE,Standard Rate,Standard Rate,,10,,
DW-ARC25-RT-O30-52-SKB,Dromex ARC HRC3 - 25Cal Overall,,TRUE,1,3075,3536.25,2956,3399.4,,,,,,,,,,,FALSE,FALSE,FALSE,Standard Rate,Standard Rate,,10,,
DW-ARC25-RT-O30-54-SKB,Dromex ARC HRC3 - 25Cal Overall,,TRUE,1,3075,3536.25,2956,3399.4,,,,,,,,,,,FALSE,FALSE,FALSE,Standard Rate,Standard Rate,,10,,
DW-ARC25-RT-O30-56-SKB,Dromex ARC HRC3 - 25Cal Overall,,TRUE,1,3075,3536.25,2956,3399.4,,,,,,,,,,,FALSE,FALSE,FALSE,Standard Rate,Standard Rate,,10,,
DW-ARC25-RT-O30-58-SKB,Dromex ARC HRC3 - 25Cal Overall,,TRUE,1,3075,3536.25,2956,3399.4,,,,,,,,,,,FALSE,FALSE,FALSE,Standard Rate,Standard Rate,,10,,
DW-ARC25-RT-O30-60-SKB,Dromex ARC HRC3 - 25Cal Overall,,TRUE,1,3075,3536.25,2956,3399.4,,,,,,,,,,,FALSE,FALSE,FALSE,Standard Rate,Standard Rate,,10,,
DW-ARC55-J-S-SKB,"Dromex Sky Electric 55 CAL ARC Jackets - ISO, NFPA & ASTM-F",,TRUE,1,2216.5,2548.975,2131.25,2450.94,,,,,,,,,,,FALSE,FALSE,FALSE,Standard Rate,Standard Rate,,10,,
DW-ARC55-J-M-SKB,"Dromex Sky Electric 55 CAL ARC Jackets - ISO, NFPA & ASTM-F",,TRUE,1,2216.5,2548.975,2131.25,2450.94,,,,,,,,,,,FALSE,FALSE,FALSE,Standard Rate,Standard Rate,,10,,
DW-ARC55-J-L-SKB,"Dromex Sky Electric 55 CAL ARC Jackets - ISO, NFPA & ASTM-F",,TRUE,1,2216.5,2548.975,2131.25,2450.94,,,,,,,,,,,FALSE,FALSE,FALSE,Standard Rate,Standard Rate,,10,,
DW-ARC55-J-XL-SKB,"Dromex Sky Electric 55 CAL ARC Jackets - ISO, NFPA & ASTM-F",,TRUE,1,2216.5,2548.975,2131.25,2450.94,,,,,,,,,,,FALSE,FALSE,FALSE,Standard Rate,Standard Rate,,10,,
DW-ARC55-J-2XL-SKB,"Dromex Sky Electric 55 CAL ARC Jackets - ISO, NFPA & ASTM-F",,TRUE,1,2216.5,2548.975,2131.25,2450.94,,,,,,,,,,,FALSE,FALSE,FALSE,Standard Rate,Standard Rate,,10,,
DW-ARC55-J-3XL-SKB,"Dromex Sky Electric 55 CAL ARC Jackets - ISO, NFPA & ASTM-F",,TRUE,1,2216.5,2548.975,2131.25,2450.94,,,,,,,,,,,FALSE,FALSE,FALSE,Standard Rate,Standard Rate,,10,,
DW-ARC55-J-4XL-SKB,"Dromex Sky Electric 55 CAL ARC Jackets - ISO, NFPA & ASTM-F",,TRUE,1,2216.5,2548.975,2131.25,2450.94,,,,,,,,,,,FALSE,FALSE,FALSE,Standard Rate,Standard Rate,,10,,
DW-ARC55-J-5XL-SKB,"Dromex Sky Electric 55 CAL ARC Jackets - ISO, NFPA & ASTM-F",,TRUE,1,2216.5,2548.975,2131.25,2450.94,,,,,,,,,,,FALSE,FALSE,FALSE,Standard Rate,Standard Rate,,10,,
DW-ARC55-BP-S-SKB,"Dromex Sky Electric 55CAL ARC Bib & Bace - ISO, NFPA & ASTM-F",,TRUE,1,2645.5,3042.325,2543.75,2925.31,,,,,,,,,,,FALSE,FALSE,FALSE,Standard Rate,Standard Rate,,10,,
DW-ARC55-BP-M-SKB,"Dromex Sky Electric 55CAL ARC Bib & Bace - ISO, NFPA & ASTM-F",,TRUE,1,2645.5,3042.325,2543.75,2925.31,,,,,,,,,,,FALSE,FALSE,FALSE,Standard Rate,Standard Rate,,10,,
DW-ARC55-BP-L-SKB,"Dromex Sky Electric 55CAL ARC Bib & Bace - ISO, NFPA & ASTM-F",,TRUE,1,2645.5,3042.325,2543.75,2925.31,,,,,,,,,,,FALSE,FALSE,FALSE,Standard Rate,Standard Rate,,10,,
DW-ARC55-BP-XL-SKB,"Dromex Sky Electric 55CAL ARC Bib & Bace - ISO, NFPA & ASTM-F",,TRUE,1,2645.5,3042.325,2543.75,2925.31,,,,,,,,,,,FALSE,FALSE,FALSE,Standard Rate,Standard Rate,,10,,
DW-ARC55-BP-2XL-SKB,"Dromex Sky Electric 55CAL ARC Bib & Bace - ISO, NFPA & ASTM-F",,TRUE,1,2645.5,3042.325,2543.75,2925.31,,,,,,,,,,,FALSE,FALSE,FALSE,Standard Rate,Standard Rate,,10,,
DW-ARC55-BP-3XL-SKB,"Dromex Sky Electric 55CAL ARC Bib & Bace - ISO, NFPA & ASTM-F",,TRUE,1,2645.5,3042.325,2543.75,2925.31,,,,,,,,,,,FALSE,FALSE,FALSE,Standard Rate,Standard Rate,,10,,
DW-ARC55-BP-4XL-SKB,"Dromex Sky Electric 55CAL ARC Bib & Bace - ISO, NFPA & ASTM-F",,TRUE,1,2645.5,3042.325,2543.75,2925.31,,,,,,,,,,,FALSE,FALSE,FALSE,Standard Rate,Standard Rate,,10,,
DW-ARC55-BP-5XL-SKB,"Dromex Sky Electric 55CAL ARC Bib & Bace - ISO, NFPA & ASTM-F",,TRUE,1,2645.5,3042.325,2543.75,2925.31,,,,,,,,,,,FALSE,FALSE,FALSE,Standard Rate,Standard Rate,,10,,
DW-ARC100-J-S-SKB,"Dromex Sky Electric 100 CAL ARC Jackets - ISO, NFPA & ASTM-F",,TRUE,1,7865,9044.75,7562.5,8696.88,,,,,,,,,,,FALSE,FALSE,FALSE,Standard Rate,Standard Rate,,10,,
DW-ARC100-J-M-SKB,"Dromex Sky Electric 100 CAL ARC Jackets - ISO, NFPA & ASTM-F",,TRUE,1,7865,9044.75,7562.5,8696.88,,,,,,,,,,,FALSE,FALSE,FALSE,Standard Rate,Standard Rate,,10,,
DW-ARC100-J-L-SKB,"Dromex Sky Electric 100 CAL ARC Jackets - ISO, NFPA & ASTM-F",,TRUE,1,7865,9044.75,7562.5,8696.88,,,,,,,,,,,FALSE,FALSE,FALSE,Standard Rate,Standard Rate,,10,,
DW-ARC100-J-XL-SKB,"Dromex Sky Electric 100 CAL ARC Jackets - ISO, NFPA & ASTM-F",,TRUE,1,7865,9044.75,7562.5,8696.88,,,,,,,,,,,FALSE,FALSE,FALSE,Standard Rate,Standard Rate,,10,,
DW-ARC100-J-2XL-SKB,"Dromex Sky Electric 100 CAL ARC Jackets - ISO, NFPA & ASTM-F",,TRUE,1,7865,9044.75,7562.5,8696.88,,,,,,,,,,,FALSE,FALSE,FALSE,Standard Rate,Standard Rate,,10,,
DW-ARC100-J-3XL-SKB,"Dromex Sky Electric 100 CAL ARC Jackets - ISO, NFPA & ASTM-F",,TRUE,1,7865,9044.75,7562.5,8696.88,,,,,,,,,,,FALSE,FALSE,FALSE,Standard Rate,Standard Rate,,10,,
DW-ARC100-J-4XL-SKB,"Dromex Sky Electric 100 CAL ARC Jackets - ISO, NFPA & ASTM-F",,TRUE,1,7865,9044.75,7562.5,8696.88,,,,,,,,,,,FALSE,FALSE,FALSE,Standard Rate,Standard Rate,,10,,
DW-ARC100-J-5XL-SKB,"Dromex Sky Electric 100 CAL ARC Jackets - ISO, NFPA & ASTM-F",,TRUE,1,7865,9044.75,7562.5,8696.88,,,,,,,,,,,FALSE,FALSE,FALSE,Standard Rate,Standard Rate,,10,,
DW-ARC100-BP-S-SKB,"Dromex Sky Electric 100CAL ARC Bib & Bace - ISO, NFPA & ASTM-F",,TRUE,1,8580,9867,8250,9487.5,,,,,,,,,,,FALSE,FALSE,FALSE,Standard Rate,Standard Rate,,10,,
DW-ARC100-BP-M-SKB,"Dromex Sky Electric 100CAL ARC Bib & Bace - ISO, NFPA & ASTM-F",,TRUE,1,8580,9867,8250,9487.5,,,,,,,,,,,FALSE,FALSE,FALSE,Standard Rate,Standard Rate,,10,,
DW-ARC100-BP-L-SKB,"Dromex Sky Electric 100CAL ARC Bib & Bace - ISO, NFPA & ASTM-F",,TRUE,1,8580,9867,8250,9487.5,,,,,,,,,,,FALSE,FALSE,FALSE,Standard Rate,Standard Rate,,10,,
DW-ARC100-BP-XL-SKB,"Dromex Sky Electric 100CAL ARC Bib & Bace - ISO, NFPA & ASTM-F",,TRUE,1,8580,9867,8250,9487.5,,,,,,,,,,,FALSE,FALSE,FALSE,Standard Rate,Standard Rate,,10,,
DW-ARC100-BP-2XL-SKB,"Dromex Sky Electric 100CAL ARC Bib & Bace - ISO, NFPA & ASTM-F",,TRUE,1,8580,9867,8250,9487.5,,,,,,,,,,,FALSE,FALSE,FALSE,Standard Rate,Standard Rate,,10,,
DW-ARC100-BP-3XL-SKB,"Dromex Sky Electric 100CAL ARC Bib & Bace - ISO, NFPA & ASTM-F",,TRUE,1,8580,9867,8250,9487.5,,,,,,,,,,,FALSE,FALSE,FALSE,Standard Rate,Standard Rate,,10,,
DW-ARC100-BP-4XL-SKB,"Dromex Sky Electric 100CAL ARC Bib & Bace - ISO, NFPA & ASTM-F",,TRUE,1,8580,9867,8250,9487.5,,,,,,,,,,,FALSE,FALSE,FALSE,Standard Rate,Standard Rate,,10,,
DW-ARC100-BP-5XL-SKB,"Dromex Sky Electric 100CAL ARC Bib & Bace - ISO, NFPA & ASTM-F",,TRUE,1,8580,9867,8250,9487.5,,,,,,,,,,,FALSE,FALSE,FALSE,Standard Rate,Standard Rate,,10,,
DW-ARCDC-S-NVB,"Dromex ARC Dust Coat - ISO, NFPA & ASTM-F",,TRUE,1,1001,1151.15,962.5,1106.88,,,,,,,,,,,FALSE,FALSE,FALSE,Standard Rate,Standard Rate,,10,,
DW-ARCDC-M-NVB,"Dromex ARC Dust Coat - ISO, NFPA & ASTM-F",,TRUE,1,1001,1151.15,962.5,1106.88,,,,,,,,,,,FALSE,FALSE,FALSE,Standard Rate,Standard Rate,,10,,
DW-ARCDC-L-NVB,"Dromex ARC Dust Coat - ISO, NFPA & ASTM-F",,TRUE,1,1001,1151.15,962.5,1106.88,,,,,,,,,,,FALSE,FALSE,FALSE,Standard Rate,Standard Rate,,10,,
DW-ARCDC-XL-NVB,"Dromex ARC Dust Coat - ISO, NFPA & ASTM-F",,TRUE,1,1001,1151.15,962.5,1106.88,,,,,,,,,,,FALSE,FALSE,FALSE,Standard Rate,Standard Rate,,10,,
DW-ARCDC-2XL-NVB,"Dromex ARC Dust Coat - ISO, NFPA & ASTM-F",,TRUE,1,1001,1151.15,962.5,1106.88,,,,,,,,,,,FALSE,FALSE,FALSE,Standard Rate,Standard Rate,,10,,
DW-ARCDC-3XL-NVB,"Dromex ARC Dust Coat - ISO, NFPA & ASTM-F",,TRUE,1,1001,1151.15,962.5,1106.88,,,,,,,,,,,FALSE,FALSE,FALSE,Standard Rate,Standard Rate,,10,,
DW-ARCDC-4XL-NVB,"Dromex ARC Dust Coat - ISO, NFPA & ASTM-F",,TRUE,1,1001,1151.15,962.5,1106.88,,,,,,,,,,,FALSE,FALSE,FALSE,Standard Rate,Standard Rate,,10,,
DW-ARCDC-5XL-NVB,"Dromex ARC Dust Coat - ISO, NFPA & ASTM-F",,TRUE,1,1001,1151.15,962.5,1106.88,,,,,,,,,,,FALSE,FALSE,FALSE,Standard Rate,Standard Rate,,10,,
DW-ARCXBIB15-S-O,"Dromex ARC X Bib 15 CAL - ISO, NFPA & ASTM-F",,TRUE,1,572,657.8,550,632.5,,,,,,,,,,,FALSE,FALSE,FALSE,Standard Rate,Standard Rate,,10,,
DW-ARCXBIB15-M-O,"Dromex ARC X Bib 15 CAL - ISO, NFPA & ASTM-F",,TRUE,1,572,657.8,550,632.5,,,,,,,,,,,FALSE,FALSE,FALSE,Standard Rate,Standard Rate,,10,,
DW-ARCXBIB15-L-O,"Dromex ARC X Bib 15 CAL - ISO, NFPA & ASTM-F",,TRUE,1,572,657.8,550,632.5,,,,,,,,,,,FALSE,FALSE,FALSE,Standard Rate,Standard Rate,,10,,
DW-ARCXBIB15-XL-O,"Dromex ARC X Bib 15 CAL - ISO, NFPA & ASTM-F",,TRUE,1,572,657.8,550,632.5,,,,,,,,,,,FALSE,FALSE,FALSE,Standard Rate,Standard Rate,,10,,
DW-ARCXBIB15-2XL-O,"Dromex ARC X Bib 15 CAL - ISO, NFPA & ASTM-F",,TRUE,1,572,657.8,550,632.5,,,,,,,,,,,FALSE,FALSE,FALSE,Standard Rate,Standard Rate,,10,,
DW-ARCXBIB15-3XL-O,"Dromex ARC X Bib 15 CAL - ISO, NFPA & ASTM-F",,TRUE,1,572,657.8,550,632.5,,,,,,,,,,,FALSE,FALSE,FALSE,Standard Rate,Standard Rate,,10,,
DW-ARCXBIB15-4XL-O,"Dromex ARC X Bib 15 CAL - ISO, NFPA & ASTM-F",,TRUE,1,572,657.8,550,632.5,,,,,,,,,,,FALSE,FALSE,FALSE,Standard Rate,Standard Rate,,10,,
DW-ARCXBIB15-5XL-O,"Dromex ARC X Bib 15 CAL - ISO, NFPA & ASTM-F",,TRUE,1,572,657.8,550,632.5,,,,,,,,,,,FALSE,FALSE,FALSE,Standard Rate,Standard Rate,,10,,
DH-ARC55-SH-S-B,Dromex ARC HRC4-55CAL Switching Hood with Visor(True Vision),,TRUE,1,7579,8715.85,7287.5,8380.63,,,,,,,,,,,FALSE,FALSE,FALSE,Standard Rate,Standard Rate,,10,,
DH-ARC55-SH-M-B,Dromex ARC HRC4-55CAL Switching Hood with Visor(True Vision),,TRUE,1,7579,8715.85,7287.5,8380.63,,,,,,,,,,,FALSE,FALSE,FALSE,Standard Rate,Standard Rate,,10,,
DH-ARC55-SH-L-B,Dromex ARC HRC4-55CAL Switching Hood with Visor(True Vision),,TRUE,1,7579,8715.85,7287.5,8380.63,,,,,,,,,,,FALSE,FALSE,FALSE,Standard Rate,Standard Rate,,10,,
DH-ARC55-SH-XL-B,Dromex ARC HRC4-55CAL Switching Hood with Visor(True Vision),,TRUE,1,7579,8715.85,7287.5,8380.63,,,,,,,,,,,FALSE,FALSE,FALSE,Standard Rate,Standard Rate,,10,,
DH-ARC55-SH-2XL-B,Dromex ARC HRC4-55CAL Switching Hood with Visor(True Vision),,TRUE,1,7579,8715.85,7287.5,8380.63,,,,,,,,,,,FALSE,FALSE,FALSE,Standard Rate,Standard Rate,,10,,
DH-ARC55-SH-3XL-B,Dromex ARC HRC4-55CAL Switching Hood with Visor(True Vision),,TRUE,1,7579,8715.85,7287.5,8380.63,,,,,,,,,,,FALSE,FALSE,FALSE,Standard Rate,Standard Rate,,10,,
DH-ARC55-SH-4XL-B,Dromex ARC HRC4-55CAL Switching Hood with Visor(True Vision),,TRUE,1,7579,8715.85,7287.5,8380.63,,,,,,,,,,,FALSE,FALSE,FALSE,Standard Rate,Standard Rate,,10,,
DH-ARC55-SH-5XL-B,Dromex ARC HRC4-55CAL Switching Hood with Visor(True Vision),,TRUE,1,7579,8715.85,7287.5,8380.63,,,,,,,,,,,FALSE,FALSE,FALSE,Standard Rate,Standard Rate,,10,,
DH-ARC55-SHV-S-B,Dromex ARC HRC4-55CAL Switching Hood with Visor(True Vision) + Ventilating System,,TRUE,1,9009,10360.35,8662.5,9961.88,,,,,,,,,,,FALSE,FALSE,FALSE,Standard Rate,Standard Rate,,10,,
DH-ARC55-SHV-M-B,Dromex ARC HRC4-55CAL Switching Hood with Visor(True Vision) + Ventilating System,,TRUE,1,9009,10360.35,8662.5,9961.88,,,,,,,,,,,FALSE,FALSE,FALSE,Standard Rate,Standard Rate,,10,,
DH-ARC55-SHV-L-B,Dromex ARC HRC4-55CAL Switching Hood with Visor(True Vision) + Ventilating System,,TRUE,1,9009,10360.35,8662.5,9961.88,,,,,,,,,,,FALSE,FALSE,FALSE,Standard Rate,Standard Rate,,10,,
DH-ARC55-SHV-XL-B,Dromex ARC HRC4-55CAL Switching Hood with Visor(True Vision) + Ventilating System,,TRUE,1,9009,10360.35,8662.5,9961.88,,,,,,,,,,,FALSE,FALSE,FALSE,Standard Rate,Standard Rate,,10,,
DH-ARC55-SHV-2XL-B,Dromex ARC HRC4-55CAL Switching Hood with Visor(True Vision) + Ventilating System,,TRUE,1,9009,10360.35,8662.5,9961.88,,,,,,,,,,,FALSE,FALSE,FALSE,Standard Rate,Standard Rate,,10,,
DH-ARC55-SHV-3XL-B,Dromex ARC HRC4-55CAL Switching Hood with Visor(True Vision) + Ventilating System,,TRUE,1,9009,10360.35,8662.5,9961.88,,,,,,,,,,,FALSE,FALSE,FALSE,Standard Rate,Standard Rate,,10,,
DH-ARC55-SHV-4XL-B,Dromex ARC HRC4-55CAL Switching Hood with Visor(True Vision) + Ventilating System,,TRUE,1,9009,10360.35,8662.5,9961.88,,,,,,,,,,,FALSE,FALSE,FALSE,Standard Rate,Standard Rate,,10,,
DH-ARC55-SHV-5XL-B,Dromex ARC HRC4-55CAL Switching Hood with Visor(True Vision) + Ventilating System,,TRUE,1,9009,10360.35,8662.5,9961.88,,,,,,,,,,,FALSE,FALSE,FALSE,Standard Rate,Standard Rate,,10,,
DH-ARC100-SHV-S-B,Dromex ARC HRC4-100CAL Switching Hood with Visor(True Vision) + Ventilating System,,TRUE,1,15730,18089.5,15125,17393.75,,,,,,,,,,,FALSE,FALSE,FALSE,Standard Rate,Standard Rate,,10,,
DH-ARC100-SHV-M-B,Dromex ARC HRC4-100CAL Switching Hood with Visor(True Vision) + Ventilating System,,TRUE,1,15730,18089.5,15125,17393.75,,,,,,,,,,,FALSE,FALSE,FALSE,Standard Rate,Standard Rate,,10,,
DH-ARC100-SHV-L-B,Dromex ARC HRC4-100CAL Switching Hood with Visor(True Vision) + Ventilating System,,TRUE,1,15730,18089.5,15125,17393.75,,,,,,,,,,,FALSE,FALSE,FALSE,Standard Rate,Standard Rate,,10,,
DH-ARC100-SHV-XL-B,Dromex ARC HRC4-100CAL Switching Hood with Visor(True Vision) + Ventilating System,,TRUE,1,15730,18089.5,15125,17393.75,,,,,,,,,,,FALSE,FALSE,FALSE,Standard Rate,Standard Rate,,10,,
DH-ARC100-SHV-2XL-B,Dromex ARC HRC4-100CAL Switching Hood with Visor(True Vision) + Ventilating System,,TRUE,1,15730,18089.5,15125,17393.75,,,,,,,,,,,FALSE,FALSE,FALSE,Standard Rate,Standard Rate,,10,,
DH-ARC100-SHV-3XL-B,Dromex ARC HRC4-100CAL Switching Hood with Visor(True Vision) + Ventilating System,,TRUE,1,15730,18089.5,15125,17393.75,,,,,,,,,,,FALSE,FALSE,FALSE,Standard Rate,Standard Rate,,10,,
DH-ARC100-SHV-4XL-B,Dromex ARC HRC4-100CAL Switching Hood with Visor(True Vision) + Ventilating System,,TRUE,1,15730,18089.5,15125,17393.75,,,,,,,,,,,FALSE,FALSE,FALSE,Standard Rate,Standard Rate,,10,,
DH-ARC100-SHV-5XL-B,Dromex ARC HRC4-100CAL Switching Hood with Visor(True Vision) + Ventilating System,,TRUE,1,15730,18089.5,15125,17393.75,,,,,,,,,,,FALSE,FALSE,FALSE,Standard Rate,Standard Rate,,10,,
DH-ARC100-KIT-B,"Dromex ARC HRC4-100CAL Complete Kit(Jacket/Pants/Ventilated Hood,Glove)",,TRUE,1,30745,35356.75,29562.5,33996.88,,,,,,,,,,,FALSE,FALSE,FALSE,Standard Rate,Standard Rate,,10,,
DW-ARC9.9-SST-S-B,"Dromex ARC T-Shirt Short Sleeve, 9.9 CAL",,TRUE,1,644,740.6,619,711.85,,,,,,,,,,,FALSE,FALSE,FALSE,Standard Rate,Standard Rate,,10,,
DW-ARC9.9-SST-M-B,"Dromex ARC T-Shirt Short Sleeve, 9.9 CAL",,TRUE,1,644,740.6,619,711.85,,,,,,,,,,,FALSE,FALSE,FALSE,Standard Rate,Standard Rate,,10,,
DW-ARC9.9-SST-L-B,"Dromex ARC T-Shirt Short Sleeve, 9.9 CAL",,TRUE,1,644,740.6,619,711.85,,,,,,,,,,,FALSE,FALSE,FALSE,Standard Rate,Standard Rate,,10,,
DW-ARC9.9-SST-XL-B,"Dromex ARC T-Shirt Short Sleeve, 9.9 CAL",,TRUE,1,644,740.6,619,711.85,,,,,,,,,,,FALSE,FALSE,FALSE,Standard Rate,Standard Rate,,10,,
DW-ARC9.9-SST-2XL-B,"Dromex ARC T-Shirt Short Sleeve, 9.9 CAL",,TRUE,1,644,740.6,619,711.85,,,,,,,,,,,FALSE,FALSE,FALSE,Standard Rate,Standard Rate,,10,,
DW-ARC9.9-SST-3XL-B,"Dromex ARC T-Shirt Short Sleeve, 9.9 CAL",,TRUE,1,644,740.6,619,711.85,,,,,,,,,,,FALSE,FALSE,FALSE,Standard Rate,Standard Rate,,10,,
DW-ARC9.9-SST-4XL-B,"Dromex ARC T-Shirt Short Sleeve, 9.9 CAL",,TRUE,1,644,740.6,619,711.85,,,,,,,,,,,FALSE,FALSE,FALSE,Standard Rate,Standard Rate,,10,,
DW-ARC9.9-SST-5XL-B,"Dromex ARC T-Shirt Short Sleeve, 9.9 CAL",,TRUE,1,644,740.6,619,711.85,,,,,,,,,,,FALSE,FALSE,FALSE,Standard Rate,Standard Rate,,10,,
DW-ARC9.9-LST-S-B,"Dromex ARC T-Shirt Long Sleeve, 9.9 CAL",,TRUE,1,686,788.9,660,759,,,,,,,,,,,FALSE,FALSE,FALSE,Standard Rate,Standard Rate,,10,,
DW-ARC9.9-LST-M-B,"Dromex ARC T-Shirt Long Sleeve, 9.9 CAL",,TRUE,1,686,788.9,660,759,,,,,,,,,,,FALSE,FALSE,FALSE,Standard Rate,Standard Rate,,10,,
DW-ARC9.9-LST-L-B,"Dromex ARC T-Shirt Long Sleeve, 9.9 CAL",,TRUE,1,686,788.9,660,759,,,,,,,,,,,FALSE,FALSE,FALSE,Standard Rate,Standard Rate,,10,,
DW-ARC9.9-LST-XL-B,"Dromex ARC T-Shirt Long Sleeve, 9.9 CAL",,TRUE,1,686,788.9,660,759,,,,,,,,,,,FALSE,FALSE,FALSE,Standard Rate,Standard Rate,,10,,
DW-ARC9.9-LST-2XL-B,"Dromex ARC T-Shirt Long Sleeve, 9.9 CAL",,TRUE,1,686,788.9,660,759,,,,,,,,,,,FALSE,FALSE,FALSE,Standard Rate,Standard Rate,,10,,
DW-ARC9.9-LST-3XL-B,"Dromex ARC T-Shirt Long Sleeve, 9.9 CAL",,TRUE,1,686,788.9,660,759,,,,,,,,,,,FALSE,FALSE,FALSE,Standard Rate,Standard Rate,,10,,
DW-ARC9.9-LST-4XL-B,"Dromex ARC T-Shirt Long Sleeve, 9.9 CAL",,TRUE,1,686,788.9,660,759,,,,,,,,,,,FALSE,FALSE,FALSE,Standard Rate,Standard Rate,,10,,
DW-ARC9.9-LST-5XL-B,"Dromex ARC T-Shirt Long Sleeve, 9.9 CAL",,TRUE,1,686,788.9,660,759,,,,,,,,,,,FALSE,FALSE,FALSE,Standard Rate,Standard Rate,,10,,
DW-ARC9.9-BSH-S-B,"Dromex ARC Boxer Shorts (Underwear), 9.9 CAL",,TRUE,1,257.4,296.01,247.5,284.63,,,,,,,,,,,FALSE,FALSE,FALSE,Standard Rate,Standard Rate,,10,,
DW-ARC9.9-BSH-M-B,"Dromex ARC Boxer Shorts (Underwear), 9.9 CAL",,TRUE,1,257.4,296.01,247.5,284.63,,,,,,,,,,,FALSE,FALSE,FALSE,Standard Rate,Standard Rate,,10,,
DW-ARC9.9-BSH-L-B,"Dromex ARC Boxer Shorts (Underwear), 9.9 CAL",,TRUE,1,257.4,296.01,247.5,284.63,,,,,,,,,,,FALSE,FALSE,FALSE,Standard Rate,Standard Rate,,10,,
DW-ARC9.9-BSH-XL-B,"Dromex ARC Boxer Shorts (Underwear), 9.9 CAL",,TRUE,1,257.4,296.01,247.5,284.63,,,,,,,,,,,FALSE,FALSE,FALSE,Standard Rate,Standard Rate,,10,,
DW-ARC9.9-BSH-2XL-B,"Dromex ARC Boxer Shorts (Underwear), 9.9 CAL",,TRUE,1,257.4,296.01,247.5,284.63,,,,,,,,,,,FALSE,FALSE,FALSE,Standard Rate,Standard Rate,,10,,
DW-ARC9.9-BSH-3XL-B,"Dromex ARC Boxer Shorts (Underwear), 9.9 CAL",,TRUE,1,257.4,296.01,247.5,284.63,,,,,,,,,,,FALSE,FALSE,FALSE,Standard Rate,Standard Rate,,10,,
DW-ARC9.9-BSH-4XL-B,"Dromex ARC Boxer Shorts (Underwear), 9.9 CAL",,TRUE,1,257.4,296.01,247.5,284.63,,,,,,,,,,,FALSE,FALSE,FALSE,Standard Rate,Standard Rate,,10,,
DW-ARC9.9-BSH-5XL-B,"Dromex ARC Boxer Shorts (Underwear), 9.9 CAL",,TRUE,1,257.4,296.01,247.5,284.63,,,,,,,,,,,FALSE,FALSE,FALSE,Standard Rate,Standard Rate,,10,,
DW-ARCBAG,ARC Bag for 51CAL Accessories,,TRUE,1,357.5,411.125,343.75,395.31,,,,,,,,,,,FALSE,FALSE,FALSE,Standard Rate,Standard Rate,,10,,
DF-FLASH-3-BLK,Dromex Flashtread ARC Boot,,TRUE,1,1430,1644.5,1375,1581.25,,,,,,,,,,,FALSE,FALSE,FALSE,Standard Rate,Standard Rate,,10,,
DF-FLASH-4-BLK,Dromex Flashtread ARC Boot,,TRUE,1,1430,1644.5,1375,1581.25,,,,,,,,,,,FALSE,FALSE,FALSE,Standard Rate,Standard Rate,,10,,
DF-FLASH-5-BLK,Dromex Flashtread ARC Boot,,TRUE,1,1430,1644.5,1375,1581.25,,,,,,,,,,,FALSE,FALSE,FALSE,Standard Rate,Standard Rate,,10,,
DF-FLASH-6-BLK,Dromex Flashtread ARC Boot,,TRUE,1,1430,1644.5,1375,1581.25,,,,,,,,,,,FALSE,FALSE,FALSE,Standard Rate,Standard Rate,,10,,
DF-FLASH-7-BLK,Dromex Flashtread ARC Boot,,TRUE,1,1430,1644.5,1375,1581.25,,,,,,,,,,,FALSE,FALSE,FALSE,Standard Rate,Standard Rate,,10,,
DF-FLASH-8-BLK,Dromex Flashtread ARC Boot,,TRUE,1,1430,1644.5,1375,1581.25,,,,,,,,,,,FALSE,FALSE,FALSE,Standard Rate,Standard Rate,,10,,
DF-FLASH-9-BLK,Dromex Flashtread ARC Boot,,TRUE,1,1430,1644.5,1375,1581.25,,,,,,,,,,,FALSE,FALSE,FALSE,Standard Rate,Standard Rate,,10,,
DF-FLASH-10-BLK,Dromex Flashtread ARC Boot,,TRUE,1,1430,1644.5,1375,1581.25,,,,,,,,,,,FALSE,FALSE,FALSE,Standard Rate,Standard Rate,,10,,
DF-FLASH-11-BLK,Dromex Flashtread ARC Boot,,TRUE,1,1430,1644.5,1375,1581.25,,,,,,,,,,,FALSE,FALSE,FALSE,Standard Rate,Standard Rate,,10,,
DF-FLASH-12-BLK,Dromex Flashtread ARC Boot,,TRUE,1,1430,1644.5,1375,1581.25,,,,,,,,,,,FALSE,FALSE,FALSE,Standard Rate,Standard Rate,,10,,
DF-FLASH-13-BLK,Dromex Flashtread ARC Boot,,TRUE,1,1430,1644.5,1375,1581.25,,,,,,,,,,,FALSE,FALSE,FALSE,Standard Rate,Standard Rate,,10,,
DW-ARC21-DJ28-28-NVB,Dromex ARC 21 CAL Denim Jeans,,TRUE,1,929.5,1068.925,893.75,1027.81,,,,,,,,,,,FALSE,FALSE,FALSE,Standard Rate,Standard Rate,,10,,
DW-ARC21-DJ28-30-NVB,Dromex ARC 21 CAL Denim Jeans,,TRUE,1,929.5,1068.925,893.75,1027.81,,,,,,,,,,,FALSE,FALSE,FALSE,Standard Rate,Standard Rate,,10,,
DW-ARC21-DJ28-32-NVB,Dromex ARC 21 CAL Denim Jeans,,TRUE,1,929.5,1068.925,893.75,1027.81,,,,,,,,,,,FALSE,FALSE,FALSE,Standard Rate,Standard Rate,,10,,
DW-ARC21-DJ28-34-NVB,Dromex ARC 21 CAL Denim Jeans,,TRUE,1,929.5,1068.925,893.75,1027.81,,,,,,,,,,,FALSE,FALSE,FALSE,Standard Rate,Standard Rate,,10,,
DW-ARC21-DJ28-36-NVB,Dromex ARC 21 CAL Denim Jeans,,TRUE,1,929.5,1068.925,893.75,1027.81,,,,,,,,,,,FALSE,FALSE,FALSE,Standard Rate,Standard Rate,,10,,
DW-ARC21-DJ28-38-NVB,Dromex ARC 21 CAL Denim Jeans,,TRUE,1,929.5,1068.925,893.75,1027.81,,,,,,,,,,,FALSE,FALSE,FALSE,Standard Rate,Standard Rate,,10,,
DW-ARC21-DJ28-40-NVB,Dromex ARC 21 CAL Denim Jeans,,TRUE,1,929.5,1068.925,893.75,1027.81,,,,,,,,,,,FALSE,FALSE,FALSE,Standard Rate,Standard Rate,,10,,
DW-ARC21-DJ28-42-NVB,Dromex ARC 21 CAL Denim Jeans,,TRUE,1,929.5,1068.925,893.75,1027.81,,,,,,,,,,,FALSE,FALSE,FALSE,Standard Rate,Standard Rate,,10,,
DW-ARC21-DJ28-44-NVB,Dromex ARC 21 CAL Denim Jeans,,TRUE,1,929.5,1068.925,893.75,1027.81,,,,,,,,,,,FALSE,FALSE,FALSE,Standard Rate,Standard Rate,,10,,
DW-ARC21-DJ28-46-NVB,Dromex ARC 21 CAL Denim Jeans,,TRUE,1,929.5,1068.925,893.75,1027.81,,,,,,,,,,,FALSE,FALSE,FALSE,Standard Rate,Standard Rate,,10,,
DW-ARC21-DJ28-48-NVB,Dromex ARC 21 CAL Denim Jeans,,TRUE,1,929.5,1068.925,893.75,1027.81,,,,,,,,,,,FALSE,FALSE,FALSE,Standard Rate,Standard Rate,,10,,
DW-ARC21-DJ28-50-NVB,Dromex ARC 21 CAL Denim Jeans,,TRUE,1,929.5,1068.925,893.75,1027.81,,,,,,,,,,,FALSE,FALSE,FALSE,Standard Rate,Standard Rate,,10,,
"DW-ARC9,6-SS-S-SKB","Dromex ARC Shirt Sky 9,6 CAL",,TRUE,1,786.5,904.475,756.25,869.69,,,,,,,,,,,FALSE,FALSE,FALSE,Standard Rate,Standard Rate,,10,,
"DW-ARC9,6-SS-M-SKB","Dromex ARC Shirt Sky 9,6 CAL",,TRUE,1,786.5,904.475,756.25,869.69,,,,,,,,,,,FALSE,FALSE,FALSE,Standard Rate,Standard Rate,,10,,
"DW-ARC9,6-SS-L-SKB","Dromex ARC Shirt Sky 9,6 CAL",,TRUE,1,786.5,904.475,756.25,869.69,,,,,,,,,,,FALSE,FALSE,FALSE,Standard Rate,Standard Rate,,10,,
"DW-ARC9,6-SS-XL-SKB","Dromex ARC Shirt Sky 9,6 CAL",,TRUE,1,786.5,904.475,756.25,869.69,,,,,,,,,,,FALSE,FALSE,FALSE,Standard Rate,Standard Rate,,10,,
"DW-ARC9,6-SS-2XL-SKB","Dromex ARC Shirt Sky 9,6 CAL",,TRUE,1,786.5,904.475,756.25,869.69,,,,,,,,,,,FALSE,FALSE,FALSE,Standard Rate,Standard Rate,,10,,
"DW-ARC9,6-SS-3XL-SKB","Dromex ARC Shirt Sky 9,6 CAL",,TRUE,1,786.5,904.475,756.25,869.69,,,,,,,,,,,FALSE,FALSE,FALSE,Standard Rate,Standard Rate,,10,,
"DW-ARC9,6-SS-4XL-SKB","Dromex ARC Shirt Sky 9,6 CAL",,TRUE,1,786.5,904.475,756.25,869.69,,,,,,,,,,,FALSE,FALSE,FALSE,Standard Rate,Standard Rate,,10,,
"DW-ARC9,6-SS-5XL-SKB","Dromex ARC Shirt Sky 9,6 CAL",,TRUE,1,786.5,904.475,756.25,869.69,,,,,,,,,,,FALSE,FALSE,FALSE,Standard Rate,Standard Rate,,10,,
DW-ARC15-XSS-XS-K,Dromex ARC Shirt 15 CAL,,TRUE,1,972.4,1118.26,935,1075.25,,,,,,,,,,,FALSE,FALSE,FALSE,Standard Rate,Standard Rate,,10,,
DW-ARC15-XSS-S-K,Dromex ARC Shirt 15 CAL,,TRUE,1,972.4,1118.26,935,1075.25,,,,,,,,,,,FALSE,FALSE,FALSE,Standard Rate,Standard Rate,,10,,
DW-ARC15-XSS-M-K,Dromex ARC Shirt 15 CAL,,TRUE,1,972.4,1118.26,935,1075.25,,,,,,,,,,,FALSE,FALSE,FALSE,Standard Rate,Standard Rate,,10,,
DW-ARC15-XSS-L-K,Dromex ARC Shirt 15 CAL,,TRUE,1,972.4,1118.26,935,1075.25,,,,,,,,,,,FALSE,FALSE,FALSE,Standard Rate,Standard Rate,,10,,
DW-ARC15-XSS-XL-K,Dromex ARC Shirt 15 CAL,,TRUE,1,972.4,1118.26,935,1075.25,,,,,,,,,,,FALSE,FALSE,FALSE,Standard Rate,Standard Rate,,10,,
DW-ARC15-XSS-2XL-K,Dromex ARC Shirt 15 CAL,,TRUE,1,972.4,1118.26,935,1075.25,,,,,,,,,,,FALSE,FALSE,FALSE,Standard Rate,Standard Rate,,10,,
DW-ARC15-XSS-3XL-K,Dromex ARC Shirt 15 CAL,,TRUE,1,972.4,1118.26,935,1075.25,,,,,,,,,,,FALSE,FALSE,FALSE,Standard Rate,Standard Rate,,10,,
DW-ARC15-XSS-4XL-K,Dromex ARC Shirt 15 CAL,,TRUE,1,972.4,1118.26,935,1075.25,,,,,,,,,,,FALSE,FALSE,FALSE,Standard Rate,Standard Rate,,10,,
DW-ARC15-XSS-5XL-K,Dromex ARC Shirt 15 CAL,,TRUE,1,972.4,1118.26,935,1075.25,,,,,,,,,,,FALSE,FALSE,FALSE,Standard Rate,Standard Rate,,10,,
DW-POS220RTXX-O32-32,Dromex Oil and Gas Poseidon 220 Boilersuit,,TRUE,1,1216,1398.4,1169,1344.35,,,,,,,,,,,FALSE,FALSE,FALSE,Standard Rate,Standard Rate,,10,,
DW-POS220RTXX-O32-34,Dromex Oil and Gas Poseidon 220 Boilersuit,,TRUE,1,1216,1398.4,1169,1344.35,,,,,,,,,,,FALSE,FALSE,FALSE,Standard Rate,Standard Rate,,10,,
DW-POS220RTXX-O32-36,Dromex Oil and Gas Poseidon 220 Boilersuit,,TRUE,1,1216,1398.4,1169,1344.35,,,,,,,,,,,FALSE,FALSE,FALSE,Standard Rate,Standard Rate,,10,,
DW-POS220RTXX-O32-38,Dromex Oil and Gas Poseidon 220 Boilersuit,,TRUE,1,1216,1398.4,1169,1344.35,,,,,,,,,,,FALSE,FALSE,FALSE,Standard Rate,Standard Rate,,10,,
DW-POS220RTXX-O32-40,Dromex Oil and Gas Poseidon 220 Boilersuit,,TRUE,1,1216,1398.4,1169,1344.35,,,,,,,,,,,FALSE,FALSE,FALSE,Standard Rate,Standard Rate,,10,,
DW-POS220RTXX-O32-42,Dromex Oil and Gas Poseidon 220 Boilersuit,,TRUE,1,1216,1398.4,1169,1344.35,,,,,,,,,,,FALSE,FALSE,FALSE,Standard Rate,Standard Rate,,10,,
DW-POS220RTXX-O32-44,Dromex Oil and Gas Poseidon 220 Boilersuit,,TRUE,1,1215.5,1397.825,1168.75,1344.06,,,,,,,,,,,FALSE,FALSE,FALSE,Standard Rate,Standard Rate,,10,,
DW-POS220RTXX-O32-46,Dromex Oil and Gas Poseidon 220 Boilersuit,,TRUE,1,1216,1398.4,1169,1344.35,,,,,,,,,,,FALSE,FALSE,FALSE,Standard Rate,Standard Rate,,10,,
DW-POS220RTXX-O32-48,Dromex Oil and Gas Poseidon 220 Boilersuit,,TRUE,1,1216,1398.4,1169,1344.35,,,,,,,,,,,FALSE,FALSE,FALSE,Standard Rate,Standard Rate,,10,,
DW-POS220RTXX-O32-50,Dromex Oil and Gas Poseidon 220 Boilersuit,,TRUE,1,1216,1398.4,1169,1344.35,,,,,,,,,,,FALSE,FALSE,FALSE,Standard Rate,Standard Rate,,10,,
DW-POS220RTXX-O32-52,Dromex Oil and Gas Poseidon 220 Boilersuit,,TRUE,1,1216,1398.4,1169,1344.35,,,,,,,,,,,FALSE,FALSE,FALSE,Standard Rate,Standard Rate,,10,,
DW-POS220RTXX-O32-54,Dromex Oil and Gas Poseidon 220 Boilersuit,,TRUE,1,1216,1398.4,1169,1344.35,,,,,,,,,,,FALSE,FALSE,FALSE,Standard Rate,Standard Rate,,10,,
DW-POS220RTXX-O32-56,Dromex Oil and Gas Poseidon 220 Boilersuit,,TRUE,1,1216,1398.4,1169,1344.35,,,,,,,,,,,FALSE,FALSE,FALSE,Standard Rate,Standard Rate,,10,,
DW-POS220RTXX-O32-58,Dromex Oil and Gas Poseidon 220 Boilersuit,,TRUE,1,1216,1398.4,1169,1344.35,,,,,,,,,,,FALSE,FALSE,FALSE,Standard Rate,Standard Rate,,10,,
DW-POS220RTXX-O32-60,Dromex Oil and Gas Poseidon 220 Boilersuit,,TRUE,1,1216,1398.4,1169,1344.35,,,,,,,,,,,FALSE,FALSE,FALSE,Standard Rate,Standard Rate,,10,,
DW-POS220RTXX-O32-62,Dromex Oil and Gas Poseidon 220 Boilersuit,,TRUE,1,1216,1398.4,1169,1344.35,,,,,,,,,,,FALSE,FALSE,FALSE,Standard Rate,Standard Rate,,10,,
DW-POS220RTXX-O32-64,Dromex Oil and Gas Poseidon 220 Boilersuit,,TRUE,1,1216,1398.4,1169,1344.35,,,,,,,,,,,FALSE,FALSE,FALSE,Standard Rate,Standard Rate,,10,,
DW-POS220RTNB-J-32-32-N,Dromex Oil and Gas Poseidon 220 Jacket,,TRUE,1,700.7,805.805,673.75,774.81,,,,,,,,,,,FALSE,FALSE,FALSE,Standard Rate,Standard Rate,,10,,
DW-POS220RTNB-J-32-34-N,Dromex Oil and Gas Poseidon 220 Jacket,,TRUE,1,700.7,805.805,673.75,774.81,,,,,,,,,,,FALSE,FALSE,FALSE,Standard Rate,Standard Rate,,10,,
DW-POS220RTNB-J-32-36-N,Dromex Oil and Gas Poseidon 220 Jacket,,TRUE,1,700.7,805.805,673.75,774.81,,,,,,,,,,,FALSE,FALSE,FALSE,Standard Rate,Standard Rate,,10,,
DW-POS220RTNB-J-32-38-N,Dromex Oil and Gas Poseidon 220 Jacket,,TRUE,1,700.7,805.805,673.75,774.81,,,,,,,,,,,FALSE,FALSE,FALSE,Standard Rate,Standard Rate,,10,,
DW-POS220RTNB-J-32-40-N,Dromex Oil and Gas Poseidon 220 Jacket,,TRUE,1,700.7,805.805,673.75,774.81,,,,,,,,,,,FALSE,FALSE,FALSE,Standard Rate,Standard Rate,,10,,
DW-POS220RTNB-J-32-42-N,Dromex Oil and Gas Poseidon 220 Jacket,,TRUE,1,700.7,805.805,673.75,774.81,,,,,,,,,,,FALSE,FALSE,FALSE,Standard Rate,Standard Rate,,10,,
DW-POS220RTNB-J-32-44-N,Dromex Oil and Gas Poseidon 220 Jacket,,TRUE,1,700.7,805.805,673.75,774.81,,,,,,,,,,,FALSE,FALSE,FALSE,Standard Rate,Standard Rate,,10,,
DW-POS220RTNB-J-32-46-N,Dromex Oil and Gas Poseidon 220 Jacket,,TRUE,1,700.7,805.805,673.75,774.81,,,,,,,,,,,FALSE,FALSE,FALSE,Standard Rate,Standard Rate,,10,,
DW-POS220RTNB-J-32-48-N,Dromex Oil and Gas Poseidon 220 Jacket,,TRUE,1,700.7,805.805,673.75,774.81,,,,,,,,,,,FALSE,FALSE,FALSE,Standard Rate,Standard Rate,,10,,
DW-POS220RTNB-J-32-50-N,Dromex Oil and Gas Poseidon 220 Jacket,,TRUE,1,700.7,805.805,673.75,774.81,,,,,,,,,,,FALSE,FALSE,FALSE,Standard Rate,Standard Rate,,10,,
DW-POS220RTNB-J-32-52-N,Dromex Oil and Gas Poseidon 220 Jacket,,TRUE,1,700.7,805.805,673.75,774.81,,,,,,,,,,,FALSE,FALSE,FALSE,Standard Rate,Standard Rate,,10,,
DW-POS220RTNB-J-32-54-N,Dromex Oil and Gas Poseidon 220 Jacket,,TRUE,1,700.7,805.805,673.75,774.81,,,,,,,,,,,FALSE,FALSE,FALSE,Standard Rate,Standard Rate,,10,,
DW-POS220RTNB-J-32-56-N,Dromex Oil and Gas Poseidon 220 Jacket,,TRUE,1,700.7,805.805,673.75,774.81,,,,,,,,,,,FALSE,FALSE,FALSE,Standard Rate,Standard Rate,,10,,
DW-POS220RTNB-J-32-58-N,Dromex Oil and Gas Poseidon 220 Jacket,,TRUE,1,700.7,805.805,673.75,774.81,,,,,,,,,,,FALSE,FALSE,FALSE,Standard Rate,Standard Rate,,10,,
DW-POS220RTNB-J-32-60-N,Dromex Oil and Gas Poseidon 220 Jacket,,TRUE,1,700.7,805.805,673.75,774.81,,,,,,,,,,,FALSE,FALSE,FALSE,Standard Rate,Standard Rate,,10,,
DW-POS220RTNB-J-32-62-N,Dromex Oil and Gas Poseidon 220 Jacket,,TRUE,1,700.7,805.805,673.75,774.81,,,,,,,,,,,FALSE,FALSE,FALSE,Standard Rate,Standard Rate,,10,,
DW-POS220RTNB-J-32-64-N,Dromex Oil and Gas Poseidon 220 Jacket,,TRUE,1,700.7,805.805,673.75,774.81,,,,,,,,,,,FALSE,FALSE,FALSE,Standard Rate,Standard Rate,,10,,
DW-POS220RTNB-P-28-28-NVB,Dromex Poseidon 220 Pants,,TRUE,1,700.7,805.805,673.75,774.81,,,,,,,,,,,FALSE,FALSE,FALSE,Standard Rate,Standard Rate,,10,,
DW-POS220RTNB-P-28-30-NVB,Dromex Poseidon 220 Pants,,TRUE,1,700.7,805.805,673.75,774.81,,,,,,,,,,,FALSE,FALSE,FALSE,Standard Rate,Standard Rate,,10,,
DW-POS220RTNB-P-28-32-NVB,Dromex Poseidon 220 Pants,,TRUE,1,700.7,805.805,673.75,774.81,,,,,,,,,,,FALSE,FALSE,FALSE,Standard Rate,Standard Rate,,10,,
DW-POS220RTNB-P-28-34-NVB,Dromex Poseidon 220 Pants,,TRUE,1,700.7,805.805,673.75,774.81,,,,,,,,,,,FALSE,FALSE,FALSE,Standard Rate,Standard Rate,,10,,
DW-POS220RTNB-P-28-36-NVB,Dromex Poseidon 220 Pants,,TRUE,1,700.7,805.805,673.75,774.81,,,,,,,,,,,FALSE,FALSE,FALSE,Standard Rate,Standard Rate,,10,,
DW-POS220RTNB-P-28-38-NVB,Dromex Poseidon 220 Pants,,TRUE,1,700.7,805.805,673.75,774.81,,,,,,,,,,,FALSE,FALSE,FALSE,Standard Rate,Standard Rate,,10,,
DW-POS220RTNB-P-28-40-NVB,Dromex Poseidon 220 Pants,,TRUE,1,700.7,805.805,673.75,774.81,,,,,,,,,,,FALSE,FALSE,FALSE,Standard Rate,Standard Rate,,10,,
DW-POS220RTNB-P-28-42-NVB,Dromex Poseidon 220 Pants,,TRUE,1,700.7,805.805,673.75,774.81,,,,,,,,,,,FALSE,FALSE,FALSE,Standard Rate,Standard Rate,,10,,
DW-POS220RTNB-P-28-44-NVB,Dromex Poseidon 220 Pants,,TRUE,1,700.7,805.805,673.75,774.81,,,,,,,,,,,FALSE,FALSE,FALSE,Standard Rate,Standard Rate,,10,,
DW-POS220RTNB-P-28-46-NVB,Dromex Poseidon 220 Pants,,TRUE,1,700.7,805.805,673.75,774.81,,,,,,,,,,,FALSE,FALSE,FALSE,Standard Rate,Standard Rate,,10,,
DW-POS220RTNB-P-28-48-NVB,Dromex Poseidon 220 Pants,,TRUE,1,700.7,805.805,673.75,774.81,,,,,,,,,,,FALSE,FALSE,FALSE,Standard Rate,Standard Rate,,10,,
DW-POS220RTNB-P-28-50-NVB,Dromex Poseidon 220 Pants,,TRUE,1,700.7,805.805,673.75,774.81,,,,,,,,,,,FALSE,FALSE,FALSE,Standard Rate,Standard Rate,,10,,
DW-POS220RTNB-P-28-52-NVB,Dromex Poseidon 220 Pants,,TRUE,1,700.7,805.805,673.75,774.81,,,,,,,,,,,FALSE,FALSE,FALSE,Standard Rate,Standard Rate,,10,,
DW-POS220RTNB-P-28-54-NVB,Dromex Poseidon 220 Pants,,TRUE,1,700.7,805.805,673.75,774.81,,,,,,,,,,,FALSE,FALSE,FALSE,Standard Rate,Standard Rate,,10,,
DW-POS220RTNB-P-28-56-NVB,Dromex Poseidon 220 Pants,,TRUE,1,700.7,805.805,673.75,774.81,,,,,,,,,,,FALSE,FALSE,FALSE,Standard Rate,Standard Rate,,10,,
DW-POS220RTNB-P-28-58-NVB,Dromex Poseidon 220 Pants,,TRUE,1,700.7,805.805,673.75,774.81,,,,,,,,,,,FALSE,FALSE,FALSE,Standard Rate,Standard Rate,,10,,
DW-POS220RTNB-P-28-60-NVB,Dromex Poseidon 220 Pants,,TRUE,1,700.7,805.805,673.75,774.81,,,,,,,,,,,FALSE,FALSE,FALSE,Standard Rate,Standard Rate,,10,,
DW-PROT12.4-J32-32-N,Dromex ARC - Protera® by Dupont™ 12.4 CAL HRC2 ARC Fa Tape Arms,,TRUE,1,1216,1398.4,1169,1344.35,,,,,,,,,,,FALSE,FALSE,FALSE,Standard Rate,Standard Rate,,10,,
DW-PROT12.4-J32-34-N,Dromex ARC - Protera® by Dupont™ 12.4 CAL HRC2 ARC Fa Tape Arms,,TRUE,1,1216,1398.4,1169,1344.35,,,,,,,,,,,FALSE,FALSE,FALSE,Standard Rate,Standard Rate,,10,,
DW-PROT12.4-J32-36-N,Dromex ARC - Protera® by Dupont™ 12.4 CAL HRC2 ARC Fa Tape Arms,,TRUE,1,1216,1398.4,1169,1344.35,,,,,,,,,,,FALSE,FALSE,FALSE,Standard Rate,Standard Rate,,10,,
DW-PROT12.4-J32-38-N,Dromex ARC - Protera® by Dupont™ 12.4 CAL HRC2 ARC Fa Tape Arms,,TRUE,1,1216,1398.4,1169,1344.35,,,,,,,,,,,FALSE,FALSE,FALSE,Standard Rate,Standard Rate,,10,,
DW-PROT12.4-J32-40-N,Dromex ARC - Protera® by Dupont™ 12.4 CAL HRC2 ARC Fa Tape Arms,,TRUE,1,1216,1398.4,1169,1344.35,,,,,,,,,,,FALSE,FALSE,FALSE,Standard Rate,Standard Rate,,10,,
DW-PROT12.4-J32-42-N,Dromex ARC - Protera® by Dupont™ 12.4 CAL HRC2 ARC Fa Tape Arms,,TRUE,1,1216,1398.4,1169,1344.35,,,,,,,,,,,FALSE,FALSE,FALSE,Standard Rate,Standard Rate,,10,,
DW-PROT12.4-J32-44-N,Dromex ARC - Protera® by Dupont™ 12.4 CAL HRC2 ARC Fa Tape Arms,,TRUE,1,1216,1398.4,1169,1344.35,,,,,,,,,,,FALSE,FALSE,FALSE,Standard Rate,Standard Rate,,10,,
DW-PROT12.4-J32-46-N,Dromex ARC - Protera® by Dupont™ 12.4 CAL HRC2 ARC Fa Tape Arms,,TRUE,1,1216,1398.4,1169,1344.35,,,,,,,,,,,FALSE,FALSE,FALSE,Standard Rate,Standard Rate,,10,,
DW-PROT12.4-J32-48-N,Dromex ARC - Protera® by Dupont™ 12.4 CAL HRC2 ARC Fa Tape Arms,,TRUE,1,1216,1398.4,1169,1344.35,,,,,,,,,,,FALSE,FALSE,FALSE,Standard Rate,Standard Rate,,10,,
DW-PROT12.4-J32-50-N,Dromex ARC - Protera® by Dupont™ 12.4 CAL HRC2 ARC Fa Tape Arms,,TRUE,1,1216,1398.4,1169,1344.35,,,,,,,,,,,FALSE,FALSE,FALSE,Standard Rate,Standard Rate,,10,,
DW-PROT12.4-J32-52-N,Dromex ARC - Protera® by Dupont™ 12.4 CAL HRC2 ARC Fa Tape Arms,,TRUE,1,1216,1398.4,1169,1344.35,,,,,,,,,,,FALSE,FALSE,FALSE,Standard Rate,Standard Rate,,10,,
DW-PROT12.4-J32-54-N,Dromex ARC - Protera® by Dupont™ 12.4 CAL HRC2 ARC Fa Tape Arms,,TRUE,1,1216,1398.4,1169,1344.35,,,,,,,,,,,FALSE,FALSE,FALSE,Standard Rate,Standard Rate,,10,,
DW-PROT12.4-J32-56-N,Dromex ARC - Protera® by Dupont™ 12.4 CAL HRC2 ARC Fa Tape Arms,,TRUE,1,1216,1398.4,1169,1344.35,,,,,,,,,,,FALSE,FALSE,FALSE,Standard Rate,Standard Rate,,10,,
DW-PROT12.4-J32-58-N,Dromex ARC - Protera® by Dupont™ 12.4 CAL HRC2 ARC Fa Tape Arms,,TRUE,1,1216,1398.4,1169,1344.35,,,,,,,,,,,FALSE,FALSE,FALSE,Standard Rate,Standard Rate,,10,,
DW-PROT12.4-J32-60-N,Dromex ARC - Protera® by Dupont™ 12.4 CAL HRC2 ARC Fa Tape Arms,,TRUE,1,1216,1398.4,1169,1344.35,,,,,,,,,,,FALSE,FALSE,FALSE,Standard Rate,Standard Rate,,10,,
DW-PROT12.4-P28-28-NVB,Dromex Protera® by Dupont™ 12.4 CAL HRC2 ARC Pants Fa Tape Legs,,TRUE,1,1144,1315.6,1100,1265,,,,,,,,,,,FALSE,FALSE,FALSE,Standard Rate,Standard Rate,,10,,
DW-PROT12.4-P28-30-NVB,Dromex Protera® by Dupont™ 12.4 CAL HRC2 ARC Pants Fa Tape Legs,,TRUE,1,1144,1315.6,1100,1265,,,,,,,,,,,FALSE,FALSE,FALSE,Standard Rate,Standard Rate,,10,,
DW-PROT12.4-P28-32-NVB,Dromex Protera® by Dupont™ 12.4 CAL HRC2 ARC Pants Fa Tape Legs,,TRUE,1,1144,1315.6,1100,1265,,,,,,,,,,,FALSE,FALSE,FALSE,Standard Rate,Standard Rate,,10,,
DW-PROT12.4-P28-34-NVB,Dromex Protera® by Dupont™ 12.4 CAL HRC2 ARC Pants Fa Tape Legs,,TRUE,1,1144,1315.6,1100,1265,,,,,,,,,,,FALSE,FALSE,FALSE,Standard Rate,Standard Rate,,10,,
DW-PROT12.4-P28-36-NVB,Dromex Protera® by Dupont™ 12.4 CAL HRC2 ARC Pants Fa Tape Legs,,TRUE,1,1144,1315.6,1100,1265,,,,,,,,,,,FALSE,FALSE,FALSE,Standard Rate,Standard Rate,,10,,
DW-PROT12.4-P28-38-NVB,Dromex Protera® by Dupont™ 12.4 CAL HRC2 ARC Pants Fa Tape Legs,,TRUE,1,1144,1315.6,1100,1265,,,,,,,,,,,FALSE,FALSE,FALSE,Standard Rate,Standard Rate,,10,,
DW-PROT12.4-P28-40-NVB,Dromex Protera® by Dupont™ 12.4 CAL HRC2 ARC Pants Fa Tape Legs,,TRUE,1,1144,1315.6,1100,1265,,,,,,,,,,,FALSE,FALSE,FALSE,Standard Rate,Standard Rate,,10,,
DW-PROT12.4-P28-42-NVB,Dromex Protera® by Dupont™ 12.4 CAL HRC2 ARC Pants Fa Tape Legs,,TRUE,1,1144,1315.6,1100,1265,,,,,,,,,,,FALSE,FALSE,FALSE,Standard Rate,Standard Rate,,10,,
DW-PROT12.4-P28-44-NVB,Dromex Protera® by Dupont™ 12.4 CAL HRC2 ARC Pants Fa Tape Legs,,TRUE,1,1144,1315.6,1100,1265,,,,,,,,,,,FALSE,FALSE,FALSE,Standard Rate,Standard Rate,,10,,
DW-PROT12.4-P28-46-NVB,Dromex Protera® by Dupont™ 12.4 CAL HRC2 ARC Pants Fa Tape Legs,,TRUE,1,1144,1315.6,1100,1265,,,,,,,,,,,FALSE,FALSE,FALSE,Standard Rate,Standard Rate,,10,,
DW-PROT12.4-P28-48-NVB,Dromex Protera® by Dupont™ 12.4 CAL HRC2 ARC Pants Fa Tape Legs,,TRUE,1,1144,1315.6,1100,1265,,,,,,,,,,,FALSE,FALSE,FALSE,Standard Rate,Standard Rate,,10,,
DW-PROT12.4-P28-50-NVB,Dromex Protera® by Dupont™ 12.4 CAL HRC2 ARC Pants Fa Tape Legs,,TRUE,1,1144,1315.6,1100,1265,,,,,,,,,,,FALSE,FALSE,FALSE,Standard Rate,Standard Rate,,10,,
DW-PROT12.4-P28-52-NVB,Dromex Protera® by Dupont™ 12.4 CAL HRC2 ARC Pants Fa Tape Legs,,TRUE,1,1144,1315.6,1100,1265,,,,,,,,,,,FALSE,FALSE,FALSE,Standard Rate,Standard Rate,,10,,
DW-PROT12.4-P28-54-NVB,Dromex Protera® by Dupont™ 12.4 CAL HRC2 ARC Pants Fa Tape Legs,,TRUE,1,1144,1315.6,1100,1265,,,,,,,,,,,FALSE,FALSE,FALSE,Standard Rate,Standard Rate,,10,,
DW-PROT12.4-P28-56-NVB,Dromex Protera® by Dupont™ 12.4 CAL HRC2 ARC Pants Fa Tape Legs,,TRUE,1,1144,1315.6,1100,1265,,,,,,,,,,,FALSE,FALSE,FALSE,Standard Rate,Standard Rate,,10,,
DG-CA420-8-W,"Dromex A.P.T 51CAL Leather ARC Gloves - ASTM, EN & NFPA, 51 CAL",,TRUE,1,529.1,608.465,508.75,585.06,,,,,,,,,,,FALSE,FALSE,FALSE,Standard Rate,Standard Rate,,10,,
DG-CA420-9-W,"Dromex A.P.T 51CAL Leather ARC Gloves - ASTM, EN & NFPA, 51 CAL",,TRUE,1,529.1,608.465,508.75,585.06,,,,,,,,,,,FALSE,FALSE,FALSE,Standard Rate,Standard Rate,,10,,
DG-CA420-10-W,"Dromex A.P.T 51CAL Leather ARC Gloves - ASTM, EN & NFPA, 51 CAL",,TRUE,1,529.1,608.465,508.75,585.06,,,,,,,,,,,FALSE,FALSE,FALSE,Standard Rate,Standard Rate,,10,,
DG-CA420-11-W,"Dromex A.P.T 51CAL Leather ARC Gloves - ASTM, EN & NFPA, 51 CAL",,TRUE,1,529.1,608.465,508.75,585.06,,,,,,,,,,,FALSE,FALSE,FALSE,Standard Rate,Standard Rate,,10,,
DG-NE423AF-7-OLGBLK,"Dromex ARC Synthetic Gloves, 16CAL Back,51CAL Front",,TRUE,1,500.5,575.575,481.25,553.44,,,,,,,,,,,FALSE,FALSE,FALSE,Standard Rate,Standard Rate,,10,,
DG-NE423AF-8-OLGBLK,"Dromex ARC Synthetic Gloves, 16CAL Back,51CAL Front",,TRUE,1,500.5,575.575,481.25,553.44,,,,,,,,,,,FALSE,FALSE,FALSE,Standard Rate,Standard Rate,,10,,
DG-NE423AF-9-OLGBLK,"Dromex ARC Synthetic Gloves, 16CAL Back,51CAL Front",,TRUE,1,500.5,575.575,481.25,553.44,,,,,,,,,,,FALSE,FALSE,FALSE,Standard Rate,Standard Rate,,10,,
DG-NE423AF-10-OLGBLK,"Dromex ARC Synthetic Gloves, 16CAL Back,51CAL Front",,TRUE,1,500.5,575.575,481.25,553.44,,,,,,,,,,,FALSE,FALSE,FALSE,Standard Rate,Standard Rate,,10,,
DG-NE423AF-11-OLGBLK,"Dromex ARC Synthetic Gloves, 16CAL Back,51CAL Front",,TRUE,1,500.5,575.575,481.25,553.44,,,,,,,,,,,FALSE,FALSE,FALSE,Standard Rate,Standard Rate,,10,,
DG-NE423AF-12-OLGBLK,"Dromex ARC Synthetic Gloves, 16CAL Back,51CAL Front",,TRUE,1,500.5,575.575,481.25,553.44,,,,,,,,,,,FALSE,FALSE,FALSE,Standard Rate,Standard Rate,,10,,
DG-NE423AF-13-OLGBLK,"Dromex ARC Synthetic Gloves, 16CAL Back,51CAL Front",,TRUE,1,500.5,575.575,481.25,553.44,,,,,,,,,,,FALSE,FALSE,FALSE,Standard Rate,Standard Rate,,10,,
DG-ARC55-S-RYB,Dromex ARC Fabric Gloves ATPV 55 CAL,,TRUE,1,930,1069.5,894,1028.1,,,,,,,,,,,FALSE,FALSE,FALSE,Standard Rate,Standard Rate,,10,,
DG-ARC55-M-RYB,Dromex ARC Fabric Gloves ATPV 55 CAL,,TRUE,1,930,1069.5,894,1028.1,,,,,,,,,,,FALSE,FALSE,FALSE,Standard Rate,Standard Rate,,10,,
DG-ARC55-L-RYB,Dromex ARC Fabric Gloves ATPV 55 CAL,,TRUE,1,930,1069.5,894,1028.1,,,,,,,,,,,FALSE,FALSE,FALSE,Standard Rate,Standard Rate,,10,,
DG-ARC55-XL-RYB,Dromex ARC Fabric Gloves ATPV 55 CAL,,TRUE,1,930,1069.5,894,1028.1,,,,,,,,,,,FALSE,FALSE,FALSE,Standard Rate,Standard Rate,,10,,
DG-ARC100-S-RYB,Dromex ARC Fabric Gloves ATPV 100CAL,,TRUE,1,2002,2302.3,1925,2213.75,,,,,,,,,,,FALSE,FALSE,FALSE,Standard Rate,Standard Rate,,10,,
DG-ARC100-M-RYB,Dromex ARC Fabric Gloves ATPV 100CAL,,TRUE,1,2002,2302.3,1925,2213.75,,,,,,,,,,,FALSE,FALSE,FALSE,Standard Rate,Standard Rate,,10,,
DG-ARC100-L-RYB,Dromex ARC Fabric Gloves ATPV 100CAL,,TRUE,1,2002,2302.3,1925,2213.75,,,,,,,,,,,FALSE,FALSE,FALSE,Standard Rate,Standard Rate,,10,,
DG-ARC100-XL-RYB,Dromex ARC Fabric Gloves ATPV 100CAL,,TRUE,1,2002,2302.3,1925,2213.75,,,,,,,,,,,FALSE,FALSE,FALSE,Standard Rate,Standard Rate,,10,,
DW-ARCBLANK-L-RYB,Dromex ARC Blanket (2.5m X 4m),,TRUE,1,11440,13156,11000,12650,,,,,,,,,,,FALSE,FALSE,FALSE,Standard Rate,Standard Rate,,10,,
DW-ARCBLANK-XL-RYB,Dromex ARC Blanket (2.5m X 4m),,TRUE,1,11440,13156,11000,12650,,,,,,,,,,,FALSE,FALSE,FALSE,Standard Rate,Standard Rate,,10,,
ARC-ERGOS3-12-CLB,Dromex ERGOS2 Plus - ATPV 12CAL Clear View ARC Flash Universal Face Shield,,TRUE,1,2360,2714,2269,2609.35,,,,,,,,,,,FALSE,FALSE,FALSE,Standard Rate,Standard Rate,,10,,
ARC-ERGOS2-12-EU-CLB,Dromex ERGOS3 Plus - ATPV 12CAL Clear View ARC Flash Euro Helmet Slotted Face Shield,,TRUE,1,2360,2714,2269,2609.35,,,,,,,,,,,FALSE,FALSE,FALSE,Standard Rate,Standard Rate,,10,,
ARC-ERGOS3-27-CLB,Dromex ERGOS3 Power - ATPV 27CAL Clear View ARC Flash Universal Face Shield,,TRUE,1,3647,4194.05,3506,4031.9,,,,,,,,,,,FALSE,FALSE,FALSE,Standard Rate,Standard Rate,,10,,
ARC-ERGOS2-26-EU-CLB,Dromex ERGOS2 Power - ATPV 26CAL Clear View ARC Flash Euro Slotted Face Shield,,TRUE,1,3647,4194.05,3506,4031.9,,,,,,,,,,,FALSE,FALSE,FALSE,Standard Rate,Standard Rate,,10,,
ARC-ERGOS-INTEC-W,"Dromex Power Helmet, HRC 3, 28CAL/cm2",,TRUE,1,7150,8222.5,6875,7906.25,,,,,,,,,,,FALSE,FALSE,FALSE,Standard Rate,Standard Rate,,10,,
DH-INTECHL-BLK,Dromex Intec Headlamp,,TRUE,1,1287,1480.05,1237.5,1423.13,,,,,,,,,,,FALSE,FALSE,FALSE,Standard Rate,Standard Rate,,10,,
DH-ARC-HHKW-W,Dromex ARC Flash Hard Hat,,TRUE,1,357.5,411.125,343.75,395.31,,,,,,,,,,,FALSE,FALSE,FALSE,Standard Rate,Standard Rate,,10,,
DV-AVG28-BLK,Dromex ARC Goggle 28CAL,,TRUE,1,3432,3946.8,3300,3795,,,,,,,,,,,FALSE,FALSE,FALSE,Standard Rate,Standard Rate,,10,,
DW-ARC9.9-BAL-S-N,"Dromex ARC Single Layer Knitted Balaclava, 9.9 CAL",,TRUE,1,357.5,411.125,343.75,395.31,,,,,,,,,,,FALSE,FALSE,FALSE,Standard Rate,Standard Rate,,10,,
DW-ARC31-BAL-DBL-N,"Dromex ARC Double Layer Knitted Balaclava, 31CAL",,TRUE,1,643.5,740.025,618.75,711.56,,,,,,,,,,,FALSE,FALSE,FALSE,Standard Rate,Standard Rate,,10,,
DW-ARC-BEAN-N,Dromex 31 CAL Beanie,,TRUE,1,264.55,304.2325,254.375,292.53,,,,,,,,,,,FALSE,FALSE,FALSE,Standard Rate,Standard Rate,,10,,
DV-AVKIT-N,"Dromex 28CAL ARC Vision Kit (ARC Goggle, 31CAL Balaclava, ARC Pouch)",,TRUE,1,4075.5,4686.825,3918.75,4506.56,,,,,,,,,,,FALSE,FALSE,FALSE,Standard Rate,Standard Rate,,10,,
DW-ARC-BELT-S-BLK,Dromex Metal Free ARC Belt,,TRUE,1,257.4,296.01,247.5,284.63,,,,,,,,,,,FALSE,FALSE,FALSE,Standard Rate,Standard Rate,,10,,
DW-ARC-BELT-M-BLK,Dromex Metal Free ARC Belt,,TRUE,1,257.4,296.01,247.5,284.63,,,,,,,,,,,FALSE,FALSE,FALSE,Standard Rate,Standard Rate,,10,,
DW-ARC-BELT-L-BLK,Dromex Metal Free ARC Belt,,TRUE,1,257.4,296.01,247.5,284.63,,,,,,,,,,,FALSE,FALSE,FALSE,Standard Rate,Standard Rate,,10,,
DW-ARC-BELT-XL-BLK,Dromex Metal Free ARC Belt,,TRUE,1,257.4,296.01,247.5,284.63,,,,,,,,,,,FALSE,FALSE,FALSE,Standard Rate,Standard Rate,,10,,
DW-ARC-BELT-2XL-BLK,Dromex Metal Free ARC Belt,,TRUE,1,257.4,296.01,247.5,284.63,,,,,,,,,,,FALSE,FALSE,FALSE,Standard Rate,Standard Rate,,10,,
DW-BALAS-NB-N,Dromex Aramid Balaclava Single Layer,,TRUE,1,278.85,320.6775,268.125,308.34,,,,,,,,,,,FALSE,FALSE,FALSE,Standard Rate,Standard Rate,,10,,
DW-BALAS-OM,"Dromex Aramid Balaclava Single Layer, Oat Meal",,TRUE,1,257.4,296.01,247.5,284.63,,,,,,,,,,,FALSE,FALSE,FALSE,Standard Rate,Standard Rate,,10,,
DW-BALAD-OM,"Dromex Aramid Balaclava Double Layer 8cal, Oat Meal",,TRUE,1,400.4,460.46,385,442.75,,,,,,,,,,,FALSE,FALSE,FALSE,Standard Rate,Standard Rate,,10,,
INFERNO-XL-TN,Dromex Inferno NFPA Leather Firefighter Gloves,,TRUE,1,529.1,608.465,508.75,585.06,,,,,,,,,,,FALSE,FALSE,FALSE,Standard Rate,Standard Rate,,10,,
DV-EF20B-R,Dromex Wildland Fire Fighting Goggle - DZ87+ NFPA1977 2016.Ed,,TRUE,1,143,164.45,137.5,158.13,,,,,,,,,,,FALSE,FALSE,FALSE,Standard Rate,Standard Rate,,10,,
DWL-D59FA-JXS-XS-NVB,"Dromex SABS Marked - D59 Flame Retardant Conti Ladies Jackets with Reflective - SANS 434, SANS",,TRUE,1,364.65,419.3475,350.625,403.22,,,,,,,,,,,FALSE,FALSE,FALSE,Standard Rate,Standard Rate,,10,,
DWL-D59FA-JXS-S-NVB,"Dromex SABS Marked - D59 Flame Retardant Conti Ladies Jackets with Reflective - SANS 434, SANS",,TRUE,1,364.65,419.3475,350.625,403.22,,,,,,,,,,,FALSE,FALSE,FALSE,Standard Rate,Standard Rate,,10,,
DWL-D59FA-JXS-M-NVB,"Dromex SABS Marked - D59 Flame Retardant Conti Ladies Jackets with Reflective - SANS 434, SANS",,TRUE,1,364.65,419.3475,350.625,403.22,,,,,,,,,,,FALSE,FALSE,FALSE,Standard Rate,Standard Rate,,10,,
DWL-D59FA-JXS-L-NVB,"Dromex SABS Marked - D59 Flame Retardant Conti Ladies Jackets with Reflective - SANS 434, SANS",,TRUE,1,364.65,419.3475,350.625,403.22,,,,,,,,,,,FALSE,FALSE,FALSE,Standard Rate,Standard Rate,,10,,
DWL-D59FA-JXS-XL-NVB,"Dromex SABS Marked - D59 Flame Retardant Conti Ladies Jackets with Reflective - SANS 434, SANS",,TRUE,1,364.65,419.3475,350.625,403.22,,,,,,,,,,,FALSE,FALSE,FALSE,Standard Rate,Standard Rate,,10,,
DWL-D59FA-JXS-2XL-NVB,"Dromex SABS Marked - D59 Flame Retardant Conti Ladies Jackets with Reflective - SANS 434, SANS",,TRUE,1,364.65,419.3475,350.625,403.22,,,,,,,,,,,FALSE,FALSE,FALSE,Standard Rate,Standard Rate,,10,,
DWL-D59FA-JXS-3XL-NVB,"Dromex SABS Marked - D59 Flame Retardant Conti Ladies Jackets with Reflective - SANS 434, SANS",,TRUE,1,364.65,419.3475,350.625,403.22,,,,,,,,,,,FALSE,FALSE,FALSE,Standard Rate,Standard Rate,,10,,
DWL-D59FA-JXS-4XL-NVB,"Dromex SABS Marked - D59 Flame Retardant Conti Ladies Jackets with Reflective - SANS 434, SANS",,TRUE,1,364.65,419.3475,350.625,403.22,,,,,,,,,,,FALSE,FALSE,FALSE,Standard Rate,Standard Rate,,10,,
DWL-D59FA-JXS-5XL-NVB,"Dromex SABS Marked - D59 Flame Retardant Conti Ladies Jackets with Reflective - SANS 434, SANS",,TRUE,1,364.65,419.3475,350.625,403.22,,,,,,,,,,,FALSE,FALSE,FALSE,Standard Rate,Standard Rate,,10,,
DWL-D59FA-PXS-XS-NVB,"Dromex SABS Marked - D59 Flame Retardant Conti Ladies Pants with Reflective - SANS 434, SANS 1387-4",,TRUE,1,364.65,419.3475,350.625,403.22,,,,,,,,,,,FALSE,FALSE,FALSE,Standard Rate,Standard Rate,,10,,
DWL-D59FA-PXS-S-NVB,"Dromex SABS Marked - D59 Flame Retardant Conti Ladies Pants with Reflective - SANS 434, SANS 1387-4",,TRUE,1,364.65,419.3475,350.625,403.22,,,,,,,,,,,FALSE,FALSE,FALSE,Standard Rate,Standard Rate,,10,,
DWL-D59FA-PXS-M-NVB,"Dromex SABS Marked - D59 Flame Retardant Conti Ladies Pants with Reflective - SANS 434, SANS 1387-4",,TRUE,1,364.65,419.3475,350.625,403.22,,,,,,,,,,,FALSE,FALSE,FALSE,Standard Rate,Standard Rate,,10,,
DWL-D59FA-PXS-L-NVB,"Dromex SABS Marked - D59 Flame Retardant Conti Ladies Pants with Reflective - SANS 434, SANS 1387-4",,TRUE,1,364.65,419.3475,350.625,403.22,,,,,,,,,,,FALSE,FALSE,FALSE,Standard Rate,Standard Rate,,10,,
DWL-D59FA-PXS-XL-NVB,"Dromex SABS Marked - D59 Flame Retardant Conti Ladies Pants with Reflective - SANS 434, SANS 1387-4",,TRUE,1,364.65,419.3475,350.625,403.22,,,,,,,,,,,FALSE,FALSE,FALSE,Standard Rate,Standard Rate,,10,,
DWL-D59FA-PXS-2XL-NVB,"Dromex SABS Marked - D59 Flame Retardant Conti Ladies Pants with Reflective - SANS 434, SANS 1387-4",,TRUE,1,364.65,419.3475,350.625,403.22,,,,,,,,,,,FALSE,FALSE,FALSE,Standard Rate,Standard Rate,,10,,
DWL-D59FA-PXS-3XL-NVB,"Dromex SABS Marked - D59 Flame Retardant Conti Ladies Pants with Reflective - SANS 434, SANS 1387-4",,TRUE,1,364.65,419.3475,350.625,403.22,,,,,,,,,,,FALSE,FALSE,FALSE,Standard Rate,Standard Rate,,10,,
DWL-D59FA-PXS-4XL-NVB,"Dromex SABS Marked - D59 Flame Retardant Conti Ladies Pants with Reflective - SANS 434, SANS 1387-4",,TRUE,1,364.65,419.3475,350.625,403.22,,,,,,,,,,,FALSE,FALSE,FALSE,Standard Rate,Standard Rate,,10,,
DWL-D59FA-PXS-5XL-NVB,"Dromex SABS Marked - D59 Flame Retardant Conti Ladies Pants with Reflective - SANS 434, SANS 1387-4",,TRUE,1,364.65,419.3475,350.625,403.22,,,,,,,,,,,FALSE,FALSE,FALSE,Standard Rate,Standard Rate,,10,,
DWL-DENIMJEAN-28-B,Dromex Stretch Ladies Denim Jeans Ladies Denim Jean Pants,,TRUE,1,350.35,402.9025,336.875,387.41,,,,,,,,,,,FALSE,FALSE,FALSE,Standard Rate,Standard Rate,,10,,
DWL-DENIMJEAN-30-B,Dromex Stretch Ladies Denim Jeans Ladies Denim Jean Pants,,TRUE,1,350.35,402.9025,336.875,387.41,,,,,,,,,,,FALSE,FALSE,FALSE,Standard Rate,Standard Rate,,10,,
DWL-DENIMJEAN-32-B,Dromex Stretch Ladies Denim Jeans Ladies Denim Jean Pants,,TRUE,1,350.35,402.9025,336.875,387.41,,,,,,,,,,,FALSE,FALSE,FALSE,Standard Rate,Standard Rate,,10,,
DWL-DENIMJEAN-34-B,Dromex Stretch Ladies Denim Jeans Ladies Denim Jean Pants,,TRUE,1,350.35,402.9025,336.875,387.41,,,,,,,,,,,FALSE,FALSE,FALSE,Standard Rate,Standard Rate,,10,,
DWL-DENIMJEAN-36-B,Dromex Stretch Ladies Denim Jeans Ladies Denim Jean Pants,,TRUE,1,350.35,402.9025,336.875,387.41,,,,,,,,,,,FALSE,FALSE,FALSE,Standard Rate,Standard Rate,,10,,
DWL-DENIMJEAN-38-B,Dromex Stretch Ladies Denim Jeans Ladies Denim Jean Pants,,TRUE,1,350.35,402.9025,336.875,387.41,,,,,,,,,,,FALSE,FALSE,FALSE,Standard Rate,Standard Rate,,10,,
DWL-DENIMJEAN-40-B,Dromex Stretch Ladies Denim Jeans Ladies Denim Jean Pants,,TRUE,1,350.35,402.9025,336.875,387.41,,,,,,,,,,,FALSE,FALSE,FALSE,Standard Rate,Standard Rate,,10,,
DWL-DENIMJEAN-42-B,Dromex Stretch Ladies Denim Jeans Ladies Denim Jean Pants,,TRUE,1,393.25,452.2375,378.125,434.84,,,,,,,,,,,FALSE,FALSE,FALSE,Standard Rate,Standard Rate,,10,,
DWL-DENIMJEAN-44-B,Dromex Stretch Ladies Denim Jeans Ladies Denim Jean Pants,,TRUE,1,393.25,452.2375,378.125,434.84,,,,,,,,,,,FALSE,FALSE,FALSE,Standard Rate,Standard Rate,,10,,
DWL-DENIMJEAN-46-B,Dromex Stretch Ladies Denim Jeans Ladies Denim Jean Pants,,TRUE,1,393.25,452.2375,378.125,434.84,,,,,,,,,,,FALSE,FALSE,FALSE,Standard Rate,Standard Rate,,10,,
DWL-DENIMJEAN-48-B,Dromex Stretch Ladies Denim Jeans Ladies Denim Jean Pants,,TRUE,1,393.25,452.2375,378.125,434.84,,,,,,,,,,,FALSE,FALSE,FALSE,Standard Rate,Standard Rate,,10,,
DWL-DENIMJEAN-50-B,Dromex Stretch Ladies Denim Jeans Ladies Denim Jean Pants,,TRUE,1,393.25,452.2375,378.125,434.84,,,,,,,,,,,FALSE,FALSE,FALSE,Standard Rate,Standard Rate,,10,,
DWL-DENIMJEAN-52-B,Dromex Stretch Ladies Denim Jeans Ladies Denim Jean Pants,,TRUE,1,329,378.35,316,363.4,,,,,,,,,,,FALSE,FALSE,FALSE,Standard Rate,Standard Rate,,10,,
DWL-DENIMJEAN-54-B,Dromex Stretch Ladies Denim Jeans Ladies Denim Jean Pants,,TRUE,1,329,378.35,316,363.4,,,,,,,,,,,FALSE,FALSE,FALSE,Standard Rate,Standard Rate,,10,,
DWL-DENIMJEAN-56-B,Dromex Stretch Ladies Denim Jeans Ladies Denim Jean Pants,,TRUE,1,329,378.35,316,363.4,,,,,,,,,,,FALSE,FALSE,FALSE,Standard Rate,Standard Rate,,10,,
DWL-DENIMJEAN-58-B,Dromex Stretch Ladies Denim Jeans Ladies Denim Jean Pants,,TRUE,1,329,378.35,316,363.4,,,,,,,,,,,FALSE,FALSE,FALSE,Standard Rate,Standard Rate,,10,,
DWL-DENIMJEAN-60-B,Dromex Stretch Ladies Denim Jeans Ladies Denim Jean Pants,,TRUE,1,329,378.35,316,363.4,,,,,,,,,,,FALSE,FALSE,FALSE,Standard Rate,Standard Rate,,10,,
DWL-DENIMJEAN-62-B,Dromex Stretch Ladies Denim Jeans Ladies Denim Jean Pants,,TRUE,1,329,378.35,316,363.4,,,,,,,,,,,FALSE,FALSE,FALSE,Standard Rate,Standard Rate,,10,,
DWL-DENIMJEAN-64-B,Dromex Stretch Ladies Denim Jeans Ladies Denim Jean Pants,,TRUE,1,329,378.35,316,363.4,,,,,,,,,,,FALSE,FALSE,FALSE,Standard Rate,Standard Rate,,10,,
DWL-ARC15-JS-S-NVB,"Dromex ARC HRC2 - 15Cal Ladies Jacket - ISO, NFPA & ASTM-F",,TRUE,1,1215.5,1397.825,1168.75,1344.06,,,,,,,,,,,FALSE,FALSE,FALSE,Standard Rate,Standard Rate,,10,,
DWL-ARC15-JS-M-NVB,"Dromex ARC HRC2 - 15Cal Ladies Jacket - ISO, NFPA & ASTM-F",,TRUE,1,1215.5,1397.825,1168.75,1344.06,,,,,,,,,,,FALSE,FALSE,FALSE,Standard Rate,Standard Rate,,10,,
DWL-ARC15-JS-L-NVB,"Dromex ARC HRC2 - 15Cal Ladies Jacket - ISO, NFPA & ASTM-F",,TRUE,1,1215.5,1397.825,1168.75,1344.06,,,,,,,,,,,FALSE,FALSE,FALSE,Standard Rate,Standard Rate,,10,,
DWL-ARC15-JS-XL-NVB,"Dromex ARC HRC2 - 15Cal Ladies Jacket - ISO, NFPA & ASTM-F",,TRUE,1,1215.5,1397.825,1168.75,1344.06,,,,,,,,,,,FALSE,FALSE,FALSE,Standard Rate,Standard Rate,,10,,
DWL-ARC15-JS-2XL-NVB,"Dromex ARC HRC2 - 15Cal Ladies Jacket - ISO, NFPA & ASTM-F",,TRUE,1,1215.5,1397.825,1168.75,1344.06,,,,,,,,,,,FALSE,FALSE,FALSE,Standard Rate,Standard Rate,,10,,
DWL-ARC15-JS-3XL-NVB,"Dromex ARC HRC2 - 15Cal Ladies Jacket - ISO, NFPA & ASTM-F",,TRUE,1,1215.5,1397.825,1168.75,1344.06,,,,,,,,,,,FALSE,FALSE,FALSE,Standard Rate,Standard Rate,,10,,
DWL-ARC15-JS-4XL-NVB,"Dromex ARC HRC2 - 15Cal Ladies Jacket - ISO, NFPA & ASTM-F",,TRUE,1,1215.5,1397.825,1168.75,1344.06,,,,,,,,,,,FALSE,FALSE,FALSE,Standard Rate,Standard Rate,,10,,
DWL-ARC15-JS-5XL-NVB,"Dromex ARC HRC2 - 15Cal Ladies Jacket - ISO, NFPA & ASTM-F",,TRUE,1,1215.5,1397.825,1168.75,1344.06,,,,,,,,,,,FALSE,FALSE,FALSE,Standard Rate,Standard Rate,,10,,
DWL-ARC15-PS-S-NVB,"Dromex ARC HRC2 - 15Cal Ladies Pants - ISO, NFPA & ASTM-F",,TRUE,1,1215.5,1397.825,1168.75,1344.06,,,,,,,,,,,FALSE,FALSE,FALSE,Standard Rate,Standard Rate,,10,,
DWL-ARC15-PS-M-NVB,"Dromex ARC HRC2 - 15Cal Ladies Pants - ISO, NFPA & ASTM-F",,TRUE,1,1215.5,1397.825,1168.75,1344.06,,,,,,,,,,,FALSE,FALSE,FALSE,Standard Rate,Standard Rate,,10,,
DWL-ARC15-PS-L-NVB,"Dromex ARC HRC2 - 15Cal Ladies Pants - ISO, NFPA & ASTM-F",,TRUE,1,1215.5,1397.825,1168.75,1344.06,,,,,,,,,,,FALSE,FALSE,FALSE,Standard Rate,Standard Rate,,10,,
DWL-ARC15-PS-XL-NVB,"Dromex ARC HRC2 - 15Cal Ladies Pants - ISO, NFPA & ASTM-F",,TRUE,1,1215.5,1397.825,1168.75,1344.06,,,,,,,,,,,FALSE,FALSE,FALSE,Standard Rate,Standard Rate,,10,,
DWL-ARC15-PS-2XL-NVB,"Dromex ARC HRC2 - 15Cal Ladies Pants - ISO, NFPA & ASTM-F",,TRUE,1,1215.5,1397.825,1168.75,1344.06,,,,,,,,,,,FALSE,FALSE,FALSE,Standard Rate,Standard Rate,,10,,
DWL-ARC15-PS-3XL-NVB,"Dromex ARC HRC2 - 15Cal Ladies Pants - ISO, NFPA & ASTM-F",,TRUE,1,1215.5,1397.825,1168.75,1344.06,,,,,,,,,,,FALSE,FALSE,FALSE,Standard Rate,Standard Rate,,10,,
DWL-ARC15-PS-4XL-NVB,"Dromex ARC HRC2 - 15Cal Ladies Pants - ISO, NFPA & ASTM-F",,TRUE,1,1215.5,1397.825,1168.75,1344.06,,,,,,,,,,,FALSE,FALSE,FALSE,Standard Rate,Standard Rate,,10,,
DWL-ARC15-PS-5XL-NVB,"Dromex ARC HRC2 - 15Cal Ladies Pants - ISO, NFPA & ASTM-F",,TRUE,1,1215.5,1397.825,1168.75,1344.06,,,,,,,,,,,FALSE,FALSE,FALSE,Standard Rate,Standard Rate,,10,,
DW-MVP215K-LS-RT-G-S-YSV,Dromex ATPV 11CAL FR Modacrylic 2KNITTED HIVIZ Ls Golfer with Rt,,TRUE,1,1358.5,1562.275,1306.25,1502.19,,,,,,,,,,,FALSE,FALSE,FALSE,Standard Rate,Standard Rate,,10,,
DW-MVP215K-LS-RT-G-M-YSV,Dromex ATPV 11CAL FR Modacrylic 2KNITTED HIVIZ Ls Golfer with Rt,,TRUE,1,1358.5,1562.275,1306.25,1502.19,,,,,,,,,,,FALSE,FALSE,FALSE,Standard Rate,Standard Rate,,10,,
DW-MVP215K-LS-RT-G-L-YSV,Dromex ATPV 11CAL FR Modacrylic 2KNITTED HIVIZ Ls Golfer with Rt,,TRUE,1,1358.5,1562.275,1306.25,1502.19,,,,,,,,,,,FALSE,FALSE,FALSE,Standard Rate,Standard Rate,,10,,
DW-MVP215K-LS-RT-G-XL-YSV,Dromex ATPV 11CAL FR Modacrylic 2KNITTED HIVIZ Ls Golfer with Rt,,TRUE,1,1358.5,1562.275,1306.25,1502.19,,,,,,,,,,,FALSE,FALSE,FALSE,Standard Rate,Standard Rate,,10,,
DW-MVP215K-LS-RT-G-2XL-YSV,Dromex ATPV 11CAL FR Modacrylic 2KNITTED HIVIZ Ls Golfer with Rt,,TRUE,1,1358.5,1562.275,1306.25,1502.19,,,,,,,,,,,FALSE,FALSE,FALSE,Standard Rate,Standard Rate,,10,,
DW-MVP215K-LS-RT-G-3XL-YSV,Dromex ATPV 11CAL FR Modacrylic 2KNITTED HIVIZ Ls Golfer with Rt,,TRUE,1,1358.5,1562.275,1306.25,1502.19,,,,,,,,,,,FALSE,FALSE,FALSE,Standard Rate,Standard Rate,,10,,
DW-MVP180-HVIZ-LS-Y/N-S-YN,Dromex ATPV 8.3CAL Modacrylic 2 Tone HIVIZ Ls Shirt with Rt,,TRUE,1,2002,2302.3,1925,2213.75,,,,,,,,,,,FALSE,FALSE,FALSE,Standard Rate,Standard Rate,,10,,
DW-MVP180-HVIZ-LS-Y/N-M-YN,Dromex ATPV 8.3CAL Modacrylic 2 Tone HIVIZ Ls Shirt with Rt,,TRUE,1,2002,2302.3,1925,2213.75,,,,,,,,,,,FALSE,FALSE,FALSE,Standard Rate,Standard Rate,,10,,
DW-MVP180-HVIZ-LS-Y/N-L-YN,Dromex ATPV 8.3CAL Modacrylic 2 Tone HIVIZ Ls Shirt with Rt,,TRUE,1,2002,2302.3,1925,2213.75,,,,,,,,,,,FALSE,FALSE,FALSE,Standard Rate,Standard Rate,,10,,
DW-MVP180-HVIZ-LS-Y/N-XL-YN,Dromex ATPV 8.3CAL Modacrylic 2 Tone HIVIZ Ls Shirt with Rt,,TRUE,1,2002,2302.3,1925,2213.75,,,,,,,,,,,FALSE,FALSE,FALSE,Standard Rate,Standard Rate,,10,,
DW-MVP180-HVIZ-LS-Y/N-2XL-YN,Dromex ATPV 8.3CAL Modacrylic 2 Tone HIVIZ Ls Shirt with Rt,,TRUE,1,2002,2302.3,1925,2213.75,,,,,,,,,,,FALSE,FALSE,FALSE,Standard Rate,Standard Rate,,10,,
DW-MVP180-HVIZ-LS-Y/N-3XL-YN,Dromex ATPV 8.3CAL Modacrylic 2 Tone HIVIZ Ls Shirt with Rt,,TRUE,1,2002,2302.3,1925,2213.75,,,,,,,,,,,FALSE,FALSE,FALSE,Standard Rate,Standard Rate,,10,,
DW-MVP180-HVIZ-LS-O/N-S-ON,Dromex ATPV 8.3CAL Modacrylic 2 Tone HIVIZ Ls Shirt with Rt,,TRUE,1,2002,2302.3,1925,2213.75,,,,,,,,,,,FALSE,FALSE,FALSE,Standard Rate,Standard Rate,,10,,
DW-MVP180-HVIZ-LS-O/N-M-ON,Dromex ATPV 8.3CAL Modacrylic 2 Tone HIVIZ Ls Shirt with Rt,,TRUE,1,2002,2302.3,1925,2213.75,,,,,,,,,,,FALSE,FALSE,FALSE,Standard Rate,Standard Rate,,10,,
DW-MVP180-HVIZ-LS-O/N-L-ON,Dromex ATPV 8.3CAL Modacrylic 2 Tone HIVIZ Ls Shirt with Rt,,TRUE,1,2002,2302.3,1925,2213.75,,,,,,,,,,,FALSE,FALSE,FALSE,Standard Rate,Standard Rate,,10,,
DW-MVP180-HVIZ-LS-O/N-XL-ON,Dromex ATPV 8.3CAL Modacrylic 2 Tone HIVIZ Ls Shirt with Rt,,TRUE,1,2002,2302.3,1925,2213.75,,,,,,,,,,,FALSE,FALSE,FALSE,Standard Rate,Standard Rate,,10,,
DW-MVP180-HVIZ-LS-O/N-2XL-ON,Dromex ATPV 8.3CAL Modacrylic 2 Tone HIVIZ Ls Shirt with Rt,,TRUE,1,2002,2302.3,1925,2213.75,,,,,,,,,,,FALSE,FALSE,FALSE,Standard Rate,Standard Rate,,10,,
DW-MVP180-HVIZ-LS-O/N-3XL-ON,Dromex ATPV 8.3CAL Modacrylic 2 Tone HIVIZ Ls Shirt with Rt,,TRUE,1,2002,2302.3,1925,2213.75,,,,,,,,,,,FALSE,FALSE,FALSE,Standard Rate,Standard Rate,,10,,
DW-MVP215-HVIZ-Y/N-O-32-YNVB,Dromex ATPV 9CAL Modacrylic 2 Tone Boilersuit with Rt,,TRUE,1,3503.5,4029.025,3368.75,3874.06,,,,,,,,,,,FALSE,FALSE,FALSE,Standard Rate,Standard Rate,,10,,
DW-MVP215-HVIZ-Y/N-O-34-YNVB,Dromex ATPV 9CAL Modacrylic 2 Tone Boilersuit with Rt,,TRUE,1,3503.5,4029.025,3368.75,3874.06,,,,,,,,,,,FALSE,FALSE,FALSE,Standard Rate,Standard Rate,,10,,
DW-MVP215-HVIZ-Y/N-O-36-YNVB,Dromex ATPV 9CAL Modacrylic 2 Tone Boilersuit with Rt,,TRUE,1,3503.5,4029.025,3368.75,3874.06,,,,,,,,,,,FALSE,FALSE,FALSE,Standard Rate,Standard Rate,,10,,
DW-MVP215-HVIZ-Y/N-O-38-YNVB,Dromex ATPV 9CAL Modacrylic 2 Tone Boilersuit with Rt,,TRUE,1,3503.5,4029.025,3368.75,3874.06,,,,,,,,,,,FALSE,FALSE,FALSE,Standard Rate,Standard Rate,,10,,
DW-MVP215-HVIZ-Y/N-O-40-YNVB,Dromex ATPV 9CAL Modacrylic 2 Tone Boilersuit with Rt,,TRUE,1,3503.5,4029.025,3368.75,3874.06,,,,,,,,,,,FALSE,FALSE,FALSE,Standard Rate,Standard Rate,,10,,
DW-MVP215-HVIZ-Y/N-O-42-YNVB,Dromex ATPV 9CAL Modacrylic 2 Tone Boilersuit with Rt,,TRUE,1,3503.5,4029.025,3368.75,3874.06,,,,,,,,,,,FALSE,FALSE,FALSE,Standard Rate,Standard Rate,,10,,
DW-MVP215-HVIZ-Y/N-O-44-YNVB,Dromex ATPV 9CAL Modacrylic 2 Tone Boilersuit with Rt,,TRUE,1,3503.5,4029.025,3368.75,3874.06,,,,,,,,,,,FALSE,FALSE,FALSE,Standard Rate,Standard Rate,,10,,
DW-MVP215-HVIZ-Y/N-O-46-YNVB,Dromex ATPV 9CAL Modacrylic 2 Tone Boilersuit with Rt,,TRUE,1,3503.5,4029.025,3368.75,3874.06,,,,,,,,,,,FALSE,FALSE,FALSE,Standard Rate,Standard Rate,,10,,
DW-MVP215-HVIZ-Y/N-O-48-YNVB,Dromex ATPV 9CAL Modacrylic 2 Tone Boilersuit with Rt,,TRUE,1,3932.5,4522.375,3781.25,4348.44,,,,,,,,,,,FALSE,FALSE,FALSE,Standard Rate,Standard Rate,,10,,
DW-MVP215-HVIZ-Y/N-O-50-YNVB,Dromex ATPV 9CAL Modacrylic 2 Tone Boilersuit with Rt,,TRUE,1,3932.5,4522.375,3781.25,4348.44,,,,,,,,,,,FALSE,FALSE,FALSE,Standard Rate,Standard Rate,,10,,
DW-MVP215-HVIZ-Y/N-O-52-YNVB,Dromex ATPV 9CAL Modacrylic 2 Tone Boilersuit with Rt,,TRUE,1,3932.5,4522.375,3781.25,4348.44,,,,,,,,,,,FALSE,FALSE,FALSE,Standard Rate,Standard Rate,,10,,
DW-MVP215-HVIZ-Y/N-O-54-YNVB,Dromex ATPV 9CAL Modacrylic 2 Tone Boilersuit with Rt,,TRUE,1,3932.5,4522.375,3781.25,4348.44,,,,,,,,,,,FALSE,FALSE,FALSE,Standard Rate,Standard Rate,,10,,
DW-MVP215-HVIZ-Y/N-O-56-YNVB,Dromex ATPV 9CAL Modacrylic 2 Tone Boilersuit with Rt,,TRUE,1,3932.5,4522.375,3781.25,4348.44,,,,,,,,,,,FALSE,FALSE,FALSE,Standard Rate,Standard Rate,,10,,
DW-MVP215-HVIZ-O/N-O-32-ONVB,Dromex ATPV 9CAL Modacrylic 2 Tone Boilersuit with Rt,,TRUE,1,3503.5,4029.025,3368.75,3874.06,,,,,,,,,,,FALSE,FALSE,FALSE,Standard Rate,Standard Rate,,10,,
DW-MVP215-HVIZ-O/N-O-34-ONVB,Dromex ATPV 9CAL Modacrylic 2 Tone Boilersuit with Rt,,TRUE,1,3503.5,4029.025,3368.75,3874.06,,,,,,,,,,,FALSE,FALSE,FALSE,Standard Rate,Standard Rate,,10,,
DW-MVP215-HVIZ-O/N-O-36-ONVB,Dromex ATPV 9CAL Modacrylic 2 Tone Boilersuit with Rt,,TRUE,1,3503.5,4029.025,3368.75,3874.06,,,,,,,,,,,FALSE,FALSE,FALSE,Standard Rate,Standard Rate,,10,,
DW-MVP215-HVIZ-O/N-O-38-ONVB,Dromex ATPV 9CAL Modacrylic 2 Tone Boilersuit with Rt,,TRUE,1,3503.5,4029.025,3368.75,3874.06,,,,,,,,,,,FALSE,FALSE,FALSE,Standard Rate,Standard Rate,,10,,
DW-MVP215-HVIZ-O/N-O-40-ONVB,Dromex ATPV 9CAL Modacrylic 2 Tone Boilersuit with Rt,,TRUE,1,3503.5,4029.025,3368.75,3874.06,,,,,,,,,,,FALSE,FALSE,FALSE,Standard Rate,Standard Rate,,10,,
DW-MVP215-HVIZ-O/N-O-42-ONVB,Dromex ATPV 9CAL Modacrylic 2 Tone Boilersuit with Rt,,TRUE,1,3503.5,4029.025,3368.75,3874.06,,,,,,,,,,,FALSE,FALSE,FALSE,Standard Rate,Standard Rate,,10,,
DW-MVP215-HVIZ-O/N-O-44-ONVB,Dromex ATPV 9CAL Modacrylic 2 Tone Boilersuit with Rt,,TRUE,1,3503.5,4029.025,3368.75,3874.06,,,,,,,,,,,FALSE,FALSE,FALSE,Standard Rate,Standard Rate,,10,,
DW-MVP215-HVIZ-O/N-O-46-ONVB,Dromex ATPV 9CAL Modacrylic 2 Tone Boilersuit with Rt,,TRUE,1,3503.5,4029.025,3368.75,3874.06,,,,,,,,,,,FALSE,FALSE,FALSE,Standard Rate,Standard Rate,,10,,
DW-MVP215-HVIZ-O/N-O-48-ONVB,Dromex ATPV 9CAL Modacrylic 2 Tone Boilersuit with Rt,,TRUE,1,3932.5,4522.375,3781.25,4348.44,,,,,,,,,,,FALSE,FALSE,FALSE,Standard Rate,Standard Rate,,10,,
DW-MVP215-HVIZ-O/N-O-50-ONVB,Dromex ATPV 9CAL Modacrylic 2 Tone Boilersuit with Rt,,TRUE,1,3932.5,4522.375,3781.25,4348.44,,,,,,,,,,,FALSE,FALSE,FALSE,Standard Rate,Standard Rate,,10,,
DW-MVP215-HVIZ-O/N-O-52-ONVB,Dromex ATPV 9CAL Modacrylic 2 Tone Boilersuit with Rt,,TRUE,1,3932.5,4522.375,3781.25,4348.44,,,,,,,,,,,FALSE,FALSE,FALSE,Standard Rate,Standard Rate,,10,,
DW-MVP215-HVIZ-O/N-O-54-ONVB,Dromex ATPV 9CAL Modacrylic 2 Tone Boilersuit with Rt,,TRUE,1,3932.5,4522.375,3781.25,4348.44,,,,,,,,,,,FALSE,FALSE,FALSE,Standard Rate,Standard Rate,,10,,
DW-MVP215-HVIZ-O/N-O-56-ONVB,Dromex ATPV 9CAL Modacrylic 2 Tone Boilersuit with Rt,,TRUE,1,3932.5,4522.375,3781.25,4348.44,,,,,,,,,,,FALSE,FALSE,FALSE,Standard Rate,Standard Rate,,10,,
DW-MVP215-CARGO-PRT-32-NVB,Dromex ATPV 9CAL Modacrylic Cargo Pants with Rt,,TRUE,1,1859,2137.85,1787.5,2055.63,,,,,,,,,,,FALSE,FALSE,FALSE,Standard Rate,Standard Rate,,10,,
DW-MVP215-CARGO-PRT-34-NVB,Dromex ATPV 9CAL Modacrylic Cargo Pants with Rt,,TRUE,1,1859,2137.85,1787.5,2055.63,,,,,,,,,,,FALSE,FALSE,FALSE,Standard Rate,Standard Rate,,10,,
DW-MVP215-CARGO-PRT-36-NVB,Dromex ATPV 9CAL Modacrylic Cargo Pants with Rt,,TRUE,1,1859,2137.85,1787.5,2055.63,,,,,,,,,,,FALSE,FALSE,FALSE,Standard Rate,Standard Rate,,10,,
DW-MVP215-CARGO-PRT-38-NVB,Dromex ATPV 9CAL Modacrylic Cargo Pants with Rt,,TRUE,1,1859,2137.85,1787.5,2055.63,,,,,,,,,,,FALSE,FALSE,FALSE,Standard Rate,Standard Rate,,10,,
DW-MVP215-CARGO-PRT-40-NVB,Dromex ATPV 9CAL Modacrylic Cargo Pants with Rt,,TRUE,1,1859,2137.85,1787.5,2055.63,,,,,,,,,,,FALSE,FALSE,FALSE,Standard Rate,Standard Rate,,10,,
DW-MVP215-CARGO-PRT-42-NVB,Dromex ATPV 9CAL Modacrylic Cargo Pants with Rt,,TRUE,1,1859,2137.85,1787.5,2055.63,,,,,,,,,,,FALSE,FALSE,FALSE,Standard Rate,Standard Rate,,10,,
DW-MVP215-CARGO-PRT-44-NVB,Dromex ATPV 9CAL Modacrylic Cargo Pants with Rt,,TRUE,1,1859,2137.85,1787.5,2055.63,,,,,,,,,,,FALSE,FALSE,FALSE,Standard Rate,Standard Rate,,10,,
DW-MVP215-CARGO-PRT-46-NVB,Dromex ATPV 9CAL Modacrylic Cargo Pants with Rt,,TRUE,1,1859,2137.85,1787.5,2055.63,,,,,,,,,,,FALSE,FALSE,FALSE,Standard Rate,Standard Rate,,10,,
DW-MVP215-CARGO-PRT-48-NVB,Dromex ATPV 9CAL Modacrylic Cargo Pants with Rt,,TRUE,1,1859,2137.85,1787.5,2055.63,,,,,,,,,,,FALSE,FALSE,FALSE,Standard Rate,Standard Rate,,10,,
DW-MVP215-CARGO-PRT-50-NVB,Dromex ATPV 9CAL Modacrylic Cargo Pants with Rt,,TRUE,1,1859,2137.85,1787.5,2055.63,,,,,,,,,,,FALSE,FALSE,FALSE,Standard Rate,Standard Rate,,10,,
DW-MVP215-CARGO-PRT-52-NVB,Dromex ATPV 9CAL Modacrylic Cargo Pants with Rt,,TRUE,1,1859,2137.85,1787.5,2055.63,,,,,,,,,,,FALSE,FALSE,FALSE,Standard Rate,Standard Rate,,10,,
DW-MVP215-CARGO-PRT-54-NVB,Dromex ATPV 9CAL Modacrylic Cargo Pants with Rt,,TRUE,1,1859,2137.85,1787.5,2055.63,,,,,,,,,,,FALSE,FALSE,FALSE,Standard Rate,Standard Rate,,10,,
DW-MVP215-CARGO-PRT-56-NVB,Dromex ATPV 9CAL Modacrylic Cargo Pants with Rt,,TRUE,1,1859,2137.85,1787.5,2055.63,,,,,,,,,,,FALSE,FALSE,FALSE,Standard Rate,Standard Rate,,10,,
WELD/6,Dromex Chrome Leather Double Palm Coated,,TRUE,1,80.595,92.68425,72.76071825,83.67,,,,,,,,,,,FALSE,FALSE,FALSE,Standard Rate,Standard Rate,,10,,
WELD-6GR-G,Dromex Superior Lined Leather Welding Gloves - Welted Fully Welted,,TRUE,1,80.595,92.68425,72.76071825,83.67,,,,,,,,,,,FALSE,FALSE,FALSE,Standard Rate,Standard Rate,,10,,
WELD-16GR-G,"Dromex Superior Lined Leather Welding Gloves - Welted Fully Welted, Shoulder Length",,TRUE,1,80.595,92.68425,72.76071825,83.67,,,,,,,,,,,FALSE,FALSE,FALSE,Standard Rate,Standard Rate,,10,,
XTRA/27-BR,"Dromex Rough PVC Gloves, Open Cuff",,TRUE,1,24.2385,27.874275,23.30625,26.8,,,,,,,,,,,FALSE,FALSE,FALSE,Standard Rate,Standard Rate,,10,,
XTRA/35-BR,"Dromex Rough PVC Gloves, Elbow",,TRUE,1,30.03,34.5345,28.875,33.21,,,,,,,,,,,FALSE,FALSE,FALSE,Standard Rate,Standard Rate,,10,,
CRONUS/RGE-RG,"Dromex Cronus PVC Gloves, Reinforced, Elbow",,TRUE,1,22.88,26.312,22,25.3,,,,,,,,,,,FALSE,FALSE,FALSE,Standard Rate,Standard Rate,,10,,
GPVC/40/HG-G,"Dromex Textured PVC, Elbow",,TRUE,1,21.801,25.07115,20.9625,24.11,,,,,,,,,,,FALSE,FALSE,FALSE,Standard Rate,Standard Rate,,10,,
GPVC/27-R,"Dromex Standard PVC, Open Cuff Wrist Length",,TRUE,1,12.675,14.57625,12.1875,14.02,,,,,,,,,,,FALSE,FALSE,FALSE,Standard Rate,Standard Rate,,10,,
GPVC/35-R,"Dromex Standard PVC, Elbow",,TRUE,1,15.015,17.26725,14.4375,16.6,,,,,,,,,,,FALSE,FALSE,FALSE,Standard Rate,Standard Rate,,10,,
DG-OV-LXL-L-Y,Dromex Leather Overgloves,,TRUE,1,314.6,361.79,302.5,347.88,,,,,,,,,,,FALSE,FALSE,FALSE,Standard Rate,Standard Rate,,10,,
DG-OV-LXL-XL-Y,Dromex Leather Overgloves,,TRUE,1,314.6,361.79,302.5,347.88,,,,,,,,,,,FALSE,FALSE,FALSE,Standard Rate,Standard Rate,,10,,
ACE-ONE-60x90-W,"Dromex Ace Leather Welders apron,60 X, One Piece",,TRUE,1,109,125.35,99,113.85,,,,,,,,,,,FALSE,FALSE,FALSE,Standard Rate,Standard Rate,,10,,
ACE-ONE-60x120-W,"Dromex Ace Leather Welders Apron, 60 X, One Piece",,TRUE,1,135,155.25,125,143.75,,,,,,,,,,,FALSE,FALSE,FALSE,Standard Rate,Standard Rate,,10,,
DV-1A-AM,"Dromex Wrap Around (Visitors) Composite Polycarbonate - EN 166:2002 Amber Hdl, Anti Scratch",,TRUE,1,11.5089,13.235235,15,17.25,,,,,,,,,,,FALSE,FALSE,FALSE,Standard Rate,Standard Rate,,10,,
K-MSK-FFP1-PIN,FFP1 (20 Per Box),,TRUE,1,6345,7296.75,5875,6756.25,,,,,,,,,,,FALSE,FALSE,FALSE,Standard Rate,Standard Rate,,10,,
K-MSK-FFP2-PIN,FFP2 (20 Per Box),,TRUE,1,81,93.15,75,86.25,,,,,,,,,,,FALSE,FALSE,FALSE,Standard Rate,Standard Rate,,10,,
K-MSK-FFP2V-PIN,FFP2V (20 Per Box),,TRUE,1,1134,1304.1,105,120.75,,,,,,,,,,,FALSE,FALSE,FALSE,Standard Rate,Standard Rate,,10,,
K-MSK-FFP2FF-PIN,Flat Fold FFP 2 (40 Per Box),,TRUE,1,100,115,925,1063.75,,,,,,,,,,,FALSE,FALSE,FALSE,Standard Rate,Standard Rate,,10,,
K-MSK-FFP2FFV-PIN,Flat Fold FFP 2 V (20 Per Box),,TRUE,1,702,807.3,65,74.75,,,,,,,,,,,FALSE,FALSE,FALSE,Standard Rate,Standard Rate,,10,,
K-MSK-FFP3FF-PIN,Flat Fold 3 (20 Per Box),,TRUE,1,145,166.75,135,155.25,,,,,,,,,,,FALSE,FALSE,FALSE,Standard Rate,Standard Rate,,10,,
K-MSK-FFP3FFV-PIN,Flat Fold 3 V (20 Per Box),,TRUE,1,159,182.85,145,166.75,,,,,,,,,,,FALSE,FALSE,FALSE,Standard Rate,Standard Rate,,10,,
K-MSK-FFP2FFAC-PIN,Flat Fold FFP 2 Active Carbon (20 Per Box),,TRUE,1,27864,32043.6,258,296.7,,,,,,,,,,,FALSE,FALSE,FALSE,Standard Rate,Standard Rate,,10,,
K-MSK-FFP3FFAC-PIN,Flat Fold FFP 3 Active Carbon Valve Per Mask,,TRUE,1,45,51.75,42,48.3,,,,,,,,,,,FALSE,FALSE,FALSE,Standard Rate,Standard Rate,,10,,
13-100890A-S-BLK,Law Plus Security Jacket,,TRUE,1,397.6,457.24,355,408.25,,,,,,,,,,,FALSE,FALSE,FALSE,Standard Rate,Standard Rate,,10,,
13-100890A-M-BLK,Law Plus Security Jacket,,TRUE,1,397.6,457.24,355,408.25,,,,,,,,,,,FALSE,FALSE,FALSE,Standard Rate,Standard Rate,,10,,
13-100890A-L-BLK,Law Plus Security Jacket,,TRUE,1,397.6,457.24,355,408.25,,,,,,,,,,,FALSE,FALSE,FALSE,Standard Rate,Standard Rate,,10,,
13-100890A-XL-BLK,Law Plus Security Jacket,,TRUE,1,397.6,457.24,355,408.25,,,,,,,,,,,FALSE,FALSE,FALSE,Standard Rate,Standard Rate,,10,,
13-100890A-2XL-BLK,Law Plus Security Jacket,,TRUE,1,397.6,457.24,355,408.25,,,,,,,,,,,FALSE,FALSE,FALSE,Standard Rate,Standard Rate,,10,,
SECUCOMBSHIR-S-BLK,Security Combat Shirt,,TRUE,1,118,135.7,105,120.75,,,,,,,,,,,FALSE,FALSE,FALSE,Standard Rate,Standard Rate,,10,,
SECUCOMBSHIR-M-BLK,Security Combat Shirt,,TRUE,1,118,135.7,105,120.75,,,,,,,,,,,FALSE,FALSE,FALSE,Standard Rate,Standard Rate,,10,,
SECUCOMBSHIR-L-BLK,Security Combat Shirt,,TRUE,1,118,135.7,105,120.75,,,,,,,,,,,FALSE,FALSE,FALSE,Standard Rate,Standard Rate,,10,,
SECUCOMBSHIR-XL-BLK,Security Combat Shirt,,TRUE,1,118,135.7,105,120.75,,,,,,,,,,,FALSE,FALSE,FALSE,Standard Rate,Standard Rate,,10,,
SECUCOMBSHIR-2XL-BLK,Security Combat Shirt,,TRUE,1,118,135.7,105,120.75,,,,,,,,,,,FALSE,FALSE,FALSE,Standard Rate,Standard Rate,,10,,
SECUCOMBTROU-28-BLK,Security Combat Trouser,,TRUE,1,118,135.7,105,120.75,,,,,,,,,,,FALSE,FALSE,FALSE,Standard Rate,Standard Rate,,10,,
SECUCOMBTROU-30-BLK,Security Combat Trouser,,TRUE,1,118,135.7,105,120.75,,,,,,,,,,,FALSE,FALSE,FALSE,Standard Rate,Standard Rate,,10,,
SECUCOMBTROU-32-BLK,Security Combat Trouser,,TRUE,1,118,135.7,105,120.75,,,,,,,,,,,FALSE,FALSE,FALSE,Standard Rate,Standard Rate,,10,,
SECUCOMBTROU-34-BLK,Security Combat Trouser,,TRUE,1,118,135.7,105,120.75,,,,,,,,,,,FALSE,FALSE,FALSE,Standard Rate,Standard Rate,,10,,
SECUCOMBTROU-36-BLK,Security Combat Trouser,,TRUE,1,118,135.7,105,120.75,,,,,,,,,,,FALSE,FALSE,FALSE,Standard Rate,Standard Rate,,10,,
SECUCOMBTROU-38-BLK,Security Combat Trouser,,TRUE,1,118,135.7,105,120.75,,,,,,,,,,,FALSE,FALSE,FALSE,Standard Rate,Standard Rate,,10,,
SECUCOMBTROU-40-BLK,Security Combat Trouser,,TRUE,1,118,135.7,105,120.75,,,,,,,,,,,FALSE,FALSE,FALSE,Standard Rate,Standard Rate,,10,,
SECUCOMBTROU-42-BLK,Security Combat Trouser,,TRUE,1,118,135.7,105,120.75,,,,,,,,,,,FALSE,FALSE,FALSE,Standard Rate,Standard Rate,,10,,
13-100907A-S-N,Security Combat Shirt,,TRUE,1,117.6,135.24,105,120.75,,,,,,,,,,,FALSE,FALSE,FALSE,Standard Rate,Standard Rate,,10,,
13-100907A-M-N,Security Combat Shirt,,TRUE,1,117.6,135.24,105,120.75,,,,,,,,,,,FALSE,FALSE,FALSE,Standard Rate,Standard Rate,,10,,
13-100907A-L-N,Security Combat Shirt,,TRUE,1,117.6,135.24,105,120.75,,,,,,,,,,,FALSE,FALSE,FALSE,Standard Rate,Standard Rate,,10,,
13-100907A-XL-N,Security Combat Shirt,,TRUE,1,117.6,135.24,105,120.75,,,,,,,,,,,FALSE,FALSE,FALSE,Standard Rate,Standard Rate,,10,,
13-100907A-2XL-N,Security Combat Shirt,,TRUE,1,117.6,135.24,105,120.75,,,,,,,,,,,FALSE,FALSE,FALSE,Standard Rate,Standard Rate,,10,,
13-100922A-28-N,Security Combat Trouser,,TRUE,1,117.6,135.24,105,120.75,,,,,,,,,,,FALSE,FALSE,FALSE,Standard Rate,Standard Rate,,10,,
13-100922A-30-N,Security Combat Trouser,,TRUE,1,117.6,135.24,105,120.75,,,,,,,,,,,FALSE,FALSE,FALSE,Standard Rate,Standard Rate,,10,,
13-100922A-32-N,Security Combat Trouser,,TRUE,1,117.6,135.24,105,120.75,,,,,,,,,,,FALSE,FALSE,FALSE,Standard Rate,Standard Rate,,10,,
13-100922A-34-N,Security Combat Trouser,,TRUE,1,117.6,135.24,105,120.75,,,,,,,,,,,FALSE,FALSE,FALSE,Standard Rate,Standard Rate,,10,,
13-100922A-36-N,Security Combat Trouser,,TRUE,1,117.6,135.24,105,120.75,,,,,,,,,,,FALSE,FALSE,FALSE,Standard Rate,Standard Rate,,10,,
13-100922A-38-N,Security Combat Trouser,,TRUE,1,117.6,135.24,105,120.75,,,,,,,,,,,FALSE,FALSE,FALSE,Standard Rate,Standard Rate,,10,,
13-100922A-40-N,Security Combat Trouser,,TRUE,1,117.6,135.24,105,120.75,,,,,,,,,,,FALSE,FALSE,FALSE,Standard Rate,Standard Rate,,10,,
13-100922A-42-N,Security Combat Trouser,,TRUE,1,117.6,135.24,105,120.75,,,,,,,,,,,FALSE,FALSE,FALSE,Standard Rate,Standard Rate,,10,,
13-100930-Dro-5,Clobber Security Combat Canvas Boots,,TRUE,1,273,313.95,243.75,280.31,,,,,,,,,,,FALSE,FALSE,FALSE,Standard Rate,Standard Rate,,10,,
13-100930-Dro-6,Clobber Security Combat Canvas Boots,,TRUE,1,273,313.95,243.75,280.31,,,,,,,,,,,FALSE,FALSE,FALSE,Standard Rate,Standard Rate,,10,,
13-100930-Dro-7,Clobber Security Combat Canvas Boots,,TRUE,1,273,313.95,243.75,280.31,,,,,,,,,,,FALSE,FALSE,FALSE,Standard Rate,Standard Rate,,10,,
13-100930-Dro-8,Clobber Security Combat Canvas Boots,,TRUE,1,273,313.95,243.75,280.31,,,,,,,,,,,FALSE,FALSE,FALSE,Standard Rate,Standard Rate,,10,,
13-100930-Dro-9,Clobber Security Combat Canvas Boots,,TRUE,1,273,313.95,243.75,280.31,,,,,,,,,,,FALSE,FALSE,FALSE,Standard Rate,Standard Rate,,10,,
13-100930-Dro-10,Clobber Security Combat Canvas Boots,,TRUE,1,273,313.95,243.75,280.31,,,,,,,,,,,FALSE,FALSE,FALSE,Standard Rate,Standard Rate,,10,,
13-100930-Dro-11,Clobber Security Combat Canvas Boots,,TRUE,1,273,313.95,243.75,280.31,,,,,,,,,,,FALSE,FALSE,FALSE,Standard Rate,Standard Rate,,10,,
13-100930-Dro-12,Clobber Security Combat Canvas Boots,,TRUE,1,273,313.95,243.75,280.31,,,,,,,,,,,FALSE,FALSE,FALSE,Standard Rate,Standard Rate,,10,,
SECUBERE-OSFA-N,Security Beret,,TRUE,1,105,120.75,94,108.1,,,,,,,,,,,FALSE,FALSE,FALSE,Standard Rate,Standard Rate,,10,,
SECUBERE-OSFA-R,Security Beret,,TRUE,1,105,120.75,94,108.1,,,,,,,,,,,FALSE,FALSE,FALSE,Standard Rate,Standard Rate,,10,,
SECUBERE-OSFA-BLK,Security Beret,,TRUE,1,105,120.75,94,108.1,,,,,,,,,,,FALSE,FALSE,FALSE,Standard Rate,Standard Rate,,10,,
SECUWEBBELT-OSFA-BLK,Security Web Belt,,TRUE,1,133,152.95,119,136.85,,,,,,,,,,,FALSE,FALSE,FALSE,Standard Rate,Standard Rate,,10,,
13-100951-BLK,Security Baton Tonfa,,TRUE,1,133,152.95,118.75,136.56,,,,,,,,,,,FALSE,FALSE,FALSE,Standard Rate,Standard Rate,,10,,
13-100952-BLK,Security Baton Straight,,TRUE,1,133,152.95,118.75,136.56,,,,,,,,,,,FALSE,FALSE,FALSE,Standard Rate,Standard Rate,,10,,
8-100100-C,Auto Darkening Spectacle,,TRUE,1,147,169.05,131.25,150.94,,,,,,,,,,,FALSE,FALSE,FALSE,Standard Rate,Standard Rate,,10,,
8-1001041-C,WAK Auto Darkening Helmet,,TRUE,1,424.2,487.83,378.75,435.56,,,,,,,,,,,FALSE,FALSE,FALSE,Standard Rate,Standard Rate,,10,,
8-100100A-C,"Arco Auto Darkening Helmet, Non- Adjustable",,TRUE,1,208.6,239.89,186.25,214.19,,,,,,,,,,,FALSE,FALSE,FALSE,Standard Rate,Standard Rate,,10,,
8-100101-C,"Magnum S Auto Darkening Helmet, Non- Adjustable",,TRUE,1,294,338.1,262.5,301.88,,,,,,,,,,,FALSE,FALSE,FALSE,Standard Rate,Standard Rate,,10,,
8-100102-C,"Decasola Auto Darkening Helmet, Non-Adjustable",,TRUE,1,322,370.3,287.5,330.63,,,,,,,,,,,FALSE,FALSE,FALSE,Standard Rate,Standard Rate,,10,,
8-100103-C,"Otosola Auto Darkening Helmet, Adjustable 9-13 with G",,TRUE,1,483,555.45,431.25,495.94,,,,,,,,,,,FALSE,FALSE,FALSE,Standard Rate,Standard Rate,,10,,
8-100104-C,"Batman Auto Darkening Helmet, Adjustable 9-13 with Grinding Function",,TRUE,1,539,619.85,481.25,553.44,,,,,,,,,,,FALSE,FALSE,FALSE,Standard Rate,Standard Rate,,10,,
8-100103-1-C,"Garage Auto Darkening Helmet, Adjustable 9-13, Limited Edition",,TRUE,1,469,539.35,418.75,481.56,,,,,,,,,,,FALSE,FALSE,FALSE,Standard Rate,Standard Rate,,10,,
8-100118-C,Flip Front Helmet Premium (108 X Lens ),,TRUE,1,49,56.35,43.75,50.31,,,,,,,,,,,FALSE,FALSE,FALSE,Standard Rate,Standard Rate,,10,,
13-100415-C,Welding Helmet for Hard Hat,,TRUE,1,86.8,99.82,77.5,89.13,,,,,,,,,,,FALSE,FALSE,FALSE,Standard Rate,Standard Rate,,10,,
13-100168-R,Pinnacle Skull Cap,,TRUE,1,14,16.1,12.5,14.38,,,,,,,,,,,FALSE,FALSE,FALSE,Standard Rate,Standard Rate,,10,,
13-1001681-C,Welding Hood Flame Retardant,,TRUE,1,138.6,159.39,123.75,142.31,,,,,,,,,,,FALSE,FALSE,FALSE,Standard Rate,Standard Rate,,10,,
13-1001682-C,D59 Welding Skull Cap,,TRUE,1,68.6,78.89,61.25,70.44,,,,,,,,,,,FALSE,FALSE,FALSE,Standard Rate,Standard Rate,,10,,
13-1001683-C,D59 Welding Hood,,TRUE,1,154,177.1,137.5,158.13,,,,,,,,,,,FALSE,FALSE,FALSE,Standard Rate,Standard Rate,,10,,
8-100105-CL,Out Protective Lens for Magnum -S,,TRUE,1,9.1,10.465,8.125,9.34,,,,,,,,,,,FALSE,FALSE,FALSE,Standard Rate,Standard Rate,,10,,
8-100106-CL,Out Protective Lens for Decasola,,TRUE,1,9.1,10.465,8.125,9.34,,,,,,,,,,,FALSE,FALSE,FALSE,Standard Rate,Standard Rate,,10,,
8-100107-CL,Out Protective Lens for Otosola (Old Shape),,TRUE,1,9.1,10.465,8.125,9.34,,,,,,,,,,,FALSE,FALSE,FALSE,Standard Rate,Standard Rate,,10,,
8-1001070-CL,Out Protective Lens for Otosola ( New Shape),,TRUE,1,26.6,30.59,23.75,27.31,,,,,,,,,,,FALSE,FALSE,FALSE,Standard Rate,Standard Rate,,10,,
8-1001071-CL,Out Protective Lens for Batman,,TRUE,1,26.6,30.59,23.75,27.31,,,,,,,,,,,FALSE,FALSE,FALSE,Standard Rate,Standard Rate,,10,,
8-100108-CL,Inner Protective Lens for Otosola,,TRUE,1,7.7,8.855,6.875,7.91,,,,,,,,,,,FALSE,FALSE,FALSE,Standard Rate,Standard Rate,,10,,
8-100109-CL,Inner Protective Lens for Decasola & Magnum S,,TRUE,1,7.7,8.855,6.875,7.91,,,,,,,,,,,FALSE,FALSE,FALSE,Standard Rate,Standard Rate,,10,,
8-100110-CL,Auto Darkening Filter Lense for Decasola 300F,,TRUE,1,245,281.75,218.75,251.56,,,,,,,,,,,FALSE,FALSE,FALSE,Standard Rate,Standard Rate,,10,,
8-100111-CL,Auto Darkening Filter Lense for Otosola 550E,,TRUE,1,322,370.3,287.5,330.63,,,,,,,,,,,FALSE,FALSE,FALSE,Standard Rate,Standard Rate,,10,,
8-100114-CL,High Level Head Gear,,TRUE,1,70,80.5,62.5,71.88,,,,,,,,,,,FALSE,FALSE,FALSE,Standard Rate,Standard Rate,,10,,
8-100115-CL,Head Gear for Decasola,,TRUE,1,70,80.5,62.5,71.88,,,,,,,,,,,FALSE,FALSE,FALSE,Standard Rate,Standard Rate,,10,,
8-100116-CL,Head Gear for Otosola,,TRUE,1,70,80.5,62.5,71.88,,,,,,,,,,,FALSE,FALSE,FALSE,Standard Rate,Standard Rate,,10,,
8-100120-CL,Lens Shade 8 (108x51mm),,TRUE,1,2.24,2.576,2,2.3,,,,,,,,,,,FALSE,FALSE,FALSE,Standard Rate,Standard Rate,,10,,
8-100121-CL,Lens Shade 10 (108x51mm),,TRUE,1,2.24,2.576,2,2.3,,,,,,,,,,,FALSE,FALSE,FALSE,Standard Rate,Standard Rate,,10,,
8-100122-CL,Lens Shade 11 (108x51mm),,TRUE,1,2.24,2.576,2,2.3,,,,,,,,,,,FALSE,FALSE,FALSE,Standard Rate,Standard Rate,,10,,
8-100123-CL,Lens Shade 12 (108x51mm),,TRUE,1,2.24,2.576,2,2.3,,,,,,,,,,,FALSE,FALSE,FALSE,Standard Rate,Standard Rate,,10,,
8-100124-CL,Lens Clear Glass (108x51mm),,TRUE,1,1.54,1.771,1.375,1.58,,,,,,,,,,,FALSE,FALSE,FALSE,Standard Rate,Standard Rate,,10,,
8-100124-1-CL,Lens Clear Plastic (108x51mm) 1000h,,TRUE,1,2.94,3.381,2.625,3.02,,,,,,,,,,,FALSE,FALSE,FALSE,Standard Rate,Standard Rate,,10,,
13-1001999,Two Arms + Two Legs Reflective Tape Sewing,,TRUE,1,33.6,38.64,30,34.5,,,,,,,,,,,FALSE,FALSE,FALSE,Standard Rate,Standard Rate,,10,,
13-BBO2A-32-RYB,Classic 80/20 Contisuit,,TRUE,1,179.2,206.08,160,184,,,,,,,,,,,FALSE,FALSE,FALSE,Standard Rate,Standard Rate,,10,,
13-BBO2A-34-RYB,Classic 80/20 Contisuit,,TRUE,1,179.2,206.08,160,184,,,,,,,,,,,FALSE,FALSE,FALSE,Standard Rate,Standard Rate,,10,,
13-BBO2A-36-RYB,Classic 80/20 Contisuit,,TRUE,1,179.2,206.08,160,184,,,,,,,,,,,FALSE,FALSE,FALSE,Standard Rate,Standard Rate,,10,,
13-BBO2A-38-RYB,Classic 80/20 Contisuit,,TRUE,1,179.2,206.08,160,184,,,,,,,,,,,FALSE,FALSE,FALSE,Standard Rate,Standard Rate,,10,,
13-BBO2A-40-RYB,Classic 80/20 Contisuit,,TRUE,1,179.2,206.08,160,184,,,,,,,,,,,FALSE,FALSE,FALSE,Standard Rate,Standard Rate,,10,,
13-BBO2A-42-RYB,Classic 80/20 Contisuit,,TRUE,1,179.2,206.08,160,184,,,,,,,,,,,FALSE,FALSE,FALSE,Standard Rate,Standard Rate,,10,,
13-BBO2A-44-RYB,Classic 80/20 Contisuit,,TRUE,1,179.2,206.08,160,184,,,,,,,,,,,FALSE,FALSE,FALSE,Standard Rate,Standard Rate,,10,,
13-BBO2A-46-RYB,Classic 80/20 Contisuit,,TRUE,1,179.2,206.08,160,184,,,,,,,,,,,FALSE,FALSE,FALSE,Standard Rate,Standard Rate,,10,,
13-BBO2A-48-RYB,Classic 80/20 Contisuit,,TRUE,1,179.2,206.08,160,184,,,,,,,,,,,FALSE,FALSE,FALSE,Standard Rate,Standard Rate,,10,,
13-BBO2A-50-RYB,Classic 80/20 Contisuit,,TRUE,1,179.2,206.08,160,184,,,,,,,,,,,FALSE,FALSE,FALSE,Standard Rate,Standard Rate,,10,,
13-BBO2A-52-RYB,Classic 80/20 Contisuit,,TRUE,1,179.2,206.08,160,184,,,,,,,,,,,FALSE,FALSE,FALSE,Standard Rate,Standard Rate,,10,,
13-BBO2A-54-RYB,Classic 80/20 Contisuit,,TRUE,1,179.2,206.08,160,184,,,,,,,,,,,FALSE,FALSE,FALSE,Standard Rate,Standard Rate,,10,,
13-BBO2TA-32-RYB,Classic 80/20 C/Suit with Reflective Tape,,TRUE,1,197.4,227.01,176.25,202.69,,,,,,,,,,,FALSE,FALSE,FALSE,Standard Rate,Standard Rate,,10,,
13-BBO2TA-34-RYB,Classic 80/20 C/Suit with Reflective Tape,,TRUE,1,197.4,227.01,176.25,202.69,,,,,,,,,,,FALSE,FALSE,FALSE,Standard Rate,Standard Rate,,10,,
13-BBO2TA-36-RYB,Classic 80/20 C/Suit with Reflective Tape,,TRUE,1,197.4,227.01,176.25,202.69,,,,,,,,,,,FALSE,FALSE,FALSE,Standard Rate,Standard Rate,,10,,
13-BBO2TA-38-RYB,Classic 80/20 C/Suit with Reflective Tape,,TRUE,1,197.4,227.01,176.25,202.69,,,,,,,,,,,FALSE,FALSE,FALSE,Standard Rate,Standard Rate,,10,,
13-BBO2TA-40-RYB,Classic 80/20 C/Suit with Reflective Tape,,TRUE,1,197.4,227.01,176.25,202.69,,,,,,,,,,,FALSE,FALSE,FALSE,Standard Rate,Standard Rate,,10,,
13-BBO2TA-42-RYB,Classic 80/20 C/Suit with Reflective Tape,,TRUE,1,197.4,227.01,176.25,202.69,,,,,,,,,,,FALSE,FALSE,FALSE,Standard Rate,Standard Rate,,10,,
13-BBO2TA-44-RYB,Classic 80/20 C/Suit with Reflective Tape,,TRUE,1,197.4,227.01,176.25,202.69,,,,,,,,,,,FALSE,FALSE,FALSE,Standard Rate,Standard Rate,,10,,
13-BBO2TA-46-RYB,Classic 80/20 C/Suit with Reflective Tape,,TRUE,1,197.4,227.01,176.25,202.69,,,,,,,,,,,FALSE,FALSE,FALSE,Standard Rate,Standard Rate,,10,,
13-BBO2TA-48-RYB,Classic 80/20 C/Suit with Reflective Tape,,TRUE,1,197.4,227.01,176.25,202.69,,,,,,,,,,,FALSE,FALSE,FALSE,Standard Rate,Standard Rate,,10,,
13-BBO2TA-50-RYB,Classic 80/20 C/Suit with Reflective Tape,,TRUE,1,197.4,227.01,176.25,202.69,,,,,,,,,,,FALSE,FALSE,FALSE,Standard Rate,Standard Rate,,10,,
13-BBO2TA-52-RYB,Classic 80/20 C/Suit with Reflective Tape,,TRUE,1,197.4,227.01,176.25,202.69,,,,,,,,,,,FALSE,FALSE,FALSE,Standard Rate,Standard Rate,,10,,
13-BBO2TA-54-RYB,Classic 80/20 C/Suit with Reflective Tape,,TRUE,1,197.4,227.01,176.25,202.69,,,,,,,,,,,FALSE,FALSE,FALSE,Standard Rate,Standard Rate,,10,,
13-BBOJA-32-RYB,Premium 65/35 Contisuit,,TRUE,1,396.2,455.63,353.75,406.81,,,,,,,,,,,FALSE,FALSE,FALSE,Standard Rate,Standard Rate,,10,,
13-BBOJA-34-RYB,Premium 65/35 Contisuit,,TRUE,1,396.2,455.63,353.75,406.81,,,,,,,,,,,FALSE,FALSE,FALSE,Standard Rate,Standard Rate,,10,,
13-BBOJA-36-RYB,Premium 65/35 Contisuit,,TRUE,1,396.2,455.63,353.75,406.81,,,,,,,,,,,FALSE,FALSE,FALSE,Standard Rate,Standard Rate,,10,,
13-BBOJA-38-RYB,Premium 65/35 Contisuit,,TRUE,1,396.2,455.63,353.75,406.81,,,,,,,,,,,FALSE,FALSE,FALSE,Standard Rate,Standard Rate,,10,,
13-BBOJA-40-RYB,Premium 65/35 Contisuit,,TRUE,1,396.2,455.63,353.75,406.81,,,,,,,,,,,FALSE,FALSE,FALSE,Standard Rate,Standard Rate,,10,,
13-BBOJA-42-RYB,Premium 65/35 Contisuit,,TRUE,1,396.2,455.63,353.75,406.81,,,,,,,,,,,FALSE,FALSE,FALSE,Standard Rate,Standard Rate,,10,,
13-BBOJA-44-RYB,Premium 65/35 Contisuit,,TRUE,1,396.2,455.63,353.75,406.81,,,,,,,,,,,FALSE,FALSE,FALSE,Standard Rate,Standard Rate,,10,,
13-BBOJA-46-RYB,Premium 65/35 Contisuit,,TRUE,1,396.2,455.63,353.75,406.81,,,,,,,,,,,FALSE,FALSE,FALSE,Standard Rate,Standard Rate,,10,,
13-BBOJA-48-RYB,Premium 65/35 Contisuit,,TRUE,1,396.2,455.63,353.75,406.81,,,,,,,,,,,FALSE,FALSE,FALSE,Standard Rate,Standard Rate,,10,,
13-BBOJA-50-RYB,Premium 65/35 Contisuit,,TRUE,1,396.2,455.63,353.75,406.81,,,,,,,,,,,FALSE,FALSE,FALSE,Standard Rate,Standard Rate,,10,,
13-BBOJA-52-RYB,Premium 65/35 Contisuit,,TRUE,1,396.2,455.63,353.75,406.81,,,,,,,,,,,FALSE,FALSE,FALSE,Standard Rate,Standard Rate,,10,,
13-BBOJA-54-RYB,Premium 65/35 Contisuit,,TRUE,1,396.2,455.63,353.75,406.81,,,,,,,,,,,FALSE,FALSE,FALSE,Standard Rate,Standard Rate,,10,,
CONTSUIT2PIECP-32-RYB,Conti Suit ( 2 Piece ) Poly Cotton,,TRUE,1,140,161,125,143.75,,,,,,,,,,,FALSE,FALSE,FALSE,Standard Rate,Standard Rate,,10,,
CONTSUIT2PIECP-34-RYB,Conti Suit ( 2 Piece ) Poly Cotton,,TRUE,1,140,161,125,143.75,,,,,,,,,,,FALSE,FALSE,FALSE,Standard Rate,Standard Rate,,10,,
CONTSUIT2PIECP-36-RYB,Conti Suit ( 2 Piece ) Poly Cotton,,TRUE,1,140,161,125,143.75,,,,,,,,,,,FALSE,FALSE,FALSE,Standard Rate,Standard Rate,,10,,
CONTSUIT2PIECP-38-RYB,Conti Suit ( 2 Piece ) Poly Cotton,,TRUE,1,140,161,125,143.75,,,,,,,,,,,FALSE,FALSE,FALSE,Standard Rate,Standard Rate,,10,,
CONTSUIT2PIECP-40-RYB,Conti Suit ( 2 Piece ) Poly Cotton,,TRUE,1,140,161,125,143.75,,,,,,,,,,,FALSE,FALSE,FALSE,Standard Rate,Standard Rate,,10,,
CONTSUIT2PIECP-42-RYB,Conti Suit ( 2 Piece ) Poly Cotton,,TRUE,1,140,161,125,143.75,,,,,,,,,,,FALSE,FALSE,FALSE,Standard Rate,Standard Rate,,10,,
CONTSUIT2PIECP-44-RYB,Conti Suit ( 2 Piece ) Poly Cotton,,TRUE,1,140,161,125,143.75,,,,,,,,,,,FALSE,FALSE,FALSE,Standard Rate,Standard Rate,,10,,
CONTSUIT2PIECP-46-RYB,Conti Suit ( 2 Piece ) Poly Cotton,,TRUE,1,140,161,125,143.75,,,,,,,,,,,FALSE,FALSE,FALSE,Standard Rate,Standard Rate,,10,,
CONTSUIT2PIECP-48-RYB,Conti Suit ( 2 Piece ) Poly Cotton,,TRUE,1,140,161,125,143.75,,,,,,,,,,,FALSE,FALSE,FALSE,Standard Rate,Standard Rate,,10,,
CONTSUIT2PIECP-50-RYB,Conti Suit ( 2 Piece ) Poly Cotton,,TRUE,1,140,161,125,143.75,,,,,,,,,,,FALSE,FALSE,FALSE,Standard Rate,Standard Rate,,10,,
CONTSUIT2PIECP-52-RYB,Conti Suit ( 2 Piece ) Poly Cotton,,TRUE,1,140,161,125,143.75,,,,,,,,,,,FALSE,FALSE,FALSE,Standard Rate,Standard Rate,,10,,
CONTSUIT2PIECP-54-RYB,Conti Suit ( 2 Piece ) Poly Cotton,,TRUE,1,140,161,125,143.75,,,,,,,,,,,FALSE,FALSE,FALSE,Standard Rate,Standard Rate,,10,,
CONTSUIT2PIECR-32-RYB,Conti Suit ( 2 Piece ) with Reflective Tape,,TRUE,1,167,192.05,149,171.35,,,,,,,,,,,FALSE,FALSE,FALSE,Standard Rate,Standard Rate,,10,,
CONTSUIT2PIECR-34-RYB,Conti Suit ( 2 Piece ) with Reflective Tape,,TRUE,1,167,192.05,149,171.35,,,,,,,,,,,FALSE,FALSE,FALSE,Standard Rate,Standard Rate,,10,,
CONTSUIT2PIECR-36-RYB,Conti Suit ( 2 Piece ) with Reflective Tape,,TRUE,1,167,192.05,149,171.35,,,,,,,,,,,FALSE,FALSE,FALSE,Standard Rate,Standard Rate,,10,,
CONTSUIT2PIECR-38-RYB,Conti Suit ( 2 Piece ) with Reflective Tape,,TRUE,1,167,192.05,149,171.35,,,,,,,,,,,FALSE,FALSE,FALSE,Standard Rate,Standard Rate,,10,,
CONTSUIT2PIECR-40-RYB,Conti Suit ( 2 Piece ) with Reflective Tape,,TRUE,1,167,192.05,149,171.35,,,,,,,,,,,FALSE,FALSE,FALSE,Standard Rate,Standard Rate,,10,,
CONTSUIT2PIECR-42-RYB,Conti Suit ( 2 Piece ) with Reflective Tape,,TRUE,1,167,192.05,149,171.35,,,,,,,,,,,FALSE,FALSE,FALSE,Standard Rate,Standard Rate,,10,,
CONTSUIT2PIECR-44-RYB,Conti Suit ( 2 Piece ) with Reflective Tape,,TRUE,1,167,192.05,149,171.35,,,,,,,,,,,FALSE,FALSE,FALSE,Standard Rate,Standard Rate,,10,,
CONTSUIT2PIECR-46-RYB,Conti Suit ( 2 Piece ) with Reflective Tape,,TRUE,1,167,192.05,149,171.35,,,,,,,,,,,FALSE,FALSE,FALSE,Standard Rate,Standard Rate,,10,,
CONTSUIT2PIECR-48-RYB,Conti Suit ( 2 Piece ) with Reflective Tape,,TRUE,1,167,192.05,149,171.35,,,,,,,,,,,FALSE,FALSE,FALSE,Standard Rate,Standard Rate,,10,,
CONTSUIT2PIECR-50-RYB,Conti Suit ( 2 Piece ) with Reflective Tape,,TRUE,1,167,192.05,149,171.35,,,,,,,,,,,FALSE,FALSE,FALSE,Standard Rate,Standard Rate,,10,,
CONTSUIT2PIECR-52-RYB,Conti Suit ( 2 Piece ) with Reflective Tape,,TRUE,1,167,192.05,149,171.35,,,,,,,,,,,FALSE,FALSE,FALSE,Standard Rate,Standard Rate,,10,,
CONTSUIT2PIECR-54-RYB,Conti Suit ( 2 Piece ) with Reflective Tape,,TRUE,1,167,192.05,149,171.35,,,,,,,,,,,FALSE,FALSE,FALSE,Standard Rate,Standard Rate,,10,,
CONTSUIT2PIECP-32-NVB,Conti Suit ( 2 Piece ) Poly Cotton,,TRUE,1,140,161,125,143.75,,,,,,,,,,,FALSE,FALSE,FALSE,Standard Rate,Standard Rate,,10,,
CONTSUIT2PIECP-34-NVB,Conti Suit ( 2 Piece ) Poly Cotton,,TRUE,1,140,161,125,143.75,,,,,,,,,,,FALSE,FALSE,FALSE,Standard Rate,Standard Rate,,10,,
CONTSUIT2PIECP-36-NVB,Conti Suit ( 2 Piece ) Poly Cotton,,TRUE,1,140,161,125,143.75,,,,,,,,,,,FALSE,FALSE,FALSE,Standard Rate,Standard Rate,,10,,
CONTSUIT2PIECP-38-NVB,Conti Suit ( 2 Piece ) Poly Cotton,,TRUE,1,140,161,125,143.75,,,,,,,,,,,FALSE,FALSE,FALSE,Standard Rate,Standard Rate,,10,,
CONTSUIT2PIECP-40-NVB,Conti Suit ( 2 Piece ) Poly Cotton,,TRUE,1,140,161,125,143.75,,,,,,,,,,,FALSE,FALSE,FALSE,Standard Rate,Standard Rate,,10,,
CONTSUIT2PIECP-42-NVB,Conti Suit ( 2 Piece ) Poly Cotton,,TRUE,1,140,161,125,143.75,,,,,,,,,,,FALSE,FALSE,FALSE,Standard Rate,Standard Rate,,10,,
CONTSUIT2PIECP-44-NVB,Conti Suit ( 2 Piece ) Poly Cotton,,TRUE,1,140,161,125,143.75,,,,,,,,,,,FALSE,FALSE,FALSE,Standard Rate,Standard Rate,,10,,
CONTSUIT2PIECP-46-NVB,Conti Suit ( 2 Piece ) Poly Cotton,,TRUE,1,140,161,125,143.75,,,,,,,,,,,FALSE,FALSE,FALSE,Standard Rate,Standard Rate,,10,,
CONTSUIT2PIECP-48-NVB,Conti Suit ( 2 Piece ) Poly Cotton,,TRUE,1,140,161,125,143.75,,,,,,,,,,,FALSE,FALSE,FALSE,Standard Rate,Standard Rate,,10,,
CONTSUIT2PIECP-50-NVB,Conti Suit ( 2 Piece ) Poly Cotton,,TRUE,1,140,161,125,143.75,,,,,,,,,,,FALSE,FALSE,FALSE,Standard Rate,Standard Rate,,10,,
CONTSUIT2PIECP-52-NVB,Conti Suit ( 2 Piece ) Poly Cotton,,TRUE,1,140,161,125,143.75,,,,,,,,,,,FALSE,FALSE,FALSE,Standard Rate,Standard Rate,,10,,
CONTSUIT2PIECP-54-NVB,Conti Suit ( 2 Piece ) Poly Cotton,,TRUE,1,140,161,125,143.75,,,,,,,,,,,FALSE,FALSE,FALSE,Standard Rate,Standard Rate,,10,,
CONTSUIT2PIECR2-32-NVB,Conti Suit ( 2 Piece ) with Reflective Poly Cotton,,TRUE,1,167,192.05,149,171.35,,,,,,,,,,,FALSE,FALSE,FALSE,Standard Rate,Standard Rate,,10,,
CONTSUIT2PIECR2-34-NVB,Conti Suit ( 2 Piece ) with Reflective Poly Cotton,,TRUE,1,167,192.05,149,171.35,,,,,,,,,,,FALSE,FALSE,FALSE,Standard Rate,Standard Rate,,10,,
CONTSUIT2PIECR2-36-NVB,Conti Suit ( 2 Piece ) with Reflective Poly Cotton,,TRUE,1,167,192.05,149,171.35,,,,,,,,,,,FALSE,FALSE,FALSE,Standard Rate,Standard Rate,,10,,
CONTSUIT2PIECR2-38-NVB,Conti Suit ( 2 Piece ) with Reflective Poly Cotton,,TRUE,1,167,192.05,149,171.35,,,,,,,,,,,FALSE,FALSE,FALSE,Standard Rate,Standard Rate,,10,,
CONTSUIT2PIECR2-40-NVB,Conti Suit ( 2 Piece ) with Reflective Poly Cotton,,TRUE,1,167,192.05,149,171.35,,,,,,,,,,,FALSE,FALSE,FALSE,Standard Rate,Standard Rate,,10,,
CONTSUIT2PIECR2-42-NVB,Conti Suit ( 2 Piece ) with Reflective Poly Cotton,,TRUE,1,167,192.05,149,171.35,,,,,,,,,,,FALSE,FALSE,FALSE,Standard Rate,Standard Rate,,10,,
CONTSUIT2PIECR2-44-NVB,Conti Suit ( 2 Piece ) with Reflective Poly Cotton,,TRUE,1,167,192.05,149,171.35,,,,,,,,,,,FALSE,FALSE,FALSE,Standard Rate,Standard Rate,,10,,
CONTSUIT2PIECR2-46-NVB,Conti Suit ( 2 Piece ) with Reflective Poly Cotton,,TRUE,1,167,192.05,149,171.35,,,,,,,,,,,FALSE,FALSE,FALSE,Standard Rate,Standard Rate,,10,,
CONTSUIT2PIECR2-48-NVB,Conti Suit ( 2 Piece ) with Reflective Poly Cotton,,TRUE,1,167,192.05,149,171.35,,,,,,,,,,,FALSE,FALSE,FALSE,Standard Rate,Standard Rate,,10,,
CONTSUIT2PIECR2-50-NVB,Conti Suit ( 2 Piece ) with Reflective Poly Cotton,,TRUE,1,167,192.05,149,171.35,,,,,,,,,,,FALSE,FALSE,FALSE,Standard Rate,Standard Rate,,10,,
CONTSUIT2PIECR2-52-NVB,Conti Suit ( 2 Piece ) with Reflective Poly Cotton,,TRUE,1,167,192.05,149,171.35,,,,,,,,,,,FALSE,FALSE,FALSE,Standard Rate,Standard Rate,,10,,
CONTSUIT2PIECR2-54-NVB,Conti Suit ( 2 Piece ) with Reflective Poly Cotton,,TRUE,1,167,192.05,149,171.35,,,,,,,,,,,FALSE,FALSE,FALSE,Standard Rate,Standard Rate,,10,,
CONTSUIT2PIECP-32-O,Conti Suit ( 2 Piece ) Poly Cotton,,TRUE,1,141,162.15,126,144.9,,,,,,,,,,,FALSE,FALSE,FALSE,Standard Rate,Standard Rate,,10,,
CONTSUIT2PIECP-34-O,Conti Suit ( 2 Piece ) Poly Cotton,,TRUE,1,141,162.15,126,144.9,,,,,,,,,,,FALSE,FALSE,FALSE,Standard Rate,Standard Rate,,10,,
CONTSUIT2PIECP-36-O,Conti Suit ( 2 Piece ) Poly Cotton,,TRUE,1,141,162.15,126,144.9,,,,,,,,,,,FALSE,FALSE,FALSE,Standard Rate,Standard Rate,,10,,
CONTSUIT2PIECP-38-O,Conti Suit ( 2 Piece ) Poly Cotton,,TRUE,1,141,162.15,126,144.9,,,,,,,,,,,FALSE,FALSE,FALSE,Standard Rate,Standard Rate,,10,,
CONTSUIT2PIECP-40-O,Conti Suit ( 2 Piece ) Poly Cotton,,TRUE,1,141,162.15,126,144.9,,,,,,,,,,,FALSE,FALSE,FALSE,Standard Rate,Standard Rate,,10,,
CONTSUIT2PIECP-42-O,Conti Suit ( 2 Piece ) Poly Cotton,,TRUE,1,141,162.15,126,144.9,,,,,,,,,,,FALSE,FALSE,FALSE,Standard Rate,Standard Rate,,10,,
CONTSUIT2PIECP-44-O,Conti Suit ( 2 Piece ) Poly Cotton,,TRUE,1,141,162.15,126,144.9,,,,,,,,,,,FALSE,FALSE,FALSE,Standard Rate,Standard Rate,,10,,
CONTSUIT2PIECP-46-O,Conti Suit ( 2 Piece ) Poly Cotton,,TRUE,1,141,162.15,126,144.9,,,,,,,,,,,FALSE,FALSE,FALSE,Standard Rate,Standard Rate,,10,,
CONTSUIT2PIECP-48-O,Conti Suit ( 2 Piece ) Poly Cotton,,TRUE,1,141,162.15,126,144.9,,,,,,,,,,,FALSE,FALSE,FALSE,Standard Rate,Standard Rate,,10,,
CONTSUIT2PIECP-50-O,Conti Suit ( 2 Piece ) Poly Cotton,,TRUE,1,141,162.15,126,144.9,,,,,,,,,,,FALSE,FALSE,FALSE,Standard Rate,Standard Rate,,10,,
CONTSUIT2PIECP-52-O,Conti Suit ( 2 Piece ) Poly Cotton,,TRUE,1,141,162.15,126,144.9,,,,,,,,,,,FALSE,FALSE,FALSE,Standard Rate,Standard Rate,,10,,
CONTSUIT2PIECP-54-O,Conti Suit ( 2 Piece ) Poly Cotton,,TRUE,1,141,162.15,126,144.9,,,,,,,,,,,FALSE,FALSE,FALSE,Standard Rate,Standard Rate,,10,,
13-1002296G-32-GY,Conti Suit ( 2 Piece ) Poly Cotton,,TRUE,1,187.6,215.74,167.5,192.63,,,,,,,,,,,FALSE,FALSE,FALSE,Standard Rate,Standard Rate,,10,,
13-1002296G-34-GY,Conti Suit ( 2 Piece ) Poly Cotton,,TRUE,1,187.6,215.74,167.5,192.63,,,,,,,,,,,FALSE,FALSE,FALSE,Standard Rate,Standard Rate,,10,,
13-1002296G-36-GY,Conti Suit ( 2 Piece ) Poly Cotton,,TRUE,1,187.6,215.74,167.5,192.63,,,,,,,,,,,FALSE,FALSE,FALSE,Standard Rate,Standard Rate,,10,,
13-1002296G-38-GY,Conti Suit ( 2 Piece ) Poly Cotton,,TRUE,1,187.6,215.74,167.5,192.63,,,,,,,,,,,FALSE,FALSE,FALSE,Standard Rate,Standard Rate,,10,,
13-1002296G-40-GY,Conti Suit ( 2 Piece ) Poly Cotton,,TRUE,1,187.6,215.74,167.5,192.63,,,,,,,,,,,FALSE,FALSE,FALSE,Standard Rate,Standard Rate,,10,,
13-1002296G-42-GY,Conti Suit ( 2 Piece ) Poly Cotton,,TRUE,1,187.6,215.74,167.5,192.63,,,,,,,,,,,FALSE,FALSE,FALSE,Standard Rate,Standard Rate,,10,,
13-1002296G-44-GY,Conti Suit ( 2 Piece ) Poly Cotton,,TRUE,1,187.6,215.74,167.5,192.63,,,,,,,,,,,FALSE,FALSE,FALSE,Standard Rate,Standard Rate,,10,,
13-1002296G-46-GY,Conti Suit ( 2 Piece ) Poly Cotton,,TRUE,1,187.6,215.74,167.5,192.63,,,,,,,,,,,FALSE,FALSE,FALSE,Standard Rate,Standard Rate,,10,,
13-1002296G-48-GY,Conti Suit ( 2 Piece ) Poly Cotton,,TRUE,1,187.6,215.74,167.5,192.63,,,,,,,,,,,FALSE,FALSE,FALSE,Standard Rate,Standard Rate,,10,,
13-1002296G-50-GY,Conti Suit ( 2 Piece ) Poly Cotton,,TRUE,1,187.6,215.74,167.5,192.63,,,,,,,,,,,FALSE,FALSE,FALSE,Standard Rate,Standard Rate,,10,,
13-1002296G-52-GY,Conti Suit ( 2 Piece ) Poly Cotton,,TRUE,1,187.6,215.74,167.5,192.63,,,,,,,,,,,FALSE,FALSE,FALSE,Standard Rate,Standard Rate,,10,,
13-1002296G-54-GY,Conti Suit ( 2 Piece ) Poly Cotton,,TRUE,1,187.6,215.74,167.5,192.63,,,,,,,,,,,FALSE,FALSE,FALSE,Standard Rate,Standard Rate,,10,,
13-1002296R-32-R,Conti Suit ( 2 Piece ) Poly Cotton,,TRUE,1,187.6,215.74,167.5,192.63,,,,,,,,,,,FALSE,FALSE,FALSE,Standard Rate,Standard Rate,,10,,
13-1002296R-34-R,Conti Suit ( 2 Piece ) Poly Cotton,,TRUE,1,187.6,215.74,167.5,192.63,,,,,,,,,,,FALSE,FALSE,FALSE,Standard Rate,Standard Rate,,10,,
13-1002296R-36-R,Conti Suit ( 2 Piece ) Poly Cotton,,TRUE,1,187.6,215.74,167.5,192.63,,,,,,,,,,,FALSE,FALSE,FALSE,Standard Rate,Standard Rate,,10,,
13-1002296R-38-R,Conti Suit ( 2 Piece ) Poly Cotton,,TRUE,1,187.6,215.74,167.5,192.63,,,,,,,,,,,FALSE,FALSE,FALSE,Standard Rate,Standard Rate,,10,,
13-1002296R-40-R,Conti Suit ( 2 Piece ) Poly Cotton,,TRUE,1,187.6,215.74,167.5,192.63,,,,,,,,,,,FALSE,FALSE,FALSE,Standard Rate,Standard Rate,,10,,
13-1002296R-42-R,Conti Suit ( 2 Piece ) Poly Cotton,,TRUE,1,187.6,215.74,167.5,192.63,,,,,,,,,,,FALSE,FALSE,FALSE,Standard Rate,Standard Rate,,10,,
13-1002296R-44-R,Conti Suit ( 2 Piece ) Poly Cotton,,TRUE,1,187.6,215.74,167.5,192.63,,,,,,,,,,,FALSE,FALSE,FALSE,Standard Rate,Standard Rate,,10,,
13-1002296R-46-R,Conti Suit ( 2 Piece ) Poly Cotton,,TRUE,1,187.6,215.74,167.5,192.63,,,,,,,,,,,FALSE,FALSE,FALSE,Standard Rate,Standard Rate,,10,,
13-1002296R-48-R,Conti Suit ( 2 Piece ) Poly Cotton,,TRUE,1,187.6,215.74,167.5,192.63,,,,,,,,,,,FALSE,FALSE,FALSE,Standard Rate,Standard Rate,,10,,
13-1002296R-50-R,Conti Suit ( 2 Piece ) Poly Cotton,,TRUE,1,187.6,215.74,167.5,192.63,,,,,,,,,,,FALSE,FALSE,FALSE,Standard Rate,Standard Rate,,10,,
13-1002296R-52-R,Conti Suit ( 2 Piece ) Poly Cotton,,TRUE,1,187.6,215.74,167.5,192.63,,,,,,,,,,,FALSE,FALSE,FALSE,Standard Rate,Standard Rate,,10,,
13-1002296R-54-R,Conti Suit ( 2 Piece ) Poly Cotton,,TRUE,1,187.6,215.74,167.5,192.63,,,,,,,,,,,FALSE,FALSE,FALSE,Standard Rate,Standard Rate,,10,,
13-1002296W-32-W,Conti Suit ( 2 Piece ) Poly Cotton,,TRUE,1,187.6,215.74,167.5,192.63,,,,,,,,,,,FALSE,FALSE,FALSE,Standard Rate,Standard Rate,,10,,
13-1002296W-34-W,Conti Suit ( 2 Piece ) Poly Cotton,,TRUE,1,187.6,215.74,167.5,192.63,,,,,,,,,,,FALSE,FALSE,FALSE,Standard Rate,Standard Rate,,10,,
13-1002296W-36-W,Conti Suit ( 2 Piece ) Poly Cotton,,TRUE,1,187.6,215.74,167.5,192.63,,,,,,,,,,,FALSE,FALSE,FALSE,Standard Rate,Standard Rate,,10,,
13-1002296W-38-W,Conti Suit ( 2 Piece ) Poly Cotton,,TRUE,1,187.6,215.74,167.5,192.63,,,,,,,,,,,FALSE,FALSE,FALSE,Standard Rate,Standard Rate,,10,,
13-1002296W-40-W,Conti Suit ( 2 Piece ) Poly Cotton,,TRUE,1,187.6,215.74,167.5,192.63,,,,,,,,,,,FALSE,FALSE,FALSE,Standard Rate,Standard Rate,,10,,
13-1002296W-42-W,Conti Suit ( 2 Piece ) Poly Cotton,,TRUE,1,187.6,215.74,167.5,192.63,,,,,,,,,,,FALSE,FALSE,FALSE,Standard Rate,Standard Rate,,10,,
13-1002296W-44-W,Conti Suit ( 2 Piece ) Poly Cotton,,TRUE,1,187.6,215.74,167.5,192.63,,,,,,,,,,,FALSE,FALSE,FALSE,Standard Rate,Standard Rate,,10,,
13-1002296W-46-W,Conti Suit ( 2 Piece ) Poly Cotton,,TRUE,1,187.6,215.74,167.5,192.63,,,,,,,,,,,FALSE,FALSE,FALSE,Standard Rate,Standard Rate,,10,,
13-1002296W-48-W,Conti Suit ( 2 Piece ) Poly Cotton,,TRUE,1,187.6,215.74,167.5,192.63,,,,,,,,,,,FALSE,FALSE,FALSE,Standard Rate,Standard Rate,,10,,
13-1002296W-50-W,Conti Suit ( 2 Piece ) Poly Cotton,,TRUE,1,187.6,215.74,167.5,192.63,,,,,,,,,,,FALSE,FALSE,FALSE,Standard Rate,Standard Rate,,10,,
13-1002296W-52-W,Conti Suit ( 2 Piece ) Poly Cotton,,TRUE,1,187.6,215.74,167.5,192.63,,,,,,,,,,,FALSE,FALSE,FALSE,Standard Rate,Standard Rate,,10,,
13-1002296W-54-W,Conti Suit ( 2 Piece ) Poly Cotton,,TRUE,1,187.6,215.74,167.5,192.63,,,,,,,,,,,FALSE,FALSE,FALSE,Standard Rate,Standard Rate,,10,,
13-1002296GE-32-G,Conti Suit ( 2 Piece ),,TRUE,1,187.6,215.74,167.5,192.63,,,,,,,,,,,FALSE,FALSE,FALSE,Standard Rate,Standard Rate,,10,,
13-1002296GE-34-G,Conti Suit ( 2 Piece ),,TRUE,1,187.6,215.74,167.5,192.63,,,,,,,,,,,FALSE,FALSE,FALSE,Standard Rate,Standard Rate,,10,,
13-1002296GE-36-G,Conti Suit ( 2 Piece ),,TRUE,1,187.6,215.74,167.5,192.63,,,,,,,,,,,FALSE,FALSE,FALSE,Standard Rate,Standard Rate,,10,,
13-1002296GE-38-G,Conti Suit ( 2 Piece ),,TRUE,1,187.6,215.74,167.5,192.63,,,,,,,,,,,FALSE,FALSE,FALSE,Standard Rate,Standard Rate,,10,,
13-1002296GE-40-G,Conti Suit ( 2 Piece ),,TRUE,1,187.6,215.74,167.5,192.63,,,,,,,,,,,FALSE,FALSE,FALSE,Standard Rate,Standard Rate,,10,,
13-1002296GE-42-G,Conti Suit ( 2 Piece ),,TRUE,1,187.6,215.74,167.5,192.63,,,,,,,,,,,FALSE,FALSE,FALSE,Standard Rate,Standard Rate,,10,,
13-1002296GE-44-G,Conti Suit ( 2 Piece ),,TRUE,1,187.6,215.74,167.5,192.63,,,,,,,,,,,FALSE,FALSE,FALSE,Standard Rate,Standard Rate,,10,,
13-1002296GE-46-G,Conti Suit ( 2 Piece ),,TRUE,1,187.6,215.74,167.5,192.63,,,,,,,,,,,FALSE,FALSE,FALSE,Standard Rate,Standard Rate,,10,,
13-1002296GE-48-G,Conti Suit ( 2 Piece ),,TRUE,1,187.6,215.74,167.5,192.63,,,,,,,,,,,FALSE,FALSE,FALSE,Standard Rate,Standard Rate,,10,,
13-1002296GE-50-G,Conti Suit ( 2 Piece ),,TRUE,1,187.6,215.74,167.5,192.63,,,,,,,,,,,FALSE,FALSE,FALSE,Standard Rate,Standard Rate,,10,,
13-1002296GE-52-G,Conti Suit ( 2 Piece ),,TRUE,1,187.6,215.74,167.5,192.63,,,,,,,,,,,FALSE,FALSE,FALSE,Standard Rate,Standard Rate,,10,,
13-1002296GE-54-G,Conti Suit ( 2 Piece ),,TRUE,1,187.6,215.74,167.5,192.63,,,,,,,,,,,FALSE,FALSE,FALSE,Standard Rate,Standard Rate,,10,,
13-1002296K-32-K,Conti Suit ( 2 Piece ),,TRUE,1,187.6,215.74,167.5,192.63,,,,,,,,,,,FALSE,FALSE,FALSE,Standard Rate,Standard Rate,,10,,
13-1002296K-34-K,Conti Suit ( 2 Piece ),,TRUE,1,187.6,215.74,167.5,192.63,,,,,,,,,,,FALSE,FALSE,FALSE,Standard Rate,Standard Rate,,10,,
13-1002296K-36-K,Conti Suit ( 2 Piece ),,TRUE,1,187.6,215.74,167.5,192.63,,,,,,,,,,,FALSE,FALSE,FALSE,Standard Rate,Standard Rate,,10,,
13-1002296K-38-K,Conti Suit ( 2 Piece ),,TRUE,1,187.6,215.74,167.5,192.63,,,,,,,,,,,FALSE,FALSE,FALSE,Standard Rate,Standard Rate,,10,,
13-1002296K-40-K,Conti Suit ( 2 Piece ),,TRUE,1,187.6,215.74,167.5,192.63,,,,,,,,,,,FALSE,FALSE,FALSE,Standard Rate,Standard Rate,,10,,
13-1002296K-42-K,Conti Suit ( 2 Piece ),,TRUE,1,187.6,215.74,167.5,192.63,,,,,,,,,,,FALSE,FALSE,FALSE,Standard Rate,Standard Rate,,10,,
13-1002296K-44-K,Conti Suit ( 2 Piece ),,TRUE,1,187.6,215.74,167.5,192.63,,,,,,,,,,,FALSE,FALSE,FALSE,Standard Rate,Standard Rate,,10,,
13-1002296K-46-K,Conti Suit ( 2 Piece ),,TRUE,1,187.6,215.74,167.5,192.63,,,,,,,,,,,FALSE,FALSE,FALSE,Standard Rate,Standard Rate,,10,,
13-1002296K-48-K,Conti Suit ( 2 Piece ),,TRUE,1,187.6,215.74,167.5,192.63,,,,,,,,,,,FALSE,FALSE,FALSE,Standard Rate,Standard Rate,,10,,
13-1002296K-50-K,Conti Suit ( 2 Piece ),,TRUE,1,187.6,215.74,167.5,192.63,,,,,,,,,,,FALSE,FALSE,FALSE,Standard Rate,Standard Rate,,10,,
13-1002296K-52-K,Conti Suit ( 2 Piece ),,TRUE,1,187.6,215.74,167.5,192.63,,,,,,,,,,,FALSE,FALSE,FALSE,Standard Rate,Standard Rate,,10,,
13-1002296K-54-K,Conti Suit ( 2 Piece ),,TRUE,1,187.6,215.74,167.5,192.63,,,,,,,,,,,FALSE,FALSE,FALSE,Standard Rate,Standard Rate,,10,,
13-1002296BL-32-BLK,Conti Suit ( 2 Piece ),,TRUE,1,187.6,215.74,167.5,192.63,,,,,,,,,,,FALSE,FALSE,FALSE,Standard Rate,Standard Rate,,10,,
13-1002296BL-34-BLK,Conti Suit ( 2 Piece ),,TRUE,1,187.6,215.74,167.5,192.63,,,,,,,,,,,FALSE,FALSE,FALSE,Standard Rate,Standard Rate,,10,,
13-1002296BL-36-BLK,Conti Suit ( 2 Piece ),,TRUE,1,187.6,215.74,167.5,192.63,,,,,,,,,,,FALSE,FALSE,FALSE,Standard Rate,Standard Rate,,10,,
13-1002296BL-38-BLK,Conti Suit ( 2 Piece ),,TRUE,1,187.6,215.74,167.5,192.63,,,,,,,,,,,FALSE,FALSE,FALSE,Standard Rate,Standard Rate,,10,,
13-1002296BL-40-BLK,Conti Suit ( 2 Piece ),,TRUE,1,187.6,215.74,167.5,192.63,,,,,,,,,,,FALSE,FALSE,FALSE,Standard Rate,Standard Rate,,10,,
13-1002296BL-42-BLK,Conti Suit ( 2 Piece ),,TRUE,1,187.6,215.74,167.5,192.63,,,,,,,,,,,FALSE,FALSE,FALSE,Standard Rate,Standard Rate,,10,,
13-1002296BL-44-BLK,Conti Suit ( 2 Piece ),,TRUE,1,187.6,215.74,167.5,192.63,,,,,,,,,,,FALSE,FALSE,FALSE,Standard Rate,Standard Rate,,10,,
13-1002296BL-46-BLK,Conti Suit ( 2 Piece ),,TRUE,1,187.6,215.74,167.5,192.63,,,,,,,,,,,FALSE,FALSE,FALSE,Standard Rate,Standard Rate,,10,,
13-1002296BL-48-BLK,Conti Suit ( 2 Piece ),,TRUE,1,187.6,215.74,167.5,192.63,,,,,,,,,,,FALSE,FALSE,FALSE,Standard Rate,Standard Rate,,10,,
13-1002296BL-50-BLK,Conti Suit ( 2 Piece ),,TRUE,1,187.6,215.74,167.5,192.63,,,,,,,,,,,FALSE,FALSE,FALSE,Standard Rate,Standard Rate,,10,,
13-1002296BL-52-BLK,Conti Suit ( 2 Piece ),,TRUE,1,187.6,215.74,167.5,192.63,,,,,,,,,,,FALSE,FALSE,FALSE,Standard Rate,Standard Rate,,10,,
13-1002296BL-54-BLK,Conti Suit ( 2 Piece ),,TRUE,1,187.6,215.74,167.5,192.63,,,,,,,,,,,FALSE,FALSE,FALSE,Standard Rate,Standard Rate,,10,,
D59FLAMRETAACI-32-NVB,D59 Flame Retardant & Acid Resist Jacket with Reflective Tape,,TRUE,1,259,297.85,231,265.65,,,,,,,,,,,FALSE,FALSE,FALSE,Standard Rate,Standard Rate,,10,,
D59FLAMRETAACI-34-NVB,D59 Flame Retardant & Acid Resist Jacket with Reflective Tape,,TRUE,1,259,297.85,231,265.65,,,,,,,,,,,FALSE,FALSE,FALSE,Standard Rate,Standard Rate,,10,,
D59FLAMRETAACI-36-NVB,D59 Flame Retardant & Acid Resist Jacket with Reflective Tape,,TRUE,1,259,297.85,231,265.65,,,,,,,,,,,FALSE,FALSE,FALSE,Standard Rate,Standard Rate,,10,,
D59FLAMRETAACI-38-NVB,D59 Flame Retardant & Acid Resist Jacket with Reflective Tape,,TRUE,1,259,297.85,231,265.65,,,,,,,,,,,FALSE,FALSE,FALSE,Standard Rate,Standard Rate,,10,,
D59FLAMRETAACI-40-NVB,D59 Flame Retardant & Acid Resist Jacket with Reflective Tape,,TRUE,1,259,297.85,231,265.65,,,,,,,,,,,FALSE,FALSE,FALSE,Standard Rate,Standard Rate,,10,,
D59FLAMRETAACI-42-NVB,D59 Flame Retardant & Acid Resist Jacket with Reflective Tape,,TRUE,1,259,297.85,231,265.65,,,,,,,,,,,FALSE,FALSE,FALSE,Standard Rate,Standard Rate,,10,,
D59FLAMRETAACI-44-NVB,D59 Flame Retardant & Acid Resist Jacket with Reflective Tape,,TRUE,1,259,297.85,231,265.65,,,,,,,,,,,FALSE,FALSE,FALSE,Standard Rate,Standard Rate,,10,,
D59FLAMRETAACI-46-NVB,D59 Flame Retardant & Acid Resist Jacket with Reflective Tape,,TRUE,1,259,297.85,231,265.65,,,,,,,,,,,FALSE,FALSE,FALSE,Standard Rate,Standard Rate,,10,,
D59FLAMRETAACI-48-NVB,D59 Flame Retardant & Acid Resist Jacket with Reflective Tape,,TRUE,1,259,297.85,231,265.65,,,,,,,,,,,FALSE,FALSE,FALSE,Standard Rate,Standard Rate,,10,,
D59FLAMRETAACI-50-NVB,D59 Flame Retardant & Acid Resist Jacket with Reflective Tape,,TRUE,1,259,297.85,231,265.65,,,,,,,,,,,FALSE,FALSE,FALSE,Standard Rate,Standard Rate,,10,,
D59FLAMRETAACI-52-NVB,D59 Flame Retardant & Acid Resist Jacket with Reflective Tape,,TRUE,1,259,297.85,231,265.65,,,,,,,,,,,FALSE,FALSE,FALSE,Standard Rate,Standard Rate,,10,,
D59FLAMRETAACI-54-NVB,D59 Flame Retardant & Acid Resist Jacket with Reflective Tape,,TRUE,1,259,297.85,231,265.65,,,,,,,,,,,FALSE,FALSE,FALSE,Standard Rate,Standard Rate,,10,,
D59FLAMRETAACI2-28-NVB,D59 Flame Retardant & Acid Resist Trouser with Reflective Tape,,TRUE,1,259,297.85,231,265.65,,,,,,,,,,,FALSE,FALSE,FALSE,Standard Rate,Standard Rate,,10,,
D59FLAMRETAACI2-30-NVB,D59 Flame Retardant & Acid Resist Trouser with Reflective Tape,,TRUE,1,259,297.85,231,265.65,,,,,,,,,,,FALSE,FALSE,FALSE,Standard Rate,Standard Rate,,10,,
D59FLAMRETAACI2-32-NVB,D59 Flame Retardant & Acid Resist Trouser with Reflective Tape,,TRUE,1,259,297.85,231,265.65,,,,,,,,,,,FALSE,FALSE,FALSE,Standard Rate,Standard Rate,,10,,
D59FLAMRETAACI2-34-NVB,D59 Flame Retardant & Acid Resist Trouser with Reflective Tape,,TRUE,1,259,297.85,231,265.65,,,,,,,,,,,FALSE,FALSE,FALSE,Standard Rate,Standard Rate,,10,,
D59FLAMRETAACI2-36-NVB,D59 Flame Retardant & Acid Resist Trouser with Reflective Tape,,TRUE,1,259,297.85,231,265.65,,,,,,,,,,,FALSE,FALSE,FALSE,Standard Rate,Standard Rate,,10,,
D59FLAMRETAACI2-38-NVB,D59 Flame Retardant & Acid Resist Trouser with Reflective Tape,,TRUE,1,259,297.85,231,265.65,,,,,,,,,,,FALSE,FALSE,FALSE,Standard Rate,Standard Rate,,10,,
D59FLAMRETAACI2-40-NVB,D59 Flame Retardant & Acid Resist Trouser with Reflective Tape,,TRUE,1,259,297.85,231,265.65,,,,,,,,,,,FALSE,FALSE,FALSE,Standard Rate,Standard Rate,,10,,
D59FLAMRETAACI2-42-NVB,D59 Flame Retardant & Acid Resist Trouser with Reflective Tape,,TRUE,1,259,297.85,231,265.65,,,,,,,,,,,FALSE,FALSE,FALSE,Standard Rate,Standard Rate,,10,,
D59FLAMRETAACI2-44-NVB,D59 Flame Retardant & Acid Resist Trouser with Reflective Tape,,TRUE,1,259,297.85,231,265.65,,,,,,,,,,,FALSE,FALSE,FALSE,Standard Rate,Standard Rate,,10,,
D59FLAMRETAACI2-46-NVB,D59 Flame Retardant & Acid Resist Trouser with Reflective Tape,,TRUE,1,259,297.85,231,265.65,,,,,,,,,,,FALSE,FALSE,FALSE,Standard Rate,Standard Rate,,10,,
D59FLAMRETAACI2-48-NVB,D59 Flame Retardant & Acid Resist Trouser with Reflective Tape,,TRUE,1,259,297.85,231,265.65,,,,,,,,,,,FALSE,FALSE,FALSE,Standard Rate,Standard Rate,,10,,
D59FLAMRETAACI2-50-NVB,D59 Flame Retardant & Acid Resist Trouser with Reflective Tape,,TRUE,1,259,297.85,231,265.65,,,,,,,,,,,FALSE,FALSE,FALSE,Standard Rate,Standard Rate,,10,,
13-1002745A-32-NVB,D59 Flame Retardant & Acid Resist Boilers Suit,,TRUE,1,667.8,767.97,596.25,685.69,,,,,,,,,,,FALSE,FALSE,FALSE,Standard Rate,Standard Rate,,10,,
13-1002745A-34-NVB,D59 Flame Retardant & Acid Resist Boilers Suit,,TRUE,1,667.8,767.97,596.25,685.69,,,,,,,,,,,FALSE,FALSE,FALSE,Standard Rate,Standard Rate,,10,,
13-1002745A-36-NVB,D59 Flame Retardant & Acid Resist Boilers Suit,,TRUE,1,667.8,767.97,596.25,685.69,,,,,,,,,,,FALSE,FALSE,FALSE,Standard Rate,Standard Rate,,10,,
13-1002745A-38-NVB,D59 Flame Retardant & Acid Resist Boilers Suit,,TRUE,1,667.8,767.97,596.25,685.69,,,,,,,,,,,FALSE,FALSE,FALSE,Standard Rate,Standard Rate,,10,,
13-1002745A-40-NVB,D59 Flame Retardant & Acid Resist Boilers Suit,,TRUE,1,667.8,767.97,596.25,685.69,,,,,,,,,,,FALSE,FALSE,FALSE,Standard Rate,Standard Rate,,10,,
13-1002745A-42-NVB,D59 Flame Retardant & Acid Resist Boilers Suit,,TRUE,1,667.8,767.97,596.25,685.69,,,,,,,,,,,FALSE,FALSE,FALSE,Standard Rate,Standard Rate,,10,,
13-1002745A-44-NVB,D59 Flame Retardant & Acid Resist Boilers Suit,,TRUE,1,667.8,767.97,596.25,685.69,,,,,,,,,,,FALSE,FALSE,FALSE,Standard Rate,Standard Rate,,10,,
13-1002745A-46-NVB,D59 Flame Retardant & Acid Resist Boilers Suit,,TRUE,1,667.8,767.97,596.25,685.69,,,,,,,,,,,FALSE,FALSE,FALSE,Standard Rate,Standard Rate,,10,,
13-1002745A-48-NVB,D59 Flame Retardant & Acid Resist Boilers Suit,,TRUE,1,667.8,767.97,596.25,685.69,,,,,,,,,,,FALSE,FALSE,FALSE,Standard Rate,Standard Rate,,10,,
13-1002745A-50-NVB,D59 Flame Retardant & Acid Resist Boilers Suit,,TRUE,1,667.8,767.97,596.25,685.69,,,,,,,,,,,FALSE,FALSE,FALSE,Standard Rate,Standard Rate,,10,,
13-1002745A-52-NVB,D59 Flame Retardant & Acid Resist Boilers Suit,,TRUE,1,667.8,767.97,596.25,685.69,,,,,,,,,,,FALSE,FALSE,FALSE,Standard Rate,Standard Rate,,10,,
13-1002745A-54-NVB,D59 Flame Retardant & Acid Resist Boilers Suit,,TRUE,1,667.8,767.97,596.25,685.69,,,,,,,,,,,FALSE,FALSE,FALSE,Standard Rate,Standard Rate,,10,,
D59FLAMRETACON-32-G,D59 Flame Retardant Conti Suit,,TRUE,1,596,685.4,393,451.95,,,,,,,,,,,FALSE,FALSE,FALSE,Standard Rate,Standard Rate,,10,,
D59FLAMRETACON-34-G,D59 Flame Retardant Conti Suit,,TRUE,1,596,685.4,393,451.95,,,,,,,,,,,FALSE,FALSE,FALSE,Standard Rate,Standard Rate,,10,,
D59FLAMRETACON-36-G,D59 Flame Retardant Conti Suit,,TRUE,1,596,685.4,393,451.95,,,,,,,,,,,FALSE,FALSE,FALSE,Standard Rate,Standard Rate,,10,,
D59FLAMRETACON-38-G,D59 Flame Retardant Conti Suit,,TRUE,1,596,685.4,393,451.95,,,,,,,,,,,FALSE,FALSE,FALSE,Standard Rate,Standard Rate,,10,,
D59FLAMRETACON-40-G,D59 Flame Retardant Conti Suit,,TRUE,1,596,685.4,393,451.95,,,,,,,,,,,FALSE,FALSE,FALSE,Standard Rate,Standard Rate,,10,,
D59FLAMRETACON-42-G,D59 Flame Retardant Conti Suit,,TRUE,1,596,685.4,393,451.95,,,,,,,,,,,FALSE,FALSE,FALSE,Standard Rate,Standard Rate,,10,,
D59FLAMRETACON-44-G,D59 Flame Retardant Conti Suit,,TRUE,1,596,685.4,393,451.95,,,,,,,,,,,FALSE,FALSE,FALSE,Standard Rate,Standard Rate,,10,,
D59FLAMRETACON-46-G,D59 Flame Retardant Conti Suit,,TRUE,1,596,685.4,393,451.95,,,,,,,,,,,FALSE,FALSE,FALSE,Standard Rate,Standard Rate,,10,,
D59FLAMRETACON-48-G,D59 Flame Retardant Conti Suit,,TRUE,1,596,685.4,393,451.95,,,,,,,,,,,FALSE,FALSE,FALSE,Standard Rate,Standard Rate,,10,,
D59FLAMRETACON-50-G,D59 Flame Retardant Conti Suit,,TRUE,1,596,685.4,393,451.95,,,,,,,,,,,FALSE,FALSE,FALSE,Standard Rate,Standard Rate,,10,,
D59FLAMRETACON-52-G,D59 Flame Retardant Conti Suit,,TRUE,1,596,685.4,393,451.95,,,,,,,,,,,FALSE,FALSE,FALSE,Standard Rate,Standard Rate,,10,,
D59FLAMRETACON-54-G,D59 Flame Retardant Conti Suit,,TRUE,1,596,685.4,393,451.95,,,,,,,,,,,FALSE,FALSE,FALSE,Standard Rate,Standard Rate,,10,,
J54CONTSUIT100-32-RYB,J54 Conti Suit 100% Cotton,,TRUE,1,251,288.65,224,257.6,,,,,,,,,,,FALSE,FALSE,FALSE,Standard Rate,Standard Rate,,10,,
J54CONTSUIT100-34-RYB,J54 Conti Suit 100% Cotton,,TRUE,1,251,288.65,224,257.6,,,,,,,,,,,FALSE,FALSE,FALSE,Standard Rate,Standard Rate,,10,,
J54CONTSUIT100-36-RYB,J54 Conti Suit 100% Cotton,,TRUE,1,251,288.65,224,257.6,,,,,,,,,,,FALSE,FALSE,FALSE,Standard Rate,Standard Rate,,10,,
J54CONTSUIT100-38-RYB,J54 Conti Suit 100% Cotton,,TRUE,1,251,288.65,224,257.6,,,,,,,,,,,FALSE,FALSE,FALSE,Standard Rate,Standard Rate,,10,,
J54CONTSUIT100-40-RYB,J54 Conti Suit 100% Cotton,,TRUE,1,251,288.65,224,257.6,,,,,,,,,,,FALSE,FALSE,FALSE,Standard Rate,Standard Rate,,10,,
J54CONTSUIT100-42-RYB,J54 Conti Suit 100% Cotton,,TRUE,1,251,288.65,224,257.6,,,,,,,,,,,FALSE,FALSE,FALSE,Standard Rate,Standard Rate,,10,,
J54CONTSUIT100-44-RYB,J54 Conti Suit 100% Cotton,,TRUE,1,251,288.65,224,257.6,,,,,,,,,,,FALSE,FALSE,FALSE,Standard Rate,Standard Rate,,10,,
J54CONTSUIT100-46-RYB,J54 Conti Suit 100% Cotton,,TRUE,1,251,288.65,224,257.6,,,,,,,,,,,FALSE,FALSE,FALSE,Standard Rate,Standard Rate,,10,,
J54CONTSUIT100-48-RYB,J54 Conti Suit 100% Cotton,,TRUE,1,251,288.65,224,257.6,,,,,,,,,,,FALSE,FALSE,FALSE,Standard Rate,Standard Rate,,10,,
J54CONTSUIT100-50-RYB,J54 Conti Suit 100% Cotton,,TRUE,1,251,288.65,224,257.6,,,,,,,,,,,FALSE,FALSE,FALSE,Standard Rate,Standard Rate,,10,,
J54CONTSUIT100-52-RYB,J54 Conti Suit 100% Cotton,,TRUE,1,251,288.65,224,257.6,,,,,,,,,,,FALSE,FALSE,FALSE,Standard Rate,Standard Rate,,10,,
J54CONTSUIT100-54-RYB,J54 Conti Suit 100% Cotton,,TRUE,1,251,288.65,224,257.6,,,,,,,,,,,FALSE,FALSE,FALSE,Standard Rate,Standard Rate,,10,,
J54CONTSUIT1002-32-RYB,J54 Conti Suit 100% Cotton with Reflective,,TRUE,1,263,302.45,235,270.25,,,,,,,,,,,FALSE,FALSE,FALSE,Standard Rate,Standard Rate,,10,,
J54CONTSUIT1002-34-RYB,J54 Conti Suit 100% Cotton with Reflective,,TRUE,1,263,302.45,235,270.25,,,,,,,,,,,FALSE,FALSE,FALSE,Standard Rate,Standard Rate,,10,,
J54CONTSUIT1002-36-RYB,J54 Conti Suit 100% Cotton with Reflective,,TRUE,1,263,302.45,235,270.25,,,,,,,,,,,FALSE,FALSE,FALSE,Standard Rate,Standard Rate,,10,,
J54CONTSUIT1002-38-RYB,J54 Conti Suit 100% Cotton with Reflective,,TRUE,1,263,302.45,235,270.25,,,,,,,,,,,FALSE,FALSE,FALSE,Standard Rate,Standard Rate,,10,,
J54CONTSUIT1002-40-RYB,J54 Conti Suit 100% Cotton with Reflective,,TRUE,1,263,302.45,235,270.25,,,,,,,,,,,FALSE,FALSE,FALSE,Standard Rate,Standard Rate,,10,,
J54CONTSUIT1002-42-RYB,J54 Conti Suit 100% Cotton with Reflective,,TRUE,1,263,302.45,235,270.25,,,,,,,,,,,FALSE,FALSE,FALSE,Standard Rate,Standard Rate,,10,,
J54CONTSUIT1002-44-RYB,J54 Conti Suit 100% Cotton with Reflective,,TRUE,1,263,302.45,235,270.25,,,,,,,,,,,FALSE,FALSE,FALSE,Standard Rate,Standard Rate,,10,,
J54CONTSUIT1002-46-RYB,J54 Conti Suit 100% Cotton with Reflective,,TRUE,1,263,302.45,235,270.25,,,,,,,,,,,FALSE,FALSE,FALSE,Standard Rate,Standard Rate,,10,,
J54CONTSUIT1002-48-RYB,J54 Conti Suit 100% Cotton with Reflective,,TRUE,1,263,302.45,235,270.25,,,,,,,,,,,FALSE,FALSE,FALSE,Standard Rate,Standard Rate,,10,,
J54CONTSUIT1002-50-RYB,J54 Conti Suit 100% Cotton with Reflective,,TRUE,1,263,302.45,235,270.25,,,,,,,,,,,FALSE,FALSE,FALSE,Standard Rate,Standard Rate,,10,,
J54CONTSUIT1002-52-RYB,J54 Conti Suit 100% Cotton with Reflective,,TRUE,1,263,302.45,235,270.25,,,,,,,,,,,FALSE,FALSE,FALSE,Standard Rate,Standard Rate,,10,,
J54CONTSUIT1002-54-RYB,J54 Conti Suit 100% Cotton with Reflective,,TRUE,1,263,302.45,235,270.25,,,,,,,,,,,FALSE,FALSE,FALSE,Standard Rate,Standard Rate,,10,,
DENICONTSUIT-32-NVB,Denim Conti Suit,,TRUE,1,245,281.75,219,251.85,,,,,,,,,,,FALSE,FALSE,FALSE,Standard Rate,Standard Rate,,10,,
DENICONTSUIT-34-NVB,Denim Conti Suit,,TRUE,1,245,281.75,219,251.85,,,,,,,,,,,FALSE,FALSE,FALSE,Standard Rate,Standard Rate,,10,,
DENICONTSUIT-36-NVB,Denim Conti Suit,,TRUE,1,245,281.75,219,251.85,,,,,,,,,,,FALSE,FALSE,FALSE,Standard Rate,Standard Rate,,10,,
DENICONTSUIT-38-NVB,Denim Conti Suit,,TRUE,1,245,281.75,219,251.85,,,,,,,,,,,FALSE,FALSE,FALSE,Standard Rate,Standard Rate,,10,,
DENICONTSUIT-40-NVB,Denim Conti Suit,,TRUE,1,245,281.75,219,251.85,,,,,,,,,,,FALSE,FALSE,FALSE,Standard Rate,Standard Rate,,10,,
DENICONTSUIT-42-NVB,Denim Conti Suit,,TRUE,1,245,281.75,219,251.85,,,,,,,,,,,FALSE,FALSE,FALSE,Standard Rate,Standard Rate,,10,,
DENICONTSUIT-44-NVB,Denim Conti Suit,,TRUE,1,245,281.75,219,251.85,,,,,,,,,,,FALSE,FALSE,FALSE,Standard Rate,Standard Rate,,10,,
DENICONTSUIT-46-NVB,Denim Conti Suit,,TRUE,1,245,281.75,219,251.85,,,,,,,,,,,FALSE,FALSE,FALSE,Standard Rate,Standard Rate,,10,,
DENICONTSUIT-48-NVB,Denim Conti Suit,,TRUE,1,245,281.75,219,251.85,,,,,,,,,,,FALSE,FALSE,FALSE,Standard Rate,Standard Rate,,10,,
DENICONTSUIT-50-NVB,Denim Conti Suit,,TRUE,1,245,281.75,219,251.85,,,,,,,,,,,FALSE,FALSE,FALSE,Standard Rate,Standard Rate,,10,,
DENICONTSUIT-52-NVB,Denim Conti Suit,,TRUE,1,245,281.75,219,251.85,,,,,,,,,,,FALSE,FALSE,FALSE,Standard Rate,Standard Rate,,10,,
DENICONTSUIT-54-NVB,Denim Conti Suit,,TRUE,1,245,281.75,219,251.85,,,,,,,,,,,FALSE,FALSE,FALSE,Standard Rate,Standard Rate,,10,,
13-1002797A-32-DKG,Acid Resistant Conti Suit,,TRUE,1,292.5,336.375,273,313.95,,,,,,,,,,,FALSE,FALSE,FALSE,Standard Rate,Standard Rate,,10,,
13-1002797A-34-DKG,Acid Resistant Conti Suit,,TRUE,1,292.5,336.375,273,313.95,,,,,,,,,,,FALSE,FALSE,FALSE,Standard Rate,Standard Rate,,10,,
13-1002797A-36-DKG,Acid Resistant Conti Suit,,TRUE,1,292.5,336.375,273,313.95,,,,,,,,,,,FALSE,FALSE,FALSE,Standard Rate,Standard Rate,,10,,
13-1002797A-38-DKG,Acid Resistant Conti Suit,,TRUE,1,292.5,336.375,273,313.95,,,,,,,,,,,FALSE,FALSE,FALSE,Standard Rate,Standard Rate,,10,,
13-1002797A-40-DKG,Acid Resistant Conti Suit,,TRUE,1,292.5,336.375,273,313.95,,,,,,,,,,,FALSE,FALSE,FALSE,Standard Rate,Standard Rate,,10,,
13-1002797A-42-DKG,Acid Resistant Conti Suit,,TRUE,1,292.5,336.375,273,313.95,,,,,,,,,,,FALSE,FALSE,FALSE,Standard Rate,Standard Rate,,10,,
13-1002797A-44-DKG,Acid Resistant Conti Suit,,TRUE,1,292.5,336.375,273,313.95,,,,,,,,,,,FALSE,FALSE,FALSE,Standard Rate,Standard Rate,,10,,
13-1002797A-46-DKG,Acid Resistant Conti Suit,,TRUE,1,292.5,336.375,273,313.95,,,,,,,,,,,FALSE,FALSE,FALSE,Standard Rate,Standard Rate,,10,,
13-1002797A-48-DKG,Acid Resistant Conti Suit,,TRUE,1,292.5,336.375,273,313.95,,,,,,,,,,,FALSE,FALSE,FALSE,Standard Rate,Standard Rate,,10,,
13-1002797A-50-DKG,Acid Resistant Conti Suit,,TRUE,1,292.5,336.375,273,313.95,,,,,,,,,,,FALSE,FALSE,FALSE,Standard Rate,Standard Rate,,10,,
13-1002797A-52-DKG,Acid Resistant Conti Suit,,TRUE,1,292.5,336.375,273,313.95,,,,,,,,,,,FALSE,FALSE,FALSE,Standard Rate,Standard Rate,,10,,
13-1002797A-54-DKG,Acid Resistant Conti Suit,,TRUE,1,292.5,336.375,273,313.95,,,,,,,,,,,FALSE,FALSE,FALSE,Standard Rate,Standard Rate,,10,,
13-10027971A-32-DKG,Acid Resistant Conti Suit with Reflective,,TRUE,1,307.5,353.625,287,330.05,,,,,,,,,,,FALSE,FALSE,FALSE,Standard Rate,Standard Rate,,10,,
13-10027971A-34-DKG,Acid Resistant Conti Suit with Reflective,,TRUE,1,307.5,353.625,287,330.05,,,,,,,,,,,FALSE,FALSE,FALSE,Standard Rate,Standard Rate,,10,,
13-10027971A-36-DKG,Acid Resistant Conti Suit with Reflective,,TRUE,1,307.5,353.625,287,330.05,,,,,,,,,,,FALSE,FALSE,FALSE,Standard Rate,Standard Rate,,10,,
13-10027971A-38-DKG,Acid Resistant Conti Suit with Reflective,,TRUE,1,307.5,353.625,287,330.05,,,,,,,,,,,FALSE,FALSE,FALSE,Standard Rate,Standard Rate,,10,,
13-10027971A-40-DKG,Acid Resistant Conti Suit with Reflective,,TRUE,1,307.5,353.625,287,330.05,,,,,,,,,,,FALSE,FALSE,FALSE,Standard Rate,Standard Rate,,10,,
13-10027971A-42-DKG,Acid Resistant Conti Suit with Reflective,,TRUE,1,307.5,353.625,287,330.05,,,,,,,,,,,FALSE,FALSE,FALSE,Standard Rate,Standard Rate,,10,,
13-10027971A-44-DKG,Acid Resistant Conti Suit with Reflective,,TRUE,1,307.5,353.625,287,330.05,,,,,,,,,,,FALSE,FALSE,FALSE,Standard Rate,Standard Rate,,10,,
13-10027971A-46-DKG,Acid Resistant Conti Suit with Reflective,,TRUE,1,307.5,353.625,287,330.05,,,,,,,,,,,FALSE,FALSE,FALSE,Standard Rate,Standard Rate,,10,,
13-10027971A-48-DKG,Acid Resistant Conti Suit with Reflective,,TRUE,1,307.5,353.625,287,330.05,,,,,,,,,,,FALSE,FALSE,FALSE,Standard Rate,Standard Rate,,10,,
13-10027971A-50-DKG,Acid Resistant Conti Suit with Reflective,,TRUE,1,307.5,353.625,287,330.05,,,,,,,,,,,FALSE,FALSE,FALSE,Standard Rate,Standard Rate,,10,,
13-10027971A-52-DKG,Acid Resistant Conti Suit with Reflective,,TRUE,1,307.5,353.625,287,330.05,,,,,,,,,,,FALSE,FALSE,FALSE,Standard Rate,Standard Rate,,10,,
13-10027971A-54-DKG,Acid Resistant Conti Suit with Reflective,,TRUE,1,307.5,353.625,287,330.05,,,,,,,,,,,FALSE,FALSE,FALSE,Standard Rate,Standard Rate,,10,,
13-1002299C-S-RYB,Dust Coat Long Sleeve,,TRUE,1,105,120.75,94,108.1,,,,,,,,,,,FALSE,FALSE,FALSE,Standard Rate,Standard Rate,,10,,
13-1002299C-M-RYB,Dust Coat Long Sleeve,,TRUE,1,105,120.75,94,108.1,,,,,,,,,,,FALSE,FALSE,FALSE,Standard Rate,Standard Rate,,10,,
13-1002299C-L-RYB,Dust Coat Long Sleeve,,TRUE,1,105,120.75,94,108.1,,,,,,,,,,,FALSE,FALSE,FALSE,Standard Rate,Standard Rate,,10,,
13-1002299C-XL-RYB,Dust Coat Long Sleeve,,TRUE,1,105,120.75,94,108.1,,,,,,,,,,,FALSE,FALSE,FALSE,Standard Rate,Standard Rate,,10,,
13-1002299C-2XL-RYB,Dust Coat Long Sleeve,,TRUE,1,105,120.75,94,108.1,,,,,,,,,,,FALSE,FALSE,FALSE,Standard Rate,Standard Rate,,10,,
13-1002299C-3XL-RYB,Dust Coat Long Sleeve,,TRUE,1,105,120.75,94,108.1,,,,,,,,,,,FALSE,FALSE,FALSE,Standard Rate,Standard Rate,,10,,
13-1002299C-4XL-RYB,Dust Coat Long Sleeve,,TRUE,1,105,120.75,94,108.1,,,,,,,,,,,FALSE,FALSE,FALSE,Standard Rate,Standard Rate,,10,,
13-1002299D-S-N,Dust Coat Long Sleeve,,TRUE,1,105,120.75,94,108.1,,,,,,,,,,,FALSE,FALSE,FALSE,Standard Rate,Standard Rate,,10,,
13-1002299D-M-N,Dust Coat Long Sleeve,,TRUE,1,105,120.75,94,108.1,,,,,,,,,,,FALSE,FALSE,FALSE,Standard Rate,Standard Rate,,10,,
13-1002299D-L-N,Dust Coat Long Sleeve,,TRUE,1,105,120.75,94,108.1,,,,,,,,,,,FALSE,FALSE,FALSE,Standard Rate,Standard Rate,,10,,
13-1002299D-XL-N,Dust Coat Long Sleeve,,TRUE,1,105,120.75,94,108.1,,,,,,,,,,,FALSE,FALSE,FALSE,Standard Rate,Standard Rate,,10,,
13-1002299D-2XL-N,Dust Coat Long Sleeve,,TRUE,1,105,120.75,94,108.1,,,,,,,,,,,FALSE,FALSE,FALSE,Standard Rate,Standard Rate,,10,,
13-1002299D-3XL-N,Dust Coat Long Sleeve,,TRUE,1,105,120.75,94,108.1,,,,,,,,,,,FALSE,FALSE,FALSE,Standard Rate,Standard Rate,,10,,
13-1002299D-4XL-N,Dust Coat Long Sleeve,,TRUE,1,105,120.75,94,108.1,,,,,,,,,,,FALSE,FALSE,FALSE,Standard Rate,Standard Rate,,10,,
13-1002299E-S-W,Dust Coat Long Sleeve,,TRUE,1,112,128.8,100,115,,,,,,,,,,,FALSE,FALSE,FALSE,Standard Rate,Standard Rate,,10,,
13-1002299E-M-W,Dust Coat Long Sleeve,,TRUE,1,112,128.8,100,115,,,,,,,,,,,FALSE,FALSE,FALSE,Standard Rate,Standard Rate,,10,,
13-1002299E-L-W,Dust Coat Long Sleeve,,TRUE,1,112,128.8,100,115,,,,,,,,,,,FALSE,FALSE,FALSE,Standard Rate,Standard Rate,,10,,
13-1002299E-XL-W,Dust Coat Long Sleeve,,TRUE,1,112,128.8,100,115,,,,,,,,,,,FALSE,FALSE,FALSE,Standard Rate,Standard Rate,,10,,
13-1002299E-2XL-W,Dust Coat Long Sleeve,,TRUE,1,112,128.8,100,115,,,,,,,,,,,FALSE,FALSE,FALSE,Standard Rate,Standard Rate,,10,,
13-1002299E-3XL-W,Dust Coat Long Sleeve,,TRUE,1,112,128.8,100,115,,,,,,,,,,,FALSE,FALSE,FALSE,Standard Rate,Standard Rate,,10,,
13-1002299E-4XL-W,Dust Coat Long Sleeve,,TRUE,1,112,128.8,100,115,,,,,,,,,,,FALSE,FALSE,FALSE,Standard Rate,Standard Rate,,10,,
13-1002381A-S-RYB,Lady'S Canteen Coat Short Sleeve,,TRUE,1,112.5,129.375,105,120.75,,,,,,,,,,,FALSE,FALSE,FALSE,Standard Rate,Standard Rate,,10,,
13-1002381A-M-RYB,Lady'S Canteen Coat Short Sleeve,,TRUE,1,112.5,129.375,105,120.75,,,,,,,,,,,FALSE,FALSE,FALSE,Standard Rate,Standard Rate,,10,,
13-1002381A-L-RYB,Lady'S Canteen Coat Short Sleeve,,TRUE,1,112.5,129.375,105,120.75,,,,,,,,,,,FALSE,FALSE,FALSE,Standard Rate,Standard Rate,,10,,
13-1002381A-XL-RYB,Lady'S Canteen Coat Short Sleeve,,TRUE,1,112.5,129.375,105,120.75,,,,,,,,,,,FALSE,FALSE,FALSE,Standard Rate,Standard Rate,,10,,
13-1002381A-2XL-RYB,Lady'S Canteen Coat Short Sleeve,,TRUE,1,112.5,129.375,105,120.75,,,,,,,,,,,FALSE,FALSE,FALSE,Standard Rate,Standard Rate,,10,,
13-1002381A-3XL-RYB,Lady'S Canteen Coat Short Sleeve,,TRUE,1,112.5,129.375,105,120.75,,,,,,,,,,,FALSE,FALSE,FALSE,Standard Rate,Standard Rate,,10,,
13-1002381A-4XL-RYB,Lady'S Canteen Coat Short Sleeve,,TRUE,1,112.5,129.375,105,120.75,,,,,,,,,,,FALSE,FALSE,FALSE,Standard Rate,Standard Rate,,10,,
13-1002382A-S-G,Lady'S Canteen Coat Short Sleeve,,TRUE,1,112.5,129.375,105,120.75,,,,,,,,,,,FALSE,FALSE,FALSE,Standard Rate,Standard Rate,,10,,
13-1002382A-M-G,Lady'S Canteen Coat Short Sleeve,,TRUE,1,112.5,129.375,105,120.75,,,,,,,,,,,FALSE,FALSE,FALSE,Standard Rate,Standard Rate,,10,,
13-1002382A-L-G,Lady'S Canteen Coat Short Sleeve,,TRUE,1,112.5,129.375,105,120.75,,,,,,,,,,,FALSE,FALSE,FALSE,Standard Rate,Standard Rate,,10,,
13-1002382A-XL-G,Lady'S Canteen Coat Short Sleeve,,TRUE,1,112.5,129.375,105,120.75,,,,,,,,,,,FALSE,FALSE,FALSE,Standard Rate,Standard Rate,,10,,
13-1002382A-2XL-G,Lady'S Canteen Coat Short Sleeve,,TRUE,1,112.5,129.375,105,120.75,,,,,,,,,,,FALSE,FALSE,FALSE,Standard Rate,Standard Rate,,10,,
13-1002382A-3XL-G,Lady'S Canteen Coat Short Sleeve,,TRUE,1,112.5,129.375,105,120.75,,,,,,,,,,,FALSE,FALSE,FALSE,Standard Rate,Standard Rate,,10,,
13-1002382A-4XL-G,Lady'S Canteen Coat Short Sleeve,,TRUE,1,112.5,129.375,105,120.75,,,,,,,,,,,FALSE,FALSE,FALSE,Standard Rate,Standard Rate,,10,,
13-1002746A-32-RYB,Boiler Suit Polycotton,,TRUE,1,180,207,168,193.2,,,,,,,,,,,FALSE,FALSE,FALSE,Standard Rate,Standard Rate,,10,,
13-1002746A-34-RYB,Boiler Suit Polycotton,,TRUE,1,180,207,168,193.2,,,,,,,,,,,FALSE,FALSE,FALSE,Standard Rate,Standard Rate,,10,,
13-1002746A-36-RYB,Boiler Suit Polycotton,,TRUE,1,180,207,168,193.2,,,,,,,,,,,FALSE,FALSE,FALSE,Standard Rate,Standard Rate,,10,,
13-1002746A-38-RYB,Boiler Suit Polycotton,,TRUE,1,180,207,168,193.2,,,,,,,,,,,FALSE,FALSE,FALSE,Standard Rate,Standard Rate,,10,,
13-1002746A-40-RYB,Boiler Suit Polycotton,,TRUE,1,180,207,168,193.2,,,,,,,,,,,FALSE,FALSE,FALSE,Standard Rate,Standard Rate,,10,,
13-1002746A-42-RYB,Boiler Suit Polycotton,,TRUE,1,180,207,168,193.2,,,,,,,,,,,FALSE,FALSE,FALSE,Standard Rate,Standard Rate,,10,,
13-1002746A-44-RYB,Boiler Suit Polycotton,,TRUE,1,180,207,168,193.2,,,,,,,,,,,FALSE,FALSE,FALSE,Standard Rate,Standard Rate,,10,,
13-1002746A-46-RYB,Boiler Suit Polycotton,,TRUE,1,180,207,168,193.2,,,,,,,,,,,FALSE,FALSE,FALSE,Standard Rate,Standard Rate,,10,,
13-1002746A-48-RYB,Boiler Suit Polycotton,,TRUE,1,180,207,168,193.2,,,,,,,,,,,FALSE,FALSE,FALSE,Standard Rate,Standard Rate,,10,,
13-1002746A-50-RYB,Boiler Suit Polycotton,,TRUE,1,180,207,168,193.2,,,,,,,,,,,FALSE,FALSE,FALSE,Standard Rate,Standard Rate,,10,,
13-1002746A-52-RYB,Boiler Suit Polycotton,,TRUE,1,180,207,168,193.2,,,,,,,,,,,FALSE,FALSE,FALSE,Standard Rate,Standard Rate,,10,,
13-1002746A-54-RYB,Boiler Suit Polycotton,,TRUE,1,180,207,168,193.2,,,,,,,,,,,FALSE,FALSE,FALSE,Standard Rate,Standard Rate,,10,,
13-100280-B,Denim Apron,,TRUE,1,154,177.1,137.5,158.13,,,,,,,,,,,FALSE,FALSE,FALSE,Standard Rate,Standard Rate,,10,,
13-1002747A-30-B,Man'S Work Jean,,TRUE,1,249.2,286.58,222.5,255.88,,,,,,,,,,,FALSE,FALSE,FALSE,Standard Rate,Standard Rate,,10,,
13-1002747A-32-B,Man'S Work Jean,,TRUE,1,249.2,286.58,222.5,255.88,,,,,,,,,,,FALSE,FALSE,FALSE,Standard Rate,Standard Rate,,10,,
13-1002747A-34-B,Man'S Work Jean,,TRUE,1,249.2,286.58,222.5,255.88,,,,,,,,,,,FALSE,FALSE,FALSE,Standard Rate,Standard Rate,,10,,
13-1002747A-36-B,Man'S Work Jean,,TRUE,1,249.2,286.58,222.5,255.88,,,,,,,,,,,FALSE,FALSE,FALSE,Standard Rate,Standard Rate,,10,,
13-1002747A-38-B,Man'S Work Jean,,TRUE,1,249.2,286.58,222.5,255.88,,,,,,,,,,,FALSE,FALSE,FALSE,Standard Rate,Standard Rate,,10,,
13-1002747A-40-B,Man'S Work Jean,,TRUE,1,249.2,286.58,222.5,255.88,,,,,,,,,,,FALSE,FALSE,FALSE,Standard Rate,Standard Rate,,10,,
13-1002747A-42-B,Man'S Work Jean,,TRUE,1,249.2,286.58,222.5,255.88,,,,,,,,,,,FALSE,FALSE,FALSE,Standard Rate,Standard Rate,,10,,
13-1002747A-44-B,Man'S Work Jean,,TRUE,1,249.2,286.58,222.5,255.88,,,,,,,,,,,FALSE,FALSE,FALSE,Standard Rate,Standard Rate,,10,,
13-1002747A-46-B,Man'S Work Jean,,TRUE,1,249.2,286.58,222.5,255.88,,,,,,,,,,,FALSE,FALSE,FALSE,Standard Rate,Standard Rate,,10,,
13-1002747A-48-B,Man'S Work Jean,,TRUE,1,249.2,286.58,222.5,255.88,,,,,,,,,,,FALSE,FALSE,FALSE,Standard Rate,Standard Rate,,10,,
13-1002747A-50-B,Man'S Work Jean,,TRUE,1,249.2,286.58,222.5,255.88,,,,,,,,,,,FALSE,FALSE,FALSE,Standard Rate,Standard Rate,,10,,
13-1002747A-52-B,Man'S Work Jean,,TRUE,1,249.2,286.58,222.5,255.88,,,,,,,,,,,FALSE,FALSE,FALSE,Standard Rate,Standard Rate,,10,,
13-TT-30-BLKGY,Technical Trouser,,TRUE,1,448,515.2,400,460,,,,,,,,,,,FALSE,FALSE,FALSE,Standard Rate,Standard Rate,,10,,
13-TT-32-BLKGY,Technical Trouser,,TRUE,1,448,515.2,400,460,,,,,,,,,,,FALSE,FALSE,FALSE,Standard Rate,Standard Rate,,10,,
13-TT-34-BLKGY,Technical Trouser,,TRUE,1,448,515.2,400,460,,,,,,,,,,,FALSE,FALSE,FALSE,Standard Rate,Standard Rate,,10,,
13-TT-36-BLKGY,Technical Trouser,,TRUE,1,448,515.2,400,460,,,,,,,,,,,FALSE,FALSE,FALSE,Standard Rate,Standard Rate,,10,,
13-TT-38-BLKGY,Technical Trouser,,TRUE,1,448,515.2,400,460,,,,,,,,,,,FALSE,FALSE,FALSE,Standard Rate,Standard Rate,,10,,
13-TT-40-BLKGY,Technical Trouser,,TRUE,1,448,515.2,400,460,,,,,,,,,,,FALSE,FALSE,FALSE,Standard Rate,Standard Rate,,10,,
13-TT-42-BLKGY,Technical Trouser,,TRUE,1,448,515.2,400,460,,,,,,,,,,,FALSE,FALSE,FALSE,Standard Rate,Standard Rate,,10,,
13-TT-44-BLKGY,Technical Trouser,,TRUE,1,448,515.2,400,460,,,,,,,,,,,FALSE,FALSE,FALSE,Standard Rate,Standard Rate,,10,,
13-TT-46-BLKGY,Technical Trouser,,TRUE,1,448,515.2,400,460,,,,,,,,,,,FALSE,FALSE,FALSE,Standard Rate,Standard Rate,,10,,
13-CARGNV-30-N,Cargo Pants Duratex 65/35,,TRUE,1,266,305.9,238,273.7,,,,,,,,,,,FALSE,FALSE,FALSE,Standard Rate,Standard Rate,,10,,
13-CARGNV-32-N,Cargo Pants Duratex 65/35,,TRUE,1,266,305.9,238,273.7,,,,,,,,,,,FALSE,FALSE,FALSE,Standard Rate,Standard Rate,,10,,
13-CARGNV-34-N,Cargo Pants Duratex 65/35,,TRUE,1,266,305.9,238,273.7,,,,,,,,,,,FALSE,FALSE,FALSE,Standard Rate,Standard Rate,,10,,
13-CARGNV-36-N,Cargo Pants Duratex 65/35,,TRUE,1,266,305.9,238,273.7,,,,,,,,,,,FALSE,FALSE,FALSE,Standard Rate,Standard Rate,,10,,
13-CARGNV-38-N,Cargo Pants Duratex 65/35,,TRUE,1,266,305.9,238,273.7,,,,,,,,,,,FALSE,FALSE,FALSE,Standard Rate,Standard Rate,,10,,
13-CARGNV-40-N,Cargo Pants Duratex 65/35,,TRUE,1,266,305.9,238,273.7,,,,,,,,,,,FALSE,FALSE,FALSE,Standard Rate,Standard Rate,,10,,
13-CARGNV-42-N,Cargo Pants Duratex 65/35,,TRUE,1,266,305.9,238,273.7,,,,,,,,,,,FALSE,FALSE,FALSE,Standard Rate,Standard Rate,,10,,
13-CARGNV-44-N,Cargo Pants Duratex 65/35,,TRUE,1,266,305.9,238,273.7,,,,,,,,,,,FALSE,FALSE,FALSE,Standard Rate,Standard Rate,,10,,
13-CARGKH-30-K,Cargo Pants Duratex 65/35,,TRUE,1,266,305.9,238,273.7,,,,,,,,,,,FALSE,FALSE,FALSE,Standard Rate,Standard Rate,,10,,
13-CARGKH-32-K,Cargo Pants Duratex 65/35,,TRUE,1,266,305.9,238,273.7,,,,,,,,,,,FALSE,FALSE,FALSE,Standard Rate,Standard Rate,,10,,
13-CARGKH-34-K,Cargo Pants Duratex 65/35,,TRUE,1,266,305.9,238,273.7,,,,,,,,,,,FALSE,FALSE,FALSE,Standard Rate,Standard Rate,,10,,
13-CARGKH-36-K,Cargo Pants Duratex 65/35,,TRUE,1,266,305.9,238,273.7,,,,,,,,,,,FALSE,FALSE,FALSE,Standard Rate,Standard Rate,,10,,
13-CARGKH-38-K,Cargo Pants Duratex 65/35,,TRUE,1,266,305.9,238,273.7,,,,,,,,,,,FALSE,FALSE,FALSE,Standard Rate,Standard Rate,,10,,
13-CARGKH-40-K,Cargo Pants Duratex 65/35,,TRUE,1,266,305.9,238,273.7,,,,,,,,,,,FALSE,FALSE,FALSE,Standard Rate,Standard Rate,,10,,
13-CARGKH-42-K,Cargo Pants Duratex 65/35,,TRUE,1,266,305.9,238,273.7,,,,,,,,,,,FALSE,FALSE,FALSE,Standard Rate,Standard Rate,,10,,
13-CARGKH-44-K,Cargo Pants Duratex 65/35,,TRUE,1,266,305.9,238,273.7,,,,,,,,,,,FALSE,FALSE,FALSE,Standard Rate,Standard Rate,,10,,
13-1002297A-S-NO,Pinnacle Vented Reflecticve Mining Shirt 100% Cotton,,TRUE,1,279,320.85,249,286.35,,,,,,,,,,,FALSE,FALSE,FALSE,Standard Rate,Standard Rate,,10,,
13-1002297A-M-NO,Pinnacle Vented Reflecticve Mining Shirt 100% Cotton,,TRUE,1,279,320.85,249,286.35,,,,,,,,,,,FALSE,FALSE,FALSE,Standard Rate,Standard Rate,,10,,
13-1002297A-L-NO,Pinnacle Vented Reflecticve Mining Shirt 100% Cotton,,TRUE,1,279,320.85,249,286.35,,,,,,,,,,,FALSE,FALSE,FALSE,Standard Rate,Standard Rate,,10,,
13-1002297A-XL-NO,Pinnacle Vented Reflecticve Mining Shirt 100% Cotton,,TRUE,1,279,320.85,249,286.35,,,,,,,,,,,FALSE,FALSE,FALSE,Standard Rate,Standard Rate,,10,,
13-1002297A-2XL-NO,Pinnacle Vented Reflecticve Mining Shirt 100% Cotton,,TRUE,1,279,320.85,249,286.35,,,,,,,,,,,FALSE,FALSE,FALSE,Standard Rate,Standard Rate,,10,,
13-1002297A-3XL-NO,Pinnacle Vented Reflecticve Mining Shirt 100% Cotton,,TRUE,1,279,320.85,249,286.35,,,,,,,,,,,FALSE,FALSE,FALSE,Standard Rate,Standard Rate,,10,,
13-1002297B-S-NY,Vented Reflective Mining Shirt 100% Cotton S,,TRUE,1,279,320.85,249,286.35,,,,,,,,,,,FALSE,FALSE,FALSE,Standard Rate,Standard Rate,,10,,
13-1002297B-M-NY,Vented Reflective Mining Shirt 100% Cotton S,,TRUE,1,279,320.85,249,286.35,,,,,,,,,,,FALSE,FALSE,FALSE,Standard Rate,Standard Rate,,10,,
13-1002297B-L-NY,Vented Reflective Mining Shirt 100% Cotton S,,TRUE,1,279,320.85,249,286.35,,,,,,,,,,,FALSE,FALSE,FALSE,Standard Rate,Standard Rate,,10,,
13-1002297B-XL-NY,Vented Reflective Mining Shirt 100% Cotton S,,TRUE,1,279,320.85,249,286.35,,,,,,,,,,,FALSE,FALSE,FALSE,Standard Rate,Standard Rate,,10,,
13-1002297B-2XL-NY,Vented Reflective Mining Shirt 100% Cotton S,,TRUE,1,279,320.85,249,286.35,,,,,,,,,,,FALSE,FALSE,FALSE,Standard Rate,Standard Rate,,10,,
13-1002297B-3XL-NY,Vented Reflective Mining Shirt 100% Cotton S,,TRUE,1,279,320.85,249,286.35,,,,,,,,,,,FALSE,FALSE,FALSE,Standard Rate,Standard Rate,,10,,
13-1002297C-S-N,Vented Reflective Mining Shirt 100% Cotton S,,TRUE,1,279,320.85,249,286.35,,,,,,,,,,,FALSE,FALSE,FALSE,Standard Rate,Standard Rate,,10,,
13-1002297C-M-N,Vented Reflective Mining Shirt 100% Cotton S,,TRUE,1,279,320.85,249,286.35,,,,,,,,,,,FALSE,FALSE,FALSE,Standard Rate,Standard Rate,,10,,
13-1002297C-L-N,Vented Reflective Mining Shirt 100% Cotton S,,TRUE,1,279,320.85,249,286.35,,,,,,,,,,,FALSE,FALSE,FALSE,Standard Rate,Standard Rate,,10,,
13-1002297C-XL-N,Vented Reflective Mining Shirt 100% Cotton S,,TRUE,1,279,320.85,249,286.35,,,,,,,,,,,FALSE,FALSE,FALSE,Standard Rate,Standard Rate,,10,,
13-1002297C-2XL-N,Vented Reflective Mining Shirt 100% Cotton S,,TRUE,1,279,320.85,249,286.35,,,,,,,,,,,FALSE,FALSE,FALSE,Standard Rate,Standard Rate,,10,,
13-1002297C-3XL-N,Vented Reflective Mining Shirt 100% Cotton S,,TRUE,1,279,320.85,249,286.35,,,,,,,,,,,FALSE,FALSE,FALSE,Standard Rate,Standard Rate,,10,,
13-1002297D-S-RYB,Vented Reflective Mining Shirt 100% Cotton S,,TRUE,1,279,320.85,249,286.35,,,,,,,,,,,FALSE,FALSE,FALSE,Standard Rate,Standard Rate,,10,,
13-1002297D-M-RYB,Vented Reflective Mining Shirt 100% Cotton S,,TRUE,1,279,320.85,249,286.35,,,,,,,,,,,FALSE,FALSE,FALSE,Standard Rate,Standard Rate,,10,,
13-1002297D-L-RYB,Vented Reflective Mining Shirt 100% Cotton S,,TRUE,1,279,320.85,249,286.35,,,,,,,,,,,FALSE,FALSE,FALSE,Standard Rate,Standard Rate,,10,,
13-1002297D-XL-RYB,Vented Reflective Mining Shirt 100% Cotton S,,TRUE,1,279,320.85,249,286.35,,,,,,,,,,,FALSE,FALSE,FALSE,Standard Rate,Standard Rate,,10,,
13-1002297D-2XL-RYB,Vented Reflective Mining Shirt 100% Cotton S,,TRUE,1,279,320.85,249,286.35,,,,,,,,,,,FALSE,FALSE,FALSE,Standard Rate,Standard Rate,,10,,
13-1002297D-3XL-RYB,Vented Reflective Mining Shirt 100% Cotton S,,TRUE,1,279,320.85,249,286.35,,,,,,,,,,,FALSE,FALSE,FALSE,Standard Rate,Standard Rate,,10,,
13-1002298A-S-NL,Reflective Jacket 65/35 Cotton S,,TRUE,1,266,305.9,238,273.7,,,,,,,,,,,FALSE,FALSE,FALSE,Standard Rate,Standard Rate,,10,,
13-1002298A-M-NL,Reflective Jacket 65/35 Cotton S,,TRUE,1,266,305.9,238,273.7,,,,,,,,,,,FALSE,FALSE,FALSE,Standard Rate,Standard Rate,,10,,
13-1002298A-L-NL,Reflective Jacket 65/35 Cotton S,,TRUE,1,266,305.9,238,273.7,,,,,,,,,,,FALSE,FALSE,FALSE,Standard Rate,Standard Rate,,10,,
13-1002298A-XL-NL,Reflective Jacket 65/35 Cotton S,,TRUE,1,266,305.9,238,273.7,,,,,,,,,,,FALSE,FALSE,FALSE,Standard Rate,Standard Rate,,10,,
13-1002298A-2XL-NL,Reflective Jacket 65/35 Cotton S,,TRUE,1,266,305.9,238,273.7,,,,,,,,,,,FALSE,FALSE,FALSE,Standard Rate,Standard Rate,,10,,
13-1002298A-3XL-NL,Reflective Jacket 65/35 Cotton S,,TRUE,1,266,305.9,238,273.7,,,,,,,,,,,FALSE,FALSE,FALSE,Standard Rate,Standard Rate,,10,,
13-1002298B-30-NL,Reflective Trouser 65/35 Cotton,,TRUE,1,252,289.8,225,258.75,,,,,,,,,,,FALSE,FALSE,FALSE,Standard Rate,Standard Rate,,10,,
13-1002298B-32-NL,Reflective Trouser 65/35 Cotton,,TRUE,1,252,289.8,225,258.75,,,,,,,,,,,FALSE,FALSE,FALSE,Standard Rate,Standard Rate,,10,,
13-1002298B-34-NL,Reflective Trouser 65/35 Cotton,,TRUE,1,252,289.8,225,258.75,,,,,,,,,,,FALSE,FALSE,FALSE,Standard Rate,Standard Rate,,10,,
13-1002298B-36-NL,Reflective Trouser 65/35 Cotton,,TRUE,1,252,289.8,225,258.75,,,,,,,,,,,FALSE,FALSE,FALSE,Standard Rate,Standard Rate,,10,,
13-1002298B-38-NL,Reflective Trouser 65/35 Cotton,,TRUE,1,252,289.8,225,258.75,,,,,,,,,,,FALSE,FALSE,FALSE,Standard Rate,Standard Rate,,10,,
13-1002298B-40-NL,Reflective Trouser 65/35 Cotton,,TRUE,1,252,289.8,225,258.75,,,,,,,,,,,FALSE,FALSE,FALSE,Standard Rate,Standard Rate,,10,,
13-1002298B-42-NL,Reflective Trouser 65/35 Cotton,,TRUE,1,252,289.8,225,258.75,,,,,,,,,,,FALSE,FALSE,FALSE,Standard Rate,Standard Rate,,10,,
13-1002298B-44-NL,Reflective Trouser 65/35 Cotton,,TRUE,1,252,289.8,225,258.75,,,,,,,,,,,FALSE,FALSE,FALSE,Standard Rate,Standard Rate,,10,,
13-1002298B-46-NL,Reflective Trouser 65/35 Cotton,,TRUE,1,252,289.8,225,258.75,,,,,,,,,,,FALSE,FALSE,FALSE,Standard Rate,Standard Rate,,10,,
13-1002298B-48-NL,Reflective Trouser 65/35 Cotton,,TRUE,1,252,289.8,225,258.75,,,,,,,,,,,FALSE,FALSE,FALSE,Standard Rate,Standard Rate,,10,,
13-1002298B-50-NL,Reflective Trouser 65/35 Cotton,,TRUE,1,252,289.8,225,258.75,,,,,,,,,,,FALSE,FALSE,FALSE,Standard Rate,Standard Rate,,10,,
13-1002299A-S-NO,Reflective Jacket 65/35 Cotton S,,TRUE,1,266,305.9,238,273.7,,,,,,,,,,,FALSE,FALSE,FALSE,Standard Rate,Standard Rate,,10,,
13-1002299A-M-NO,Reflective Jacket 65/35 Cotton S,,TRUE,1,266,305.9,238,273.7,,,,,,,,,,,FALSE,FALSE,FALSE,Standard Rate,Standard Rate,,10,,
13-1002299A-L-NO,Reflective Jacket 65/35 Cotton S,,TRUE,1,266,305.9,238,273.7,,,,,,,,,,,FALSE,FALSE,FALSE,Standard Rate,Standard Rate,,10,,
13-1002299A-XL-NO,Reflective Jacket 65/35 Cotton S,,TRUE,1,266,305.9,238,273.7,,,,,,,,,,,FALSE,FALSE,FALSE,Standard Rate,Standard Rate,,10,,
13-1002299A-2XL-NO,Reflective Jacket 65/35 Cotton S,,TRUE,1,266,305.9,238,273.7,,,,,,,,,,,FALSE,FALSE,FALSE,Standard Rate,Standard Rate,,10,,
13-1002299A-3XL-NO,Reflective Jacket 65/35 Cotton S,,TRUE,1,266,305.9,238,273.7,,,,,,,,,,,FALSE,FALSE,FALSE,Standard Rate,Standard Rate,,10,,
13-1002299B-30-NO,Reflective Trouser 65/35 Cotton,,TRUE,1,252,289.8,225,258.75,,,,,,,,,,,FALSE,FALSE,FALSE,Standard Rate,Standard Rate,,10,,
13-1002299B-32-NO,Reflective Trouser 65/35 Cotton,,TRUE,1,252,289.8,225,258.75,,,,,,,,,,,FALSE,FALSE,FALSE,Standard Rate,Standard Rate,,10,,
13-1002299B-34-NO,Reflective Trouser 65/35 Cotton,,TRUE,1,252,289.8,225,258.75,,,,,,,,,,,FALSE,FALSE,FALSE,Standard Rate,Standard Rate,,10,,
13-1002299B-36-NO,Reflective Trouser 65/35 Cotton,,TRUE,1,252,289.8,225,258.75,,,,,,,,,,,FALSE,FALSE,FALSE,Standard Rate,Standard Rate,,10,,
13-1002299B-38-NO,Reflective Trouser 65/35 Cotton,,TRUE,1,252,289.8,225,258.75,,,,,,,,,,,FALSE,FALSE,FALSE,Standard Rate,Standard Rate,,10,,
13-1002299B-40-NO,Reflective Trouser 65/35 Cotton,,TRUE,1,252,289.8,225,258.75,,,,,,,,,,,FALSE,FALSE,FALSE,Standard Rate,Standard Rate,,10,,
13-1002299B-42-NO,Reflective Trouser 65/35 Cotton,,TRUE,1,252,289.8,225,258.75,,,,,,,,,,,FALSE,FALSE,FALSE,Standard Rate,Standard Rate,,10,,
13-1002299B-44-NO,Reflective Trouser 65/35 Cotton,,TRUE,1,252,289.8,225,258.75,,,,,,,,,,,FALSE,FALSE,FALSE,Standard Rate,Standard Rate,,10,,
13-1002299B-46-NO,Reflective Trouser 65/35 Cotton,,TRUE,1,252,289.8,225,258.75,,,,,,,,,,,FALSE,FALSE,FALSE,Standard Rate,Standard Rate,,10,,
13-1002299B-48-NO,Reflective Trouser 65/35 Cotton,,TRUE,1,252,289.8,225,258.75,,,,,,,,,,,FALSE,FALSE,FALSE,Standard Rate,Standard Rate,,10,,
13-1002299B-50-NO,Reflective Trouser 65/35 Cotton,,TRUE,1,252,289.8,225,258.75,,,,,,,,,,,FALSE,FALSE,FALSE,Standard Rate,Standard Rate,,10,,
2TONEHIVIGOLFS-S-NL,2 Tone HIVIZ Golf Shirt 180g Polycotton,,TRUE,1,224,257.6,200,230,,,,,,,,,,,FALSE,FALSE,FALSE,Standard Rate,Standard Rate,,10,,
2TONEHIVIGOLFS-M-NL,2 Tone HIVIZ Golf Shirt 180g Polycotton,,TRUE,1,224,257.6,200,230,,,,,,,,,,,FALSE,FALSE,FALSE,Standard Rate,Standard Rate,,10,,
2TONEHIVIGOLFS-L-NL,2 Tone HIVIZ Golf Shirt 180g Polycotton,,TRUE,1,224,257.6,200,230,,,,,,,,,,,FALSE,FALSE,FALSE,Standard Rate,Standard Rate,,10,,
2TONEHIVIGOLFS-XL-NL,2 Tone HIVIZ Golf Shirt 180g Polycotton,,TRUE,1,224,257.6,200,230,,,,,,,,,,,FALSE,FALSE,FALSE,Standard Rate,Standard Rate,,10,,
2TONEHIVIGOLFS-2XL-NL,2 Tone HIVIZ Golf Shirt 180g Polycotton,,TRUE,1,224,257.6,200,230,,,,,,,,,,,FALSE,FALSE,FALSE,Standard Rate,Standard Rate,,10,,
2TONEHIVIGOLFS-3XL-NL,2 Tone HIVIZ Golf Shirt 180g Polycotton,,TRUE,1,224,257.6,200,230,,,,,,,,,,,FALSE,FALSE,FALSE,Standard Rate,Standard Rate,,10,,
2TONEHIVIGOLFS-S-NO,2 Tone HIVIZ Golf Shirt 180g Polycotton,,TRUE,1,224,257.6,200,230,,,,,,,,,,,FALSE,FALSE,FALSE,Standard Rate,Standard Rate,,10,,
2TONEHIVIGOLFS-M-NO,2 Tone HIVIZ Golf Shirt 180g Polycotton,,TRUE,1,224,257.6,200,230,,,,,,,,,,,FALSE,FALSE,FALSE,Standard Rate,Standard Rate,,10,,
2TONEHIVIGOLFS-L-NO,2 Tone HIVIZ Golf Shirt 180g Polycotton,,TRUE,1,224,257.6,200,230,,,,,,,,,,,FALSE,FALSE,FALSE,Standard Rate,Standard Rate,,10,,
2TONEHIVIGOLFS-XL-NO,2 Tone HIVIZ Golf Shirt 180g Polycotton,,TRUE,1,224,257.6,200,230,,,,,,,,,,,FALSE,FALSE,FALSE,Standard Rate,Standard Rate,,10,,
2TONEHIVIGOLFS-2XL-NO,2 Tone HIVIZ Golf Shirt 180g Polycotton,,TRUE,1,224,257.6,200,230,,,,,,,,,,,FALSE,FALSE,FALSE,Standard Rate,Standard Rate,,10,,
2TONEHIVIGOLFS-3XL-NO,2 Tone HIVIZ Golf Shirt 180g Polycotton,,TRUE,1,224,257.6,200,230,,,,,,,,,,,FALSE,FALSE,FALSE,Standard Rate,Standard Rate,,10,,
HIVIGOLFSHIR14-S-L,HIVIZ Golf Shirt 140g Micromesh,,TRUE,1,132,151.8,118,135.7,,,,,,,,,,,FALSE,FALSE,FALSE,Standard Rate,Standard Rate,,10,,
HIVIGOLFSHIR14-M-L,HIVIZ Golf Shirt 140g Micromesh,,TRUE,1,132,151.8,118,135.7,,,,,,,,,,,FALSE,FALSE,FALSE,Standard Rate,Standard Rate,,10,,
HIVIGOLFSHIR14-L-L,HIVIZ Golf Shirt 140g Micromesh,,TRUE,1,132,151.8,118,135.7,,,,,,,,,,,FALSE,FALSE,FALSE,Standard Rate,Standard Rate,,10,,
HIVIGOLFSHIR14-XL-L,HIVIZ Golf Shirt 140g Micromesh,,TRUE,1,132,151.8,118,135.7,,,,,,,,,,,FALSE,FALSE,FALSE,Standard Rate,Standard Rate,,10,,
HIVIGOLFSHIR14-2XL-L,HIVIZ Golf Shirt 140g Micromesh,,TRUE,1,132,151.8,118,135.7,,,,,,,,,,,FALSE,FALSE,FALSE,Standard Rate,Standard Rate,,10,,
HIVIGOLFSHIR14-3XL-L,HIVIZ Golf Shirt 140g Micromesh,,TRUE,1,132,151.8,118,135.7,,,,,,,,,,,FALSE,FALSE,FALSE,Standard Rate,Standard Rate,,10,,
HIVIGOLFSHIR14-S-O,HIVIZ Golf Shirt 140g Micromesh,,TRUE,1,132,151.8,118,135.7,,,,,,,,,,,FALSE,FALSE,FALSE,Standard Rate,Standard Rate,,10,,
HIVIGOLFSHIR14-M-O,HIVIZ Golf Shirt 140g Micromesh,,TRUE,1,132,151.8,118,135.7,,,,,,,,,,,FALSE,FALSE,FALSE,Standard Rate,Standard Rate,,10,,
HIVIGOLFSHIR14-L-O,HIVIZ Golf Shirt 140g Micromesh,,TRUE,1,132,151.8,118,135.7,,,,,,,,,,,FALSE,FALSE,FALSE,Standard Rate,Standard Rate,,10,,
HIVIGOLFSHIR14-XL-O,HIVIZ Golf Shirt 140g Micromesh,,TRUE,1,132,151.8,118,135.7,,,,,,,,,,,FALSE,FALSE,FALSE,Standard Rate,Standard Rate,,10,,
HIVIGOLFSHIR14-2XL-O,HIVIZ Golf Shirt 140g Micromesh,,TRUE,1,132,151.8,118,135.7,,,,,,,,,,,FALSE,FALSE,FALSE,Standard Rate,Standard Rate,,10,,
HIVIGOLFSHIR14-3XL-O,HIVIZ Golf Shirt 140g Micromesh,,TRUE,1,132,151.8,118,135.7,,,,,,,,,,,FALSE,FALSE,FALSE,Standard Rate,Standard Rate,,10,,
HIVITSHIR120GM-S-L,HIVIZ T Shirt 120g Micromesh,,TRUE,1,80,92,71,81.65,,,,,,,,,,,FALSE,FALSE,FALSE,Standard Rate,Standard Rate,,10,,
HIVITSHIR120GM-M-L,HIVIZ T Shirt 120g Micromesh,,TRUE,1,80,92,71,81.65,,,,,,,,,,,FALSE,FALSE,FALSE,Standard Rate,Standard Rate,,10,,
HIVITSHIR120GM-L-L,HIVIZ T Shirt 120g Micromesh,,TRUE,1,80,92,71,81.65,,,,,,,,,,,FALSE,FALSE,FALSE,Standard Rate,Standard Rate,,10,,
HIVITSHIR120GM-XL-L,HIVIZ T Shirt 120g Micromesh,,TRUE,1,80,92,71,81.65,,,,,,,,,,,FALSE,FALSE,FALSE,Standard Rate,Standard Rate,,10,,
HIVITSHIR120GM-2XL-L,HIVIZ T Shirt 120g Micromesh,,TRUE,1,80,92,71,81.65,,,,,,,,,,,FALSE,FALSE,FALSE,Standard Rate,Standard Rate,,10,,
HIVITSHIR120GM-3XL-L,HIVIZ T Shirt 120g Micromesh,,TRUE,1,80,92,71,81.65,,,,,,,,,,,FALSE,FALSE,FALSE,Standard Rate,Standard Rate,,10,,
HIVITSHIR120GM-S-O,HIVIZ T Shirt 120g Micromesh,,TRUE,1,80,92,71,81.65,,,,,,,,,,,FALSE,FALSE,FALSE,Standard Rate,Standard Rate,,10,,
HIVITSHIR120GM-M-O,HIVIZ T Shirt 120g Micromesh,,TRUE,1,80,92,71,81.65,,,,,,,,,,,FALSE,FALSE,FALSE,Standard Rate,Standard Rate,,10,,
HIVITSHIR120GM-L-O,HIVIZ T Shirt 120g Micromesh,,TRUE,1,80,92,71,81.65,,,,,,,,,,,FALSE,FALSE,FALSE,Standard Rate,Standard Rate,,10,,
HIVITSHIR120GM-XL-O,HIVIZ T Shirt 120g Micromesh,,TRUE,1,80,92,71,81.65,,,,,,,,,,,FALSE,FALSE,FALSE,Standard Rate,Standard Rate,,10,,
HIVITSHIR120GM-2XL-O,HIVIZ T Shirt 120g Micromesh,,TRUE,1,80,92,71,81.65,,,,,,,,,,,FALSE,FALSE,FALSE,Standard Rate,Standard Rate,,10,,
HIVITSHIR120GM-3XL-O,HIVIZ T Shirt 120g Micromesh,,TRUE,1,80,92,71,81.65,,,,,,,,,,,FALSE,FALSE,FALSE,Standard Rate,Standard Rate,,10,,
CREWNECKTSHIR1-M-BLK,Crew Neck T-Shirt 100% Cotton 160g,,TRUE,1,64,73.6,58,66.7,,,,,,,,,,,FALSE,FALSE,FALSE,Standard Rate,Standard Rate,,10,,
CREWNECKTSHIR1-L-BLK,Crew Neck T-Shirt 100% Cotton 160g,,TRUE,1,64,73.6,58,66.7,,,,,,,,,,,FALSE,FALSE,FALSE,Standard Rate,Standard Rate,,10,,
CREWNECKTSHIR1-XL-BLK,Crew Neck T-Shirt 100% Cotton 160g,,TRUE,1,64,73.6,58,66.7,,,,,,,,,,,FALSE,FALSE,FALSE,Standard Rate,Standard Rate,,10,,
CREWNECKTSHIR1-2XL-BLK,Crew Neck T-Shirt 100% Cotton 160g,,TRUE,1,64,73.6,58,66.7,,,,,,,,,,,FALSE,FALSE,FALSE,Standard Rate,Standard Rate,,10,,
CREWNECKTSHIR1-M-N,Crew Neck T-Shirt 100% Cotton 160g,,TRUE,1,64,73.6,58,66.7,,,,,,,,,,,FALSE,FALSE,FALSE,Standard Rate,Standard Rate,,10,,
CREWNECKTSHIR1-L-N,Crew Neck T-Shirt 100% Cotton 160g,,TRUE,1,64,73.6,58,66.7,,,,,,,,,,,FALSE,FALSE,FALSE,Standard Rate,Standard Rate,,10,,
CREWNECKTSHIR1-XL-N,Crew Neck T-Shirt 100% Cotton 160g,,TRUE,1,64,73.6,58,66.7,,,,,,,,,,,FALSE,FALSE,FALSE,Standard Rate,Standard Rate,,10,,
CREWNECKTSHIR1-2XL-N,Crew Neck T-Shirt 100% Cotton 160g,,TRUE,1,64,73.6,58,66.7,,,,,,,,,,,FALSE,FALSE,FALSE,Standard Rate,Standard Rate,,10,,
CREWNECKTSHIR1-M-W,Crew Neck T-Shirt 100% Cotton 160g,,TRUE,1,64,73.6,58,66.7,,,,,,,,,,,FALSE,FALSE,FALSE,Standard Rate,Standard Rate,,10,,
CREWNECKTSHIR1-L-W,Crew Neck T-Shirt 100% Cotton 160g,,TRUE,1,64,73.6,58,66.7,,,,,,,,,,,FALSE,FALSE,FALSE,Standard Rate,Standard Rate,,10,,
CREWNECKTSHIR1-XL-W,Crew Neck T-Shirt 100% Cotton 160g,,TRUE,1,64,73.6,58,66.7,,,,,,,,,,,FALSE,FALSE,FALSE,Standard Rate,Standard Rate,,10,,
CREWNECKTSHIR1-2XL-W,Crew Neck T-Shirt 100% Cotton 160g,,TRUE,1,64,73.6,58,66.7,,,,,,,,,,,FALSE,FALSE,FALSE,Standard Rate,Standard Rate,,10,,
CREWNECKTSHIR1-S-RYB,Crew Neck T-Shirt 100% Cotton 160g,,TRUE,1,64,73.6,58,66.7,,,,,,,,,,,FALSE,FALSE,FALSE,Standard Rate,Standard Rate,,10,,
CREWNECKTSHIR1-M-RYB,Crew Neck T-Shirt 100% Cotton 160g,,TRUE,1,64,73.6,58,66.7,,,,,,,,,,,FALSE,FALSE,FALSE,Standard Rate,Standard Rate,,10,,
CREWNECKTSHIR1-L-RYB,Crew Neck T-Shirt 100% Cotton 160g,,TRUE,1,64,73.6,58,66.7,,,,,,,,,,,FALSE,FALSE,FALSE,Standard Rate,Standard Rate,,10,,
CREWNECKTSHIR1-XL-RYB,Crew Neck T-Shirt 100% Cotton 160g,,TRUE,1,64,73.6,58,66.7,,,,,,,,,,,FALSE,FALSE,FALSE,Standard Rate,Standard Rate,,10,,
CREWNECKTSHIR1-2XL-RYB,Crew Neck T-Shirt 100% Cotton 160g,,TRUE,1,64,73.6,58,66.7,,,,,,,,,,,FALSE,FALSE,FALSE,Standard Rate,Standard Rate,,10,,
CREWNECKTSHIR1-M-R,Crew Neck T-Shirt 100% Cotton 160g,,TRUE,1,64,73.6,58,66.7,,,,,,,,,,,FALSE,FALSE,FALSE,Standard Rate,Standard Rate,,10,,
CREWNECKTSHIR1-L-R,Crew Neck T-Shirt 100% Cotton 160g,,TRUE,1,64,73.6,58,66.7,,,,,,,,,,,FALSE,FALSE,FALSE,Standard Rate,Standard Rate,,10,,
CREWNECKTSHIR1-XL-R,Crew Neck T-Shirt 100% Cotton 160g,,TRUE,1,64,73.6,58,66.7,,,,,,,,,,,FALSE,FALSE,FALSE,Standard Rate,Standard Rate,,10,,
CREWNECKTSHIR1-2XL-R,Crew Neck T-Shirt 100% Cotton 160g,,TRUE,1,64,73.6,58,66.7,,,,,,,,,,,FALSE,FALSE,FALSE,Standard Rate,Standard Rate,,10,,
CREWNECKTSHIR1-M-L,Crew Neck T-Shirt 100% Cotton 160g,,TRUE,1,64,73.6,58,66.7,,,,,,,,,,,FALSE,FALSE,FALSE,Standard Rate,Standard Rate,,10,,
CREWNECKTSHIR1-L-L,Crew Neck T-Shirt 100% Cotton 160g,,TRUE,1,64,73.6,58,66.7,,,,,,,,,,,FALSE,FALSE,FALSE,Standard Rate,Standard Rate,,10,,
CREWNECKTSHIR1-XL-L,Crew Neck T-Shirt 100% Cotton 160g,,TRUE,1,64,73.6,58,66.7,,,,,,,,,,,FALSE,FALSE,FALSE,Standard Rate,Standard Rate,,10,,
CREWNECKTSHIR1-2XL-L,Crew Neck T-Shirt 100% Cotton 160g,,TRUE,1,64,73.6,58,66.7,,,,,,,,,,,FALSE,FALSE,FALSE,Standard Rate,Standard Rate,,10,,
CREWNECKTSHIR1-M-O,Crew Neck T-Shirt 100% Cotton 160g,,TRUE,1,64,73.6,58,66.7,,,,,,,,,,,FALSE,FALSE,FALSE,Standard Rate,Standard Rate,,10,,
CREWNECKTSHIR1-L-O,Crew Neck T-Shirt 100% Cotton 160g,,TRUE,1,64,73.6,58,66.7,,,,,,,,,,,FALSE,FALSE,FALSE,Standard Rate,Standard Rate,,10,,
CREWNECKTSHIR1-XL-O,Crew Neck T-Shirt 100% Cotton 160g,,TRUE,1,64,73.6,58,66.7,,,,,,,,,,,FALSE,FALSE,FALSE,Standard Rate,Standard Rate,,10,,
CREWNECKTSHIR1-2XL-O,Crew Neck T-Shirt 100% Cotton 160g,,TRUE,1,64,73.6,58,66.7,,,,,,,,,,,FALSE,FALSE,FALSE,Standard Rate,Standard Rate,,10,,
13-GOLFBL-S-BLK,Golf Shirt Polycotton,,TRUE,1,98,112.7,88,101.2,,,,,,,,,,,FALSE,FALSE,FALSE,Standard Rate,Standard Rate,,10,,
13-GOLFBL-M-BLK,Golf Shirt Polycotton,,TRUE,1,98,112.7,88,101.2,,,,,,,,,,,FALSE,FALSE,FALSE,Standard Rate,Standard Rate,,10,,
13-GOLFBL-L-BLK,Golf Shirt Polycotton,,TRUE,1,98,112.7,88,101.2,,,,,,,,,,,FALSE,FALSE,FALSE,Standard Rate,Standard Rate,,10,,
13-GOLFBL-XL-BLK,Golf Shirt Polycotton,,TRUE,1,98,112.7,88,101.2,,,,,,,,,,,FALSE,FALSE,FALSE,Standard Rate,Standard Rate,,10,,
13-GOLFBL-2XL-BLK,Golf Shirt Polycotton,,TRUE,1,98,112.7,88,101.2,,,,,,,,,,,FALSE,FALSE,FALSE,Standard Rate,Standard Rate,,10,,
13-GOLFBL-3XL-BLK,Golf Shirt Polycotton,,TRUE,1,98,112.7,88,101.2,,,,,,,,,,,FALSE,FALSE,FALSE,Standard Rate,Standard Rate,,10,,
13-GOLFNV-S-N,Golf Shirt Polycotton,,TRUE,1,98,112.7,88,101.2,,,,,,,,,,,FALSE,FALSE,FALSE,Standard Rate,Standard Rate,,10,,
13-GOLFNV-M-N,Golf Shirt Polycotton,,TRUE,1,98,112.7,88,101.2,,,,,,,,,,,FALSE,FALSE,FALSE,Standard Rate,Standard Rate,,10,,
13-GOLFNV-L-N,Golf Shirt Polycotton,,TRUE,1,98,112.7,88,101.2,,,,,,,,,,,FALSE,FALSE,FALSE,Standard Rate,Standard Rate,,10,,
13-GOLFNV-XL-N,Golf Shirt Polycotton,,TRUE,1,98,112.7,88,101.2,,,,,,,,,,,FALSE,FALSE,FALSE,Standard Rate,Standard Rate,,10,,
13-GOLFNV-2XL-N,Golf Shirt Polycotton,,TRUE,1,98,112.7,88,101.2,,,,,,,,,,,FALSE,FALSE,FALSE,Standard Rate,Standard Rate,,10,,
13-GOLFNV-3XL-N,Golf Shirt Polycotton,,TRUE,1,98,112.7,88,101.2,,,,,,,,,,,FALSE,FALSE,FALSE,Standard Rate,Standard Rate,,10,,
13-GOLFRE-S-R,Golf Shirt Polycotton,,TRUE,1,98,112.7,88,101.2,,,,,,,,,,,FALSE,FALSE,FALSE,Standard Rate,Standard Rate,,10,,
13-GOLFRE-M-R,Golf Shirt Polycotton,,TRUE,1,98,112.7,88,101.2,,,,,,,,,,,FALSE,FALSE,FALSE,Standard Rate,Standard Rate,,10,,
13-GOLFRE-L-R,Golf Shirt Polycotton,,TRUE,1,98,112.7,88,101.2,,,,,,,,,,,FALSE,FALSE,FALSE,Standard Rate,Standard Rate,,10,,
13-GOLFRE-XL-R,Golf Shirt Polycotton,,TRUE,1,98,112.7,88,101.2,,,,,,,,,,,FALSE,FALSE,FALSE,Standard Rate,Standard Rate,,10,,
13-GOLFRE-2XL-R,Golf Shirt Polycotton,,TRUE,1,98,112.7,88,101.2,,,,,,,,,,,FALSE,FALSE,FALSE,Standard Rate,Standard Rate,,10,,
13-GOLFRE-3XL-R,Golf Shirt Polycotton,,TRUE,1,98,112.7,88,101.2,,,,,,,,,,,FALSE,FALSE,FALSE,Standard Rate,Standard Rate,,10,,
13-TT11FM-M-FT,Homegrown Lady'S Short Sleeve Shirt Fatigue,,TRUE,1,259,297.85,231.25,265.94,,,,,,,,,,,FALSE,FALSE,FALSE,Standard Rate,Standard Rate,,10,,
13-TT11FM-L-FT,Homegrown Lady'S Short Sleeve Shirt Fatigue,,TRUE,1,259,297.85,231.25,265.94,,,,,,,,,,,FALSE,FALSE,FALSE,Standard Rate,Standard Rate,,10,,
13-TT11FM-XL-FT,Homegrown Lady'S Short Sleeve Shirt Fatigue,,TRUE,1,259,297.85,231.25,265.94,,,,,,,,,,,FALSE,FALSE,FALSE,Standard Rate,Standard Rate,,10,,
13-TT11FM-2XL-FT,Homegrown Lady'S Short Sleeve Shirt Fatigue,,TRUE,1,259,297.85,231.25,265.94,,,,,,,,,,,FALSE,FALSE,FALSE,Standard Rate,Standard Rate,,10,,
13-TT11NM-M-N,Homegrown Lady'S Short Sleeve Shirt,,TRUE,1,259,297.85,231.25,265.94,,,,,,,,,,,FALSE,FALSE,FALSE,Standard Rate,Standard Rate,,10,,
13-TT11NM-L-N,Homegrown Lady'S Short Sleeve Shirt,,TRUE,1,259,297.85,231.25,265.94,,,,,,,,,,,FALSE,FALSE,FALSE,Standard Rate,Standard Rate,,10,,
13-TT11NM-XL-N,Homegrown Lady'S Short Sleeve Shirt,,TRUE,1,259,297.85,231.25,265.94,,,,,,,,,,,FALSE,FALSE,FALSE,Standard Rate,Standard Rate,,10,,
13-TT11NM-2XL-N,Homegrown Lady'S Short Sleeve Shirt,,TRUE,1,259,297.85,231.25,265.94,,,,,,,,,,,FALSE,FALSE,FALSE,Standard Rate,Standard Rate,,10,,
13-TT11SM-M-ST,Homegrown Lady'S Short Sleeve Shirt Stone,,TRUE,1,259,297.85,231.25,265.94,,,,,,,,,,,FALSE,FALSE,FALSE,Standard Rate,Standard Rate,,10,,
13-TT11SM-L-ST,Homegrown Lady'S Short Sleeve Shirt Stone,,TRUE,1,259,297.85,231.25,265.94,,,,,,,,,,,FALSE,FALSE,FALSE,Standard Rate,Standard Rate,,10,,
13-TT11SM-XL-ST,Homegrown Lady'S Short Sleeve Shirt Stone,,TRUE,1,259,297.85,231.25,265.94,,,,,,,,,,,FALSE,FALSE,FALSE,Standard Rate,Standard Rate,,10,,
13-TT11SM-2XL-ST,Homegrown Lady'S Short Sleeve Shirt Stone,,TRUE,1,259,297.85,231.25,265.94,,,,,,,,,,,FALSE,FALSE,FALSE,Standard Rate,Standard Rate,,10,,
13-TT13FM-M-FT,Homegrown Man'S Short Sleeve Shirt Fatigue,,TRUE,1,259,297.85,231.25,265.94,,,,,,,,,,,FALSE,FALSE,FALSE,Standard Rate,Standard Rate,,10,,
13-TT13FM-L-FT,Homegrown Man'S Short Sleeve Shirt Fatigue,,TRUE,1,259,297.85,231.25,265.94,,,,,,,,,,,FALSE,FALSE,FALSE,Standard Rate,Standard Rate,,10,,
13-TT13FM-XL-FT,Homegrown Man'S Short Sleeve Shirt Fatigue,,TRUE,1,259,297.85,231.25,265.94,,,,,,,,,,,FALSE,FALSE,FALSE,Standard Rate,Standard Rate,,10,,
13-TT13FM-2XL-FT,Homegrown Man'S Short Sleeve Shirt Fatigue,,TRUE,1,259,297.85,231.25,265.94,,,,,,,,,,,FALSE,FALSE,FALSE,Standard Rate,Standard Rate,,10,,
13-TT13NM-M-N,Homegrown Man'S Short Sleeve Shirt,,TRUE,1,259,297.85,231.25,265.94,,,,,,,,,,,FALSE,FALSE,FALSE,Standard Rate,Standard Rate,,10,,
13-TT13NM-L-N,Homegrown Man'S Short Sleeve Shirt,,TRUE,1,259,297.85,231.25,265.94,,,,,,,,,,,FALSE,FALSE,FALSE,Standard Rate,Standard Rate,,10,,
13-TT13NM-XL-N,Homegrown Man'S Short Sleeve Shirt,,TRUE,1,259,297.85,231.25,265.94,,,,,,,,,,,FALSE,FALSE,FALSE,Standard Rate,Standard Rate,,10,,
13-TT13NM-2XL-N,Homegrown Man'S Short Sleeve Shirt,,TRUE,1,259,297.85,231.25,265.94,,,,,,,,,,,FALSE,FALSE,FALSE,Standard Rate,Standard Rate,,10,,
13-TT13SM-M-ST,Homegrown Man'S Short Sleeve Shirt Stone,,TRUE,1,259,297.85,231.25,265.94,,,,,,,,,,,FALSE,FALSE,FALSE,Standard Rate,Standard Rate,,10,,
13-TT13SM-L-ST,Homegrown Man'S Short Sleeve Shirt Stone,,TRUE,1,259,297.85,231.25,265.94,,,,,,,,,,,FALSE,FALSE,FALSE,Standard Rate,Standard Rate,,10,,
13-TT13SM-XL-ST,Homegrown Man'S Short Sleeve Shirt Stone,,TRUE,1,259,297.85,231.25,265.94,,,,,,,,,,,FALSE,FALSE,FALSE,Standard Rate,Standard Rate,,10,,
13-TT13SM-2XL-ST,Homegrown Man'S Short Sleeve Shirt Stone,,TRUE,1,259,297.85,231.25,265.94,,,,,,,,,,,FALSE,FALSE,FALSE,Standard Rate,Standard Rate,,10,,
2TONEFARMSHIRS-M-ST,2 Tone Farm Shirt Size,,TRUE,1,259,297.85,231,265.65,,,,,,,,,,,FALSE,FALSE,FALSE,Standard Rate,Standard Rate,,10,,
2TONEFARMSHIRS-L-ST,2 Tone Farm Shirt Size,,TRUE,1,259,297.85,231,265.65,,,,,,,,,,,FALSE,FALSE,FALSE,Standard Rate,Standard Rate,,10,,
2TONEFARMSHIRS-XL-ST,2 Tone Farm Shirt Size,,TRUE,1,259,297.85,231,265.65,,,,,,,,,,,FALSE,FALSE,FALSE,Standard Rate,Standard Rate,,10,,
2TONEFARMSHIRS-2XL-ST,2 Tone Farm Shirt Size,,TRUE,1,259,297.85,231,265.65,,,,,,,,,,,FALSE,FALSE,FALSE,Standard Rate,Standard Rate,,10,,
2TONEFARMSHIRS-3XL-ST,2 Tone Farm Shirt Size,,TRUE,1,259,297.85,231,265.65,,,,,,,,,,,FALSE,FALSE,FALSE,Standard Rate,Standard Rate,,10,,
13-100430-L,Maxi Reflective Bib (Solid Material),,TRUE,1,17.25,19.8375,16.1,18.52,,,,,,,,,,,FALSE,FALSE,FALSE,Standard Rate,Standard Rate,,10,,
13-100431-O,Maxi Reflective Bib (Solid Material),,TRUE,1,17.25,19.8375,16.1,18.52,,,,,,,,,,,FALSE,FALSE,FALSE,Standard Rate,Standard Rate,,10,,
13-1004311-L,Reflective Bib with Velcro ( Mesh Material),,TRUE,1,51,58.65,47.6,54.74,,,,,,,,,,,FALSE,FALSE,FALSE,Standard Rate,Standard Rate,,10,,
SIGNVEST-M-ON,Signal Vest,,TRUE,1,91,104.65,81,93.15,,,,,,,,,,,FALSE,FALSE,FALSE,Standard Rate,Standard Rate,,10,,
SIGNVEST-L-ON,Signal Vest,,TRUE,1,91,104.65,81,93.15,,,,,,,,,,,FALSE,FALSE,FALSE,Standard Rate,Standard Rate,,10,,
SIGNVEST-XL-ON,Signal Vest,,TRUE,1,91,104.65,81,93.15,,,,,,,,,,,FALSE,FALSE,FALSE,Standard Rate,Standard Rate,,10,,
SIGNVEST-2XL-ON,Signal Vest,,TRUE,1,91,104.65,81,93.15,,,,,,,,,,,FALSE,FALSE,FALSE,Standard Rate,Standard Rate,,10,,
SIGNVEST-M-LN,Signal Vest,,TRUE,1,91,104.65,81,93.15,,,,,,,,,,,FALSE,FALSE,FALSE,Standard Rate,Standard Rate,,10,,
SIGNVEST-L-LN,Signal Vest,,TRUE,1,91,104.65,81,93.15,,,,,,,,,,,FALSE,FALSE,FALSE,Standard Rate,Standard Rate,,10,,
SIGNVEST-XL-LN,Signal Vest,,TRUE,1,91,104.65,81,93.15,,,,,,,,,,,FALSE,FALSE,FALSE,Standard Rate,Standard Rate,,10,,
SIGNVEST-2XL-LN,Signal Vest,,TRUE,1,91,104.65,81,93.15,,,,,,,,,,,FALSE,FALSE,FALSE,Standard Rate,Standard Rate,,10,,
REFLJACKSLEE-S-LO,Reflective Jacket with Sleeve,,TRUE,1,126,144.9,113,129.95,,,,,,,,,,,FALSE,FALSE,FALSE,Standard Rate,Standard Rate,,10,,
REFLJACKSLEE-M-LO,Reflective Jacket with Sleeve,,TRUE,1,126,144.9,113,129.95,,,,,,,,,,,FALSE,FALSE,FALSE,Standard Rate,Standard Rate,,10,,
REFLJACKSLEE-L-LO,Reflective Jacket with Sleeve,,TRUE,1,126,144.9,113,129.95,,,,,,,,,,,FALSE,FALSE,FALSE,Standard Rate,Standard Rate,,10,,
REFLJACKSLEE-XL-LO,Reflective Jacket with Sleeve,,TRUE,1,126,144.9,113,129.95,,,,,,,,,,,FALSE,FALSE,FALSE,Standard Rate,Standard Rate,,10,,
REFLJACKSLEE-2XL-LO,Reflective Jacket with Sleeve,,TRUE,1,126,144.9,113,129.95,,,,,,,,,,,FALSE,FALSE,FALSE,Standard Rate,Standard Rate,,10,,
REFLJACKSLEE2-S-LO,Reflective Jacket Sleeveless,,TRUE,1,109,125.35,98,112.7,,,,,,,,,,,FALSE,FALSE,FALSE,Standard Rate,Standard Rate,,10,,
REFLJACKSLEE2-M-LO,Reflective Jacket Sleeveless,,TRUE,1,109,125.35,98,112.7,,,,,,,,,,,FALSE,FALSE,FALSE,Standard Rate,Standard Rate,,10,,
REFLJACKSLEE2-L-LO,Reflective Jacket Sleeveless,,TRUE,1,109,125.35,98,112.7,,,,,,,,,,,FALSE,FALSE,FALSE,Standard Rate,Standard Rate,,10,,
REFLJACKSLEE2-XL-LO,Reflective Jacket Sleeveless,,TRUE,1,109,125.35,98,112.7,,,,,,,,,,,FALSE,FALSE,FALSE,Standard Rate,Standard Rate,,10,,
REFLJACKSLEE2-2XL-LO,Reflective Jacket Sleeveless,,TRUE,1,109,125.35,98,112.7,,,,,,,,,,,FALSE,FALSE,FALSE,Standard Rate,Standard Rate,,10,,
METRREFLJACKDE-S-LO,Metro Reflective Jacket Detachable Sleeve,,TRUE,1,192,220.8,171,196.65,,,,,,,,,,,FALSE,FALSE,FALSE,Standard Rate,Standard Rate,,10,,
METRREFLJACKDE-M-LO,Metro Reflective Jacket Detachable Sleeve,,TRUE,1,192,220.8,171,196.65,,,,,,,,,,,FALSE,FALSE,FALSE,Standard Rate,Standard Rate,,10,,
METRREFLJACKDE-L-LO,Metro Reflective Jacket Detachable Sleeve,,TRUE,1,192,220.8,171,196.65,,,,,,,,,,,FALSE,FALSE,FALSE,Standard Rate,Standard Rate,,10,,
METRREFLJACKDE-XL-LO,Metro Reflective Jacket Detachable Sleeve,,TRUE,1,192,220.8,171,196.65,,,,,,,,,,,FALSE,FALSE,FALSE,Standard Rate,Standard Rate,,10,,
METRREFLJACKDE-2XL-LO,Metro Reflective Jacket Detachable Sleeve,,TRUE,1,192,220.8,171,196.65,,,,,,,,,,,FALSE,FALSE,FALSE,Standard Rate,Standard Rate,,10,,
PREMREFLVESTZI-S-L,Premium Reflective Vest with Zip & ID,,TRUE,1,45,51.75,40,46,,,,,,,,,,,FALSE,FALSE,FALSE,Standard Rate,Standard Rate,,10,,
PREMREFLVESTZI-M-L,Premium Reflective Vest with Zip & ID,,TRUE,1,45,51.75,40,46,,,,,,,,,,,FALSE,FALSE,FALSE,Standard Rate,Standard Rate,,10,,
PREMREFLVESTZI-L-L,Premium Reflective Vest with Zip & ID,,TRUE,1,45,51.75,40,46,,,,,,,,,,,FALSE,FALSE,FALSE,Standard Rate,Standard Rate,,10,,
PREMREFLVESTZI-XL-L,Premium Reflective Vest with Zip & ID,,TRUE,1,45,51.75,40,46,,,,,,,,,,,FALSE,FALSE,FALSE,Standard Rate,Standard Rate,,10,,
PREMREFLVESTZI-2XL-L,Premium Reflective Vest with Zip & ID,,TRUE,1,45,51.75,40,46,,,,,,,,,,,FALSE,FALSE,FALSE,Standard Rate,Standard Rate,,10,,
PREMREFLVESTZI-3XL-L,Premium Reflective Vest with Zip & ID,,TRUE,1,45,51.75,40,46,,,,,,,,,,,FALSE,FALSE,FALSE,Standard Rate,Standard Rate,,10,,
PREMREFLVESTZI-S-O,Premium Reflective Vest with Zip & ID,,TRUE,1,45,51.75,40,46,,,,,,,,,,,FALSE,FALSE,FALSE,Standard Rate,Standard Rate,,10,,
PREMREFLVESTZI-M-O,Premium Reflective Vest with Zip & ID,,TRUE,1,45,51.75,40,46,,,,,,,,,,,FALSE,FALSE,FALSE,Standard Rate,Standard Rate,,10,,
PREMREFLVESTZI-L-O,Premium Reflective Vest with Zip & ID,,TRUE,1,45,51.75,40,46,,,,,,,,,,,FALSE,FALSE,FALSE,Standard Rate,Standard Rate,,10,,
PREMREFLVESTZI-XL-O,Premium Reflective Vest with Zip & ID,,TRUE,1,45,51.75,40,46,,,,,,,,,,,FALSE,FALSE,FALSE,Standard Rate,Standard Rate,,10,,
PREMREFLVESTZI-2XL-O,Premium Reflective Vest with Zip & ID,,TRUE,1,45,51.75,40,46,,,,,,,,,,,FALSE,FALSE,FALSE,Standard Rate,Standard Rate,,10,,
PREMREFLVESTZI-3XL-O,Premium Reflective Vest with Zip & ID,,TRUE,1,45,51.75,40,46,,,,,,,,,,,FALSE,FALSE,FALSE,Standard Rate,Standard Rate,,10,,
PREMREFLVESTZI-S-P,Premium Reflective Vest with Zip & ID,,TRUE,1,45,51.75,40,46,,,,,,,,,,,FALSE,FALSE,FALSE,Standard Rate,Standard Rate,,10,,
PREMREFLVESTZI-M-P,Premium Reflective Vest with Zip & ID,,TRUE,1,45,51.75,40,46,,,,,,,,,,,FALSE,FALSE,FALSE,Standard Rate,Standard Rate,,10,,
PREMREFLVESTZI-L-P,Premium Reflective Vest with Zip & ID,,TRUE,1,45,51.75,40,46,,,,,,,,,,,FALSE,FALSE,FALSE,Standard Rate,Standard Rate,,10,,
PREMREFLVESTZI-XL-P,Premium Reflective Vest with Zip & ID,,TRUE,1,45,51.75,40,46,,,,,,,,,,,FALSE,FALSE,FALSE,Standard Rate,Standard Rate,,10,,
PREMREFLVESTZI-2XL-P,Premium Reflective Vest with Zip & ID,,TRUE,1,45,51.75,40,46,,,,,,,,,,,FALSE,FALSE,FALSE,Standard Rate,Standard Rate,,10,,
PREMREFLVESTZI-3XL-P,Premium Reflective Vest with Zip & ID,,TRUE,1,45,51.75,40,46,,,,,,,,,,,FALSE,FALSE,FALSE,Standard Rate,Standard Rate,,10,,
PREMREFLVESTZI-S-R,Premium Reflective Vest with Zip & ID,,TRUE,1,45,51.75,40,46,,,,,,,,,,,FALSE,FALSE,FALSE,Standard Rate,Standard Rate,,10,,
PREMREFLVESTZI-M-R,Premium Reflective Vest with Zip & ID,,TRUE,1,45,51.75,40,46,,,,,,,,,,,FALSE,FALSE,FALSE,Standard Rate,Standard Rate,,10,,
PREMREFLVESTZI-L-R,Premium Reflective Vest with Zip & ID,,TRUE,1,45,51.75,40,46,,,,,,,,,,,FALSE,FALSE,FALSE,Standard Rate,Standard Rate,,10,,
PREMREFLVESTZI-XL-R,Premium Reflective Vest with Zip & ID,,TRUE,1,45,51.75,40,46,,,,,,,,,,,FALSE,FALSE,FALSE,Standard Rate,Standard Rate,,10,,
PREMREFLVESTZI-2XL-R,Premium Reflective Vest with Zip & ID,,TRUE,1,45,51.75,40,46,,,,,,,,,,,FALSE,FALSE,FALSE,Standard Rate,Standard Rate,,10,,
PREMREFLVESTZI-3XL-R,Premium Reflective Vest with Zip & ID,,TRUE,1,45,51.75,40,46,,,,,,,,,,,FALSE,FALSE,FALSE,Standard Rate,Standard Rate,,10,,
PREMREFLVESTZI-S-B,Premium Reflective Vest with Zip & ID,,TRUE,1,45,51.75,40,46,,,,,,,,,,,FALSE,FALSE,FALSE,Standard Rate,Standard Rate,,10,,
PREMREFLVESTZI-M-B,Premium Reflective Vest with Zip & ID,,TRUE,1,45,51.75,40,46,,,,,,,,,,,FALSE,FALSE,FALSE,Standard Rate,Standard Rate,,10,,
PREMREFLVESTZI-L-B,Premium Reflective Vest with Zip & ID,,TRUE,1,45,51.75,40,46,,,,,,,,,,,FALSE,FALSE,FALSE,Standard Rate,Standard Rate,,10,,
PREMREFLVESTZI-XL-B,Premium Reflective Vest with Zip & ID,,TRUE,1,45,51.75,40,46,,,,,,,,,,,FALSE,FALSE,FALSE,Standard Rate,Standard Rate,,10,,
PREMREFLVESTZI-2XL-B,Premium Reflective Vest with Zip & ID,,TRUE,1,45,51.75,40,46,,,,,,,,,,,FALSE,FALSE,FALSE,Standard Rate,Standard Rate,,10,,
PREMREFLVESTZI-3XL-B,Premium Reflective Vest with Zip & ID,,TRUE,1,45,51.75,40,46,,,,,,,,,,,FALSE,FALSE,FALSE,Standard Rate,Standard Rate,,10,,
PREMREFLVESTZI2-S-OLG,Premium Reflective Vest with Zip & ID Olive,,TRUE,1,45,51.75,40,46,,,,,,,,,,,FALSE,FALSE,FALSE,Standard Rate,Standard Rate,,10,,
PREMREFLVESTZI2-M-OLG,Premium Reflective Vest with Zip & ID Olive,,TRUE,1,45,51.75,40,46,,,,,,,,,,,FALSE,FALSE,FALSE,Standard Rate,Standard Rate,,10,,
PREMREFLVESTZI2-L-OLG,Premium Reflective Vest with Zip & ID Olive,,TRUE,1,45,51.75,40,46,,,,,,,,,,,FALSE,FALSE,FALSE,Standard Rate,Standard Rate,,10,,
PREMREFLVESTZI2-XL-OLG,Premium Reflective Vest with Zip & ID Olive,,TRUE,1,45,51.75,40,46,,,,,,,,,,,FALSE,FALSE,FALSE,Standard Rate,Standard Rate,,10,,
PREMREFLVESTZI2-2XL-OLG,Premium Reflective Vest with Zip & ID Olive,,TRUE,1,45,51.75,40,46,,,,,,,,,,,FALSE,FALSE,FALSE,Standard Rate,Standard Rate,,10,,
PREMREFLVESTZI2-3XL-OLG,Premium Reflective Vest with Zip & ID Olive,,TRUE,1,45,51.75,40,46,,,,,,,,,,,FALSE,FALSE,FALSE,Standard Rate,Standard Rate,,10,,
PREMTWOTONEREF-S-LO,Premium Two Tone Reflective Vest,,TRUE,1,45,51.75,40,46,,,,,,,,,,,FALSE,FALSE,FALSE,Standard Rate,Standard Rate,,10,,
PREMTWOTONEREF-M-LO,Premium Two Tone Reflective Vest,,TRUE,1,45,51.75,40,46,,,,,,,,,,,FALSE,FALSE,FALSE,Standard Rate,Standard Rate,,10,,
PREMTWOTONEREF-L-LO,Premium Two Tone Reflective Vest,,TRUE,1,45,51.75,40,46,,,,,,,,,,,FALSE,FALSE,FALSE,Standard Rate,Standard Rate,,10,,
PREMTWOTONEREF-XL-LO,Premium Two Tone Reflective Vest,,TRUE,1,45,51.75,40,46,,,,,,,,,,,FALSE,FALSE,FALSE,Standard Rate,Standard Rate,,10,,
PREMTWOTONEREF-2XL-LO,Premium Two Tone Reflective Vest,,TRUE,1,45,51.75,40,46,,,,,,,,,,,FALSE,FALSE,FALSE,Standard Rate,Standard Rate,,10,,
PREMTWOTONEREF-3XL-LO,Premium Two Tone Reflective Vest,,TRUE,1,45,51.75,40,46,,,,,,,,,,,FALSE,FALSE,FALSE,Standard Rate,Standard Rate,,10,,
REFLVESTZIPID-S-L,Reflective Vest with Zip & ID,,TRUE,1,39,44.85,35,40.25,,,,,,,,,,,FALSE,FALSE,FALSE,Standard Rate,Standard Rate,,10,,
REFLVESTZIPID-M-L,Reflective Vest with Zip & ID,,TRUE,1,39,44.85,35,40.25,,,,,,,,,,,FALSE,FALSE,FALSE,Standard Rate,Standard Rate,,10,,
REFLVESTZIPID-L-L,Reflective Vest with Zip & ID,,TRUE,1,39,44.85,35,40.25,,,,,,,,,,,FALSE,FALSE,FALSE,Standard Rate,Standard Rate,,10,,
REFLVESTZIPID-XL-L,Reflective Vest with Zip & ID,,TRUE,1,39,44.85,35,40.25,,,,,,,,,,,FALSE,FALSE,FALSE,Standard Rate,Standard Rate,,10,,
REFLVESTZIPID-2XL-L,Reflective Vest with Zip & ID,,TRUE,1,39,44.85,35,40.25,,,,,,,,,,,FALSE,FALSE,FALSE,Standard Rate,Standard Rate,,10,,
REFLVESTZIPID-3XL-L,Reflective Vest with Zip & ID,,TRUE,1,39,44.85,35,40.25,,,,,,,,,,,FALSE,FALSE,FALSE,Standard Rate,Standard Rate,,10,,
REFLVESTZIPID-4XL-L,Reflective Vest with Zip & ID,,TRUE,1,39,44.85,35,40.25,,,,,,,,,,,FALSE,FALSE,FALSE,Standard Rate,Standard Rate,,10,,
REFLVESTZIPID-S-O,Reflective Vest with Zip & ID,,TRUE,1,39,44.85,35,40.25,,,,,,,,,,,FALSE,FALSE,FALSE,Standard Rate,Standard Rate,,10,,
REFLVESTZIPID-M-O,Reflective Vest with Zip & ID,,TRUE,1,39,44.85,35,40.25,,,,,,,,,,,FALSE,FALSE,FALSE,Standard Rate,Standard Rate,,10,,
REFLVESTZIPID-L-O,Reflective Vest with Zip & ID,,TRUE,1,39,44.85,35,40.25,,,,,,,,,,,FALSE,FALSE,FALSE,Standard Rate,Standard Rate,,10,,
REFLVESTZIPID-XL-O,Reflective Vest with Zip & ID,,TRUE,1,39,44.85,35,40.25,,,,,,,,,,,FALSE,FALSE,FALSE,Standard Rate,Standard Rate,,10,,
REFLVESTZIPID-2XL-O,Reflective Vest with Zip & ID,,TRUE,1,39,44.85,35,40.25,,,,,,,,,,,FALSE,FALSE,FALSE,Standard Rate,Standard Rate,,10,,
REFLVESTZIPID-3XL-O,Reflective Vest with Zip & ID,,TRUE,1,39,44.85,35,40.25,,,,,,,,,,,FALSE,FALSE,FALSE,Standard Rate,Standard Rate,,10,,
REFLVESTZIPID-4XL-O,Reflective Vest with Zip & ID,,TRUE,1,39,44.85,35,40.25,,,,,,,,,,,FALSE,FALSE,FALSE,Standard Rate,Standard Rate,,10,,
13-100448-L,Reflective Tape X 100m/Roll,,TRUE,1,315,362.25,294,338.1,,,,,,,,,,,FALSE,FALSE,FALSE,Standard Rate,Standard Rate,,10,,
13-100449-O,Reflective Tape X 100m/Roll,,TRUE,1,315,362.25,294,338.1,,,,,,,,,,,FALSE,FALSE,FALSE,Standard Rate,Standard Rate,,10,,
13-1004491,Reflective Tape 200m/Roll,,TRUE,1,315,362.25,294,338.1,,,,,,,,,,,FALSE,FALSE,FALSE,Standard Rate,Standard Rate,,10,,
HIVIALLWEATJAC-M-L,HIVIZ All Weather Jacket,,TRUE,1,280,322,250,287.5,,,,,,,,,,,FALSE,FALSE,FALSE,Standard Rate,Standard Rate,,10,,
HIVIALLWEATJAC-L-L,HIVIZ All Weather Jacket,,TRUE,1,280,322,250,287.5,,,,,,,,,,,FALSE,FALSE,FALSE,Standard Rate,Standard Rate,,10,,
HIVIALLWEATJAC-XL-L,HIVIZ All Weather Jacket,,TRUE,1,280,322,250,287.5,,,,,,,,,,,FALSE,FALSE,FALSE,Standard Rate,Standard Rate,,10,,
HIVIALLWEATJAC-2XL-L,HIVIZ All Weather Jacket,,TRUE,1,280,322,250,287.5,,,,,,,,,,,FALSE,FALSE,FALSE,Standard Rate,Standard Rate,,10,,
HIVIALLWEATJAC-3XL-L,HIVIZ All Weather Jacket,,TRUE,1,280,322,250,287.5,,,,,,,,,,,FALSE,FALSE,FALSE,Standard Rate,Standard Rate,,10,,
HIVIALLWEATJAC-M-N,HIVIZ All Weather Jacket,,TRUE,1,280,322,250,287.5,,,,,,,,,,,FALSE,FALSE,FALSE,Standard Rate,Standard Rate,,10,,
HIVIALLWEATJAC-L-N,HIVIZ All Weather Jacket,,TRUE,1,280,322,250,287.5,,,,,,,,,,,FALSE,FALSE,FALSE,Standard Rate,Standard Rate,,10,,
HIVIALLWEATJAC-XL-N,HIVIZ All Weather Jacket,,TRUE,1,280,322,250,287.5,,,,,,,,,,,FALSE,FALSE,FALSE,Standard Rate,Standard Rate,,10,,
HIVIALLWEATJAC-2XL-N,HIVIZ All Weather Jacket,,TRUE,1,280,322,250,287.5,,,,,,,,,,,FALSE,FALSE,FALSE,Standard Rate,Standard Rate,,10,,
HIVIALLWEATJAC-3XL-N,HIVIZ All Weather Jacket,,TRUE,1,280,322,250,287.5,,,,,,,,,,,FALSE,FALSE,FALSE,Standard Rate,Standard Rate,,10,,
13-10045306A-M-O,HIVIZ All Weather Jacket,,TRUE,1,313.5,360.525,261.25,300.44,,,,,,,,,,,FALSE,FALSE,FALSE,Standard Rate,Standard Rate,,10,,
13-10045306A-L-O,HIVIZ All Weather Jacket,,TRUE,1,313.5,360.525,261.25,300.44,,,,,,,,,,,FALSE,FALSE,FALSE,Standard Rate,Standard Rate,,10,,
13-10045306A-XL-O,HIVIZ All Weather Jacket,,TRUE,1,313.5,360.525,261.25,300.44,,,,,,,,,,,FALSE,FALSE,FALSE,Standard Rate,Standard Rate,,10,,
13-10045306A-2XL-O,HIVIZ All Weather Jacket,,TRUE,1,313.5,360.525,261.25,300.44,,,,,,,,,,,FALSE,FALSE,FALSE,Standard Rate,Standard Rate,,10,,
13-10045306A-3XL-O,HIVIZ All Weather Jacket,,TRUE,1,313.5,360.525,261.25,300.44,,,,,,,,,,,FALSE,FALSE,FALSE,Standard Rate,Standard Rate,,10,,
PROFLEEJACKHOO-S-LBLK,Pro Fleece Jacket with Hood (S),,TRUE,1,343,394.45,306,351.9,,,,,,,,,,,FALSE,FALSE,FALSE,Standard Rate,Standard Rate,,10,,
PROFLEEJACKHOO-M-LBLK,Pro Fleece Jacket with Hood (S),,TRUE,1,343,394.45,306,351.9,,,,,,,,,,,FALSE,FALSE,FALSE,Standard Rate,Standard Rate,,10,,
PROFLEEJACKHOO-L-LBLK,Pro Fleece Jacket with Hood (S),,TRUE,1,343,394.45,306,351.9,,,,,,,,,,,FALSE,FALSE,FALSE,Standard Rate,Standard Rate,,10,,
PROFLEEJACKHOO-XL-LBLK,Pro Fleece Jacket with Hood (S),,TRUE,1,343,394.45,306,351.9,,,,,,,,,,,FALSE,FALSE,FALSE,Standard Rate,Standard Rate,,10,,
PROFLEEJACKHOO-2XL-LBLK,Pro Fleece Jacket with Hood (S),,TRUE,1,343,394.45,306,351.9,,,,,,,,,,,FALSE,FALSE,FALSE,Standard Rate,Standard Rate,,10,,
PROFLEEJACKHOO-S-OBLK,Pro Fleece Jacket with Hood (S),,TRUE,1,343,394.45,306,351.9,,,,,,,,,,,FALSE,FALSE,FALSE,Standard Rate,Standard Rate,,10,,
PROFLEEJACKHOO-M-OBLK,Pro Fleece Jacket with Hood (S),,TRUE,1,343,394.45,306,351.9,,,,,,,,,,,FALSE,FALSE,FALSE,Standard Rate,Standard Rate,,10,,
PROFLEEJACKHOO-L-OBLK,Pro Fleece Jacket with Hood (S),,TRUE,1,343,394.45,306,351.9,,,,,,,,,,,FALSE,FALSE,FALSE,Standard Rate,Standard Rate,,10,,
PROFLEEJACKHOO-XL-OBLK,Pro Fleece Jacket with Hood (S),,TRUE,1,343,394.45,306,351.9,,,,,,,,,,,FALSE,FALSE,FALSE,Standard Rate,Standard Rate,,10,,
PROFLEEJACKHOO-2XL-OBLK,Pro Fleece Jacket with Hood (S),,TRUE,1,343,394.45,306,351.9,,,,,,,,,,,FALSE,FALSE,FALSE,Standard Rate,Standard Rate,,10,,
2TONESOFTJACKZ-S-LBLK,"2 Tone Softshell Jacket, Zip-Off Sleeve",,TRUE,1,742,853.3,663,762.45,,,,,,,,,,,FALSE,FALSE,FALSE,Standard Rate,Standard Rate,,10,,
2TONESOFTJACKZ-M-LBLK,"2 Tone Softshell Jacket, Zip-Off Sleeve",,TRUE,1,742,853.3,663,762.45,,,,,,,,,,,FALSE,FALSE,FALSE,Standard Rate,Standard Rate,,10,,
2TONESOFTJACKZ-L-LBLK,"2 Tone Softshell Jacket, Zip-Off Sleeve",,TRUE,1,742,853.3,663,762.45,,,,,,,,,,,FALSE,FALSE,FALSE,Standard Rate,Standard Rate,,10,,
2TONESOFTJACKZ-XL-LBLK,"2 Tone Softshell Jacket, Zip-Off Sleeve",,TRUE,1,742,853.3,663,762.45,,,,,,,,,,,FALSE,FALSE,FALSE,Standard Rate,Standard Rate,,10,,
2TONESOFTJACKZ-2XL-LBLK,"2 Tone Softshell Jacket, Zip-Off Sleeve",,TRUE,1,742,853.3,663,762.45,,,,,,,,,,,FALSE,FALSE,FALSE,Standard Rate,Standard Rate,,10,,
2TONESOFTJACKZ-3XL-LBLK,"2 Tone Softshell Jacket, Zip-Off Sleeve",,TRUE,1,742,853.3,663,762.45,,,,,,,,,,,FALSE,FALSE,FALSE,Standard Rate,Standard Rate,,10,,
2TONESOFTJACKZ-S-OBLK,"2 Tone Softshell Jacket, Zip-Off Sleeve",,TRUE,1,742,853.3,663,762.45,,,,,,,,,,,FALSE,FALSE,FALSE,Standard Rate,Standard Rate,,10,,
2TONESOFTJACKZ-M-OBLK,"2 Tone Softshell Jacket, Zip-Off Sleeve",,TRUE,1,742,853.3,663,762.45,,,,,,,,,,,FALSE,FALSE,FALSE,Standard Rate,Standard Rate,,10,,
2TONESOFTJACKZ-L-OBLK,"2 Tone Softshell Jacket, Zip-Off Sleeve",,TRUE,1,742,853.3,663,762.45,,,,,,,,,,,FALSE,FALSE,FALSE,Standard Rate,Standard Rate,,10,,
2TONESOFTJACKZ-XL-OBLK,"2 Tone Softshell Jacket, Zip-Off Sleeve",,TRUE,1,742,853.3,663,762.45,,,,,,,,,,,FALSE,FALSE,FALSE,Standard Rate,Standard Rate,,10,,
2TONESOFTJACKZ-2XL-OBLK,"2 Tone Softshell Jacket, Zip-Off Sleeve",,TRUE,1,742,853.3,663,762.45,,,,,,,,,,,FALSE,FALSE,FALSE,Standard Rate,Standard Rate,,10,,
2TONESOFTJACKZ-3XL-OBLK,"2 Tone Softshell Jacket, Zip-Off Sleeve",,TRUE,1,742,853.3,663,762.45,,,,,,,,,,,FALSE,FALSE,FALSE,Standard Rate,Standard Rate,,10,,
MANSSOFTJACK-S-BLK,Man'S Softshell Jacket,,TRUE,1,518,595.7,463,532.45,,,,,,,,,,,FALSE,FALSE,FALSE,Standard Rate,Standard Rate,,10,,
MANSSOFTJACK-M-BLK,Man'S Softshell Jacket,,TRUE,1,518,595.7,463,532.45,,,,,,,,,,,FALSE,FALSE,FALSE,Standard Rate,Standard Rate,,10,,
MANSSOFTJACK-L-BLK,Man'S Softshell Jacket,,TRUE,1,518,595.7,463,532.45,,,,,,,,,,,FALSE,FALSE,FALSE,Standard Rate,Standard Rate,,10,,
MANSSOFTJACK-XL-BLK,Man'S Softshell Jacket,,TRUE,1,518,595.7,463,532.45,,,,,,,,,,,FALSE,FALSE,FALSE,Standard Rate,Standard Rate,,10,,
MANSSOFTJACK-2XL-BLK,Man'S Softshell Jacket,,TRUE,1,518,595.7,463,532.45,,,,,,,,,,,FALSE,FALSE,FALSE,Standard Rate,Standard Rate,,10,,
MANSSOFTJACK-3XL-BLK,Man'S Softshell Jacket,,TRUE,1,518,595.7,463,532.45,,,,,,,,,,,FALSE,FALSE,FALSE,Standard Rate,Standard Rate,,10,,
MANSSOFTJACK-S-N,Man'S Softshell Jacket,,TRUE,1,518,595.7,463,532.45,,,,,,,,,,,FALSE,FALSE,FALSE,Standard Rate,Standard Rate,,10,,
MANSSOFTJACK-M-N,Man'S Softshell Jacket,,TRUE,1,518,595.7,463,532.45,,,,,,,,,,,FALSE,FALSE,FALSE,Standard Rate,Standard Rate,,10,,
MANSSOFTJACK-L-N,Man'S Softshell Jacket,,TRUE,1,518,595.7,463,532.45,,,,,,,,,,,FALSE,FALSE,FALSE,Standard Rate,Standard Rate,,10,,
MANSSOFTJACK-XL-N,Man'S Softshell Jacket,,TRUE,1,518,595.7,463,532.45,,,,,,,,,,,FALSE,FALSE,FALSE,Standard Rate,Standard Rate,,10,,
MANSSOFTJACK-2XL-N,Man'S Softshell Jacket,,TRUE,1,518,595.7,463,532.45,,,,,,,,,,,FALSE,FALSE,FALSE,Standard Rate,Standard Rate,,10,,
MANSSOFTJACK-3XL-N,Man'S Softshell Jacket,,TRUE,1,518,595.7,463,532.45,,,,,,,,,,,FALSE,FALSE,FALSE,Standard Rate,Standard Rate,,10,,
TWOTONEFREEJAC-S-ON,Two Tone Freezer Jacket,,TRUE,1,525,603.75,469,539.35,,,,,,,,,,,FALSE,FALSE,FALSE,Standard Rate,Standard Rate,,10,,
TWOTONEFREEJAC-M-ON,Two Tone Freezer Jacket,,TRUE,1,525,603.75,469,539.35,,,,,,,,,,,FALSE,FALSE,FALSE,Standard Rate,Standard Rate,,10,,
TWOTONEFREEJAC-L-ON,Two Tone Freezer Jacket,,TRUE,1,525,603.75,469,539.35,,,,,,,,,,,FALSE,FALSE,FALSE,Standard Rate,Standard Rate,,10,,
TWOTONEFREEJAC-XL-ON,Two Tone Freezer Jacket,,TRUE,1,525,603.75,469,539.35,,,,,,,,,,,FALSE,FALSE,FALSE,Standard Rate,Standard Rate,,10,,
TWOTONEFREEJAC-2XL-ON,Two Tone Freezer Jacket,,TRUE,1,525,603.75,469,539.35,,,,,,,,,,,FALSE,FALSE,FALSE,Standard Rate,Standard Rate,,10,,
TWOTONEFREEJAC-3XL-ON,Two Tone Freezer Jacket,,TRUE,1,525,603.75,469,539.35,,,,,,,,,,,FALSE,FALSE,FALSE,Standard Rate,Standard Rate,,10,,
TWOTONEFREEJAC-4XL-ON,Two Tone Freezer Jacket,,TRUE,1,525,603.75,469,539.35,,,,,,,,,,,FALSE,FALSE,FALSE,Standard Rate,Standard Rate,,10,,
TWOTONEFREEJAC-S-LN,Two Tone Freezer Jacket,,TRUE,1,525,603.75,469,539.35,,,,,,,,,,,FALSE,FALSE,FALSE,Standard Rate,Standard Rate,,10,,
TWOTONEFREEJAC-M-LN,Two Tone Freezer Jacket,,TRUE,1,525,603.75,469,539.35,,,,,,,,,,,FALSE,FALSE,FALSE,Standard Rate,Standard Rate,,10,,
TWOTONEFREEJAC-L-LN,Two Tone Freezer Jacket,,TRUE,1,525,603.75,469,539.35,,,,,,,,,,,FALSE,FALSE,FALSE,Standard Rate,Standard Rate,,10,,
TWOTONEFREEJAC-XL-LN,Two Tone Freezer Jacket,,TRUE,1,525,603.75,469,539.35,,,,,,,,,,,FALSE,FALSE,FALSE,Standard Rate,Standard Rate,,10,,
TWOTONEFREEJAC-2XL-LN,Two Tone Freezer Jacket,,TRUE,1,525,603.75,469,539.35,,,,,,,,,,,FALSE,FALSE,FALSE,Standard Rate,Standard Rate,,10,,
TWOTONEFREEJAC-3XL-LN,Two Tone Freezer Jacket,,TRUE,1,525,603.75,469,539.35,,,,,,,,,,,FALSE,FALSE,FALSE,Standard Rate,Standard Rate,,10,,
TWOTONEFREEJAC-4XL-LN,Two Tone Freezer Jacket,,TRUE,1,525,603.75,469,539.35,,,,,,,,,,,FALSE,FALSE,FALSE,Standard Rate,Standard Rate,,10,,
FREEJACKM-M-N,Freezer Jacket M,,TRUE,1,114.8,132.02,102.5,117.88,,,,,,,,,,,FALSE,FALSE,FALSE,Standard Rate,Standard Rate,,10,,
FREEJACKM-L-N,Freezer Jacket M,,TRUE,1,114.8,132.02,102.5,117.88,,,,,,,,,,,FALSE,FALSE,FALSE,Standard Rate,Standard Rate,,10,,
FREEJACKM-XL-N,Freezer Jacket M,,TRUE,1,114.8,132.02,102.5,117.88,,,,,,,,,,,FALSE,FALSE,FALSE,Standard Rate,Standard Rate,,10,,
FREEJACKM-2XL-N,Freezer Jacket M,,TRUE,1,114.8,132.02,102.5,117.88,,,,,,,,,,,FALSE,FALSE,FALSE,Standard Rate,Standard Rate,,10,,
FREETROU-M-N,Freezer Trouser,,TRUE,1,114.8,132.02,102.5,117.88,,,,,,,,,,,FALSE,FALSE,FALSE,Standard Rate,Standard Rate,,10,,
FREETROU-L-N,Freezer Trouser,,TRUE,1,114.8,132.02,102.5,117.88,,,,,,,,,,,FALSE,FALSE,FALSE,Standard Rate,Standard Rate,,10,,
FREETROU-XL-N,Freezer Trouser,,TRUE,1,114.8,132.02,102.5,117.88,,,,,,,,,,,FALSE,FALSE,FALSE,Standard Rate,Standard Rate,,10,,
FREETROU-2XL-N,Freezer Trouser,,TRUE,1,114.8,132.02,102.5,117.88,,,,,,,,,,,FALSE,FALSE,FALSE,Standard Rate,Standard Rate,,10,,
BUNNJACK-S-L,Bunny Jacket,,TRUE,1,553,635.95,494,568.1,,,,,,,,,,,FALSE,FALSE,FALSE,Standard Rate,Standard Rate,,10,,
BUNNJACK-M-L,Bunny Jacket,,TRUE,1,553,635.95,494,568.1,,,,,,,,,,,FALSE,FALSE,FALSE,Standard Rate,Standard Rate,,10,,
BUNNJACK-L-L,Bunny Jacket,,TRUE,1,553,635.95,494,568.1,,,,,,,,,,,FALSE,FALSE,FALSE,Standard Rate,Standard Rate,,10,,
BUNNJACK-XL-L,Bunny Jacket,,TRUE,1,553,635.95,494,568.1,,,,,,,,,,,FALSE,FALSE,FALSE,Standard Rate,Standard Rate,,10,,
BUNNJACK-2XL-L,Bunny Jacket,,TRUE,1,553,635.95,494,568.1,,,,,,,,,,,FALSE,FALSE,FALSE,Standard Rate,Standard Rate,,10,,
BUNNJACK-3XL-L,Bunny Jacket,,TRUE,1,553,635.95,494,568.1,,,,,,,,,,,FALSE,FALSE,FALSE,Standard Rate,Standard Rate,,10,,
BUNNJACK-4XL-L,Bunny Jacket,,TRUE,1,553,635.95,494,568.1,,,,,,,,,,,FALSE,FALSE,FALSE,Standard Rate,Standard Rate,,10,,
13-5XL-L,Bunny Jacket,,TRUE,1,553,635.95,494,568.1,,,,,,,,,,,FALSE,FALSE,FALSE,Standard Rate,Standard Rate,,10,,
BUNNJACK-S-O,Bunny Jacket,,TRUE,1,553,635.95,494,568.1,,,,,,,,,,,FALSE,FALSE,FALSE,Standard Rate,Standard Rate,,10,,
BUNNJACK-M-O,Bunny Jacket,,TRUE,1,553,635.95,494,568.1,,,,,,,,,,,FALSE,FALSE,FALSE,Standard Rate,Standard Rate,,10,,
BUNNJACK-L-O,Bunny Jacket,,TRUE,1,553,635.95,494,568.1,,,,,,,,,,,FALSE,FALSE,FALSE,Standard Rate,Standard Rate,,10,,
BUNNJACK-XL-O,Bunny Jacket,,TRUE,1,553,635.95,494,568.1,,,,,,,,,,,FALSE,FALSE,FALSE,Standard Rate,Standard Rate,,10,,
BUNNJACK-2XL-O,Bunny Jacket,,TRUE,1,553,635.95,494,568.1,,,,,,,,,,,FALSE,FALSE,FALSE,Standard Rate,Standard Rate,,10,,
BUNNJACK-3XL-O,Bunny Jacket,,TRUE,1,553,635.95,494,568.1,,,,,,,,,,,FALSE,FALSE,FALSE,Standard Rate,Standard Rate,,10,,
BUNNJACK-4XL-O,Bunny Jacket,,TRUE,1,553,635.95,494,568.1,,,,,,,,,,,FALSE,FALSE,FALSE,Standard Rate,Standard Rate,,10,,
13-5XL-O,Bunny Jacket,,TRUE,1,553,635.95,494,568.1,,,,,,,,,,,FALSE,FALSE,FALSE,Standard Rate,Standard Rate,,10,,
BUNNJACK-S-N,Bunny Jacket,,TRUE,1,553,635.95,494,568.1,,,,,,,,,,,FALSE,FALSE,FALSE,Standard Rate,Standard Rate,,10,,
BUNNJACK-M-N,Bunny Jacket,,TRUE,1,553,635.95,494,568.1,,,,,,,,,,,FALSE,FALSE,FALSE,Standard Rate,Standard Rate,,10,,
BUNNJACK-L-N,Bunny Jacket,,TRUE,1,553,635.95,494,568.1,,,,,,,,,,,FALSE,FALSE,FALSE,Standard Rate,Standard Rate,,10,,
BUNNJACK-XL-N,Bunny Jacket,,TRUE,1,553,635.95,494,568.1,,,,,,,,,,,FALSE,FALSE,FALSE,Standard Rate,Standard Rate,,10,,
BUNNJACK-2XL-N,Bunny Jacket,,TRUE,1,553,635.95,494,568.1,,,,,,,,,,,FALSE,FALSE,FALSE,Standard Rate,Standard Rate,,10,,
BUNNJACK-3XL-N,Bunny Jacket,,TRUE,1,553,635.95,494,568.1,,,,,,,,,,,FALSE,FALSE,FALSE,Standard Rate,Standard Rate,,10,,
BUNNJACK-4XL-N,Bunny Jacket,,TRUE,1,553,635.95,494,568.1,,,,,,,,,,,FALSE,FALSE,FALSE,Standard Rate,Standard Rate,,10,,
13-5XL-N,Bunny Jacket,,TRUE,1,553,635.95,494,568.1,,,,,,,,,,,FALSE,FALSE,FALSE,Standard Rate,Standard Rate,,10,,
13-FR59J-S-N,D59 Flame & Acid Resist Winter Jacket,,TRUE,1,924,1062.6,825,948.75,,,,,,,,,,,FALSE,FALSE,FALSE,Standard Rate,Standard Rate,,10,,
13-FR59J-M-N,D59 Flame & Acid Resist Winter Jacket,,TRUE,1,924,1062.6,825,948.75,,,,,,,,,,,FALSE,FALSE,FALSE,Standard Rate,Standard Rate,,10,,
13-FR59J-L-N,D59 Flame & Acid Resist Winter Jacket,,TRUE,1,924,1062.6,825,948.75,,,,,,,,,,,FALSE,FALSE,FALSE,Standard Rate,Standard Rate,,10,,
13-FR59J-XL-N,D59 Flame & Acid Resist Winter Jacket,,TRUE,1,924,1062.6,825,948.75,,,,,,,,,,,FALSE,FALSE,FALSE,Standard Rate,Standard Rate,,10,,
13-FR59J-2XL-N,D59 Flame & Acid Resist Winter Jacket,,TRUE,1,924,1062.6,825,948.75,,,,,,,,,,,FALSE,FALSE,FALSE,Standard Rate,Standard Rate,,10,,
DISPCOVENONWOV-S-W,Disposable Coveralls (Non Woven) 40GSM with Zip & Hood,,TRUE,1,22,25.3,20,23,,,,,,,,,,,FALSE,FALSE,FALSE,Standard Rate,Standard Rate,,10,,
DISPCOVENONWOV-M-W,Disposable Coveralls (Non Woven) 40GSM with Zip & Hood,,TRUE,1,22,25.3,20,23,,,,,,,,,,,FALSE,FALSE,FALSE,Standard Rate,Standard Rate,,10,,
DISPCOVENONWOV-L-W,Disposable Coveralls (Non Woven) 40GSM with Zip & Hood,,TRUE,1,22,25.3,20,23,,,,,,,,,,,FALSE,FALSE,FALSE,Standard Rate,Standard Rate,,10,,
DISPCOVENONWOV-XL-W,Disposable Coveralls (Non Woven) 40GSM with Zip & Hood,,TRUE,1,22,25.3,20,23,,,,,,,,,,,FALSE,FALSE,FALSE,Standard Rate,Standard Rate,,10,,
DISPCOVENONWOV-2XL-W,Disposable Coveralls (Non Woven) 40GSM with Zip & Hood,,TRUE,1,22,25.3,20,23,,,,,,,,,,,FALSE,FALSE,FALSE,Standard Rate,Standard Rate,,10,,
DISPCOVENONWOV-3XL-W,Disposable Coveralls (Non Woven) 40GSM with Zip & Hood,,TRUE,1,22,25.3,20,23,,,,,,,,,,,FALSE,FALSE,FALSE,Standard Rate,Standard Rate,,10,,
DISPCOVENONWOV-S-B,Disposable Coveralls (Non Woven) 40GSM with Zip & Hood,,TRUE,1,22,25.3,20,23,,,,,,,,,,,FALSE,FALSE,FALSE,Standard Rate,Standard Rate,,10,,
DISPCOVENONWOV-M-B,Disposable Coveralls (Non Woven) 40GSM with Zip & Hood,,TRUE,1,22,25.3,20,23,,,,,,,,,,,FALSE,FALSE,FALSE,Standard Rate,Standard Rate,,10,,
DISPCOVENONWOV-L-B,Disposable Coveralls (Non Woven) 40GSM with Zip & Hood,,TRUE,1,22,25.3,20,23,,,,,,,,,,,FALSE,FALSE,FALSE,Standard Rate,Standard Rate,,10,,
DISPCOVENONWOV-XL-B,Disposable Coveralls (Non Woven) 40GSM with Zip & Hood,,TRUE,1,22,25.3,20,23,,,,,,,,,,,FALSE,FALSE,FALSE,Standard Rate,Standard Rate,,10,,
DISPCOVENONWOV-2XL-B,Disposable Coveralls (Non Woven) 40GSM with Zip & Hood,,TRUE,1,22,25.3,20,23,,,,,,,,,,,FALSE,FALSE,FALSE,Standard Rate,Standard Rate,,10,,
DISPCOVENONWOV-3XL-B,Disposable Coveralls (Non Woven) 40GSM with Zip & Hood,,TRUE,1,22,25.3,20,23,,,,,,,,,,,FALSE,FALSE,FALSE,Standard Rate,Standard Rate,,10,,
DISPOVERTYPE45-M-B,"Disposable Overall Type 4/5/6, EN1149,EN13034",,TRUE,1,55,63.25,49,56.35,,,,,,,,,,,FALSE,FALSE,FALSE,Standard Rate,Standard Rate,,10,,
DISPOVERTYPE45-L-B,"Disposable Overall Type 4/5/6, EN1149,EN13034",,TRUE,1,55,63.25,49,56.35,,,,,,,,,,,FALSE,FALSE,FALSE,Standard Rate,Standard Rate,,10,,
DISPOVERTYPE45-XL-B,"Disposable Overall Type 4/5/6, EN1149,EN13034",,TRUE,1,55,63.25,49,56.35,,,,,,,,,,,FALSE,FALSE,FALSE,Standard Rate,Standard Rate,,10,,
DISPOVERTYPE45-2XL-B,"Disposable Overall Type 4/5/6, EN1149,EN13034",,TRUE,1,55,63.25,49,56.35,,,,,,,,,,,FALSE,FALSE,FALSE,Standard Rate,Standard Rate,,10,,
DISPOVERTYPE45-3XL-B,"Disposable Overall Type 4/5/6, EN1149,EN13034",,TRUE,1,55,63.25,49,56.35,,,,,,,,,,,FALSE,FALSE,FALSE,Standard Rate,Standard Rate,,10,,
"13-18""-18""-W",Mop Cap 18,,TRUE,1,,0,,0,,,,,,,,,,,FALSE,FALSE,FALSE,Standard Rate,Standard Rate,,10,,
"13-18""-18""-B",Mop Cap 18,,TRUE,1,,0,,0,,,,,,,,,,,FALSE,FALSE,FALSE,Standard Rate,Standard Rate,,10,,
"13-18""-18""-R",Mop Cap 18,,TRUE,1,,0,,0,,,,,,,,,,,FALSE,FALSE,FALSE,Standard Rate,Standard Rate,,10,,
"13-18""-18""-G",Mop Cap 18,,TRUE,1,,0,,0,,,,,,,,,,,FALSE,FALSE,FALSE,Standard Rate,Standard Rate,,10,,
"13-18""-18""-Y",Mop Cap 18,,TRUE,1,,0,,0,,,,,,,,,,,FALSE,FALSE,FALSE,Standard Rate,Standard Rate,,10,,
"13-18""-18""-BLK",Mop Cap 18,,TRUE,1,,0,,0,,,,,,,,,,,FALSE,FALSE,FALSE,Standard Rate,Standard Rate,,10,,
13-100260,"Disposable Shoe Cover (Non Woven, 50gsm) ( Min Order 1000/Box)",,TRUE,1,1.4,1.61,1.25,1.44,,,,,,,,,,,FALSE,FALSE,FALSE,Standard Rate,Standard Rate,,10,,
13-100266,Clear Deli Glove ( Min Order 1000/Box),,TRUE,1,0.084,0.0966,0.075,0.09,,,,,,,,,,,FALSE,FALSE,FALSE,Standard Rate,Standard Rate,,10,,
13-100266A-W,PE Sleeve Cover ( Min Order 1000/Box),,TRUE,1,0.714,0.8211,0.6375,0.73,,,,,,,,,,,FALSE,FALSE,FALSE,Standard Rate,Standard Rate,,10,,
13-100266B-B,PE Sleeve Cover ( Min Order 1000/Box),,TRUE,1,0.714,0.8211,0.6375,0.73,,,,,,,,,,,FALSE,FALSE,FALSE,Standard Rate,Standard Rate,,10,,
13-100266C-W,PE Apron ( Min Order 1000/Box),,TRUE,1,0.882,1.0143,0.7875,0.91,,,,,,,,,,,FALSE,FALSE,FALSE,Standard Rate,Standard Rate,,10,,
13-100266D-B,PE Apron ( Min Order 1000/Box),,TRUE,1,0.91,1.0465,0.8125,0.93,,,,,,,,,,,FALSE,FALSE,FALSE,Standard Rate,Standard Rate,,10,,
13-100360-G,PVC Apron Heavy Duty 400gm,,TRUE,1,33.6,38.64,30,34.5,,,,,,,,,,,FALSE,FALSE,FALSE,Standard Rate,Standard Rate,,10,,
13-100361-Y,PVC Apron Heavy Duty 400gm,,TRUE,1,33.6,38.64,30,34.5,,,,,,,,,,,FALSE,FALSE,FALSE,Standard Rate,Standard Rate,,10,,
13-100362-W,PVC Apron Heavy Duty 400gm,,TRUE,1,33.6,38.64,30,34.5,,,,,,,,,,,FALSE,FALSE,FALSE,Standard Rate,Standard Rate,,10,,
13-100363-R,PVC Apron Heavy Duty 400gm,,TRUE,1,33.6,38.64,30,34.5,,,,,,,,,,,FALSE,FALSE,FALSE,Standard Rate,Standard Rate,,10,,
13-1004749-B,"Emergency Rain Poncho with Hood, Reusable",,TRUE,1,7,8.05,6.25,7.19,,,,,,,,,,,FALSE,FALSE,FALSE,Standard Rate,Standard Rate,,10,,
13-1004749L-S-L,Canadian Rain Jacket,,TRUE,1,7,8.05,6.25,7.19,,,,,,,,,,,FALSE,FALSE,FALSE,Standard Rate,Standard Rate,,10,,
13-1004749L-M-L,Canadian Rain Jacket,,TRUE,1,7,8.05,6.25,7.19,,,,,,,,,,,FALSE,FALSE,FALSE,Standard Rate,Standard Rate,,10,,
13-1004749L-L,Canadian Rain Jacket,,TRUE,1,7,8.05,6.25,7.19,,,,,,,,,,,FALSE,FALSE,FALSE,Standard Rate,Standard Rate,,10,,
13-1004749L-XL-L,Canadian Rain Jacket,,TRUE,1,7,8.05,6.25,7.19,,,,,,,,,,,FALSE,FALSE,FALSE,Standard Rate,Standard Rate,,10,,
13-1004749L-2XL-L,Canadian Rain Jacket,,TRUE,1,7,8.05,6.25,7.19,,,,,,,,,,,FALSE,FALSE,FALSE,Standard Rate,Standard Rate,,10,,
13-1004749L-3XL-L,Canadian Rain Jacket,,TRUE,1,7,8.05,6.25,7.19,,,,,,,,,,,FALSE,FALSE,FALSE,Standard Rate,Standard Rate,,10,,
13-1004749O-S-O,Canadian Rain Jacket,,TRUE,1,7,8.05,6.25,7.19,,,,,,,,,,,FALSE,FALSE,FALSE,Standard Rate,Standard Rate,,10,,
13-1004749O-M-O,Canadian Rain Jacket,,TRUE,1,7,8.05,6.25,7.19,,,,,,,,,,,FALSE,FALSE,FALSE,Standard Rate,Standard Rate,,10,,
13-1004749O-L-O,Canadian Rain Jacket,,TRUE,1,7,8.05,6.25,7.19,,,,,,,,,,,FALSE,FALSE,FALSE,Standard Rate,Standard Rate,,10,,
13-1004749O-XL-O,Canadian Rain Jacket,,TRUE,1,7,8.05,6.25,7.19,,,,,,,,,,,FALSE,FALSE,FALSE,Standard Rate,Standard Rate,,10,,
13-1004749O-2XL-O,Canadian Rain Jacket,,TRUE,1,7,8.05,6.25,7.19,,,,,,,,,,,FALSE,FALSE,FALSE,Standard Rate,Standard Rate,,10,,
13-1004749O-3XL-O,Canadian Rain Jacket,,TRUE,1,7,8.05,6.25,7.19,,,,,,,,,,,FALSE,FALSE,FALSE,Standard Rate,Standard Rate,,10,,
PVCRUBBRAINSUI-S-N,PVC Rubberised Rain Suit,,TRUE,1,127,146.05,114,131.1,,,,,,,,,,,FALSE,FALSE,FALSE,Standard Rate,Standard Rate,,10,,
PVCRUBBRAINSUI-M-N,PVC Rubberised Rain Suit,,TRUE,1,127,146.05,114,131.1,,,,,,,,,,,FALSE,FALSE,FALSE,Standard Rate,Standard Rate,,10,,
PVCRUBBRAINSUI-L-N,PVC Rubberised Rain Suit,,TRUE,1,127,146.05,114,131.1,,,,,,,,,,,FALSE,FALSE,FALSE,Standard Rate,Standard Rate,,10,,
PVCRUBBRAINSUI-XL-N,PVC Rubberised Rain Suit,,TRUE,1,127,146.05,114,131.1,,,,,,,,,,,FALSE,FALSE,FALSE,Standard Rate,Standard Rate,,10,,
PVCRUBBRAINSUI-2XL-N,PVC Rubberised Rain Suit,,TRUE,1,127,146.05,114,131.1,,,,,,,,,,,FALSE,FALSE,FALSE,Standard Rate,Standard Rate,,10,,
PVCRUBBRAINSUI-3XL-N,PVC Rubberised Rain Suit,,TRUE,1,127,146.05,114,131.1,,,,,,,,,,,FALSE,FALSE,FALSE,Standard Rate,Standard Rate,,10,,
PVCRUBBRAINSUI-S-Y,PVC Rubberised Rain Suit,,TRUE,1,127,146.05,114,131.1,,,,,,,,,,,FALSE,FALSE,FALSE,Standard Rate,Standard Rate,,10,,
PVCRUBBRAINSUI-M-Y,PVC Rubberised Rain Suit,,TRUE,1,127,146.05,114,131.1,,,,,,,,,,,FALSE,FALSE,FALSE,Standard Rate,Standard Rate,,10,,
PVCRUBBRAINSUI-L-Y,PVC Rubberised Rain Suit,,TRUE,1,127,146.05,114,131.1,,,,,,,,,,,FALSE,FALSE,FALSE,Standard Rate,Standard Rate,,10,,
PVCRUBBRAINSUI-XL-Y,PVC Rubberised Rain Suit,,TRUE,1,127,146.05,114,131.1,,,,,,,,,,,FALSE,FALSE,FALSE,Standard Rate,Standard Rate,,10,,
PVCRUBBRAINSUI-2XL-Y,PVC Rubberised Rain Suit,,TRUE,1,127,146.05,114,131.1,,,,,,,,,,,FALSE,FALSE,FALSE,Standard Rate,Standard Rate,,10,,
PVCRUBBRAINSUI-3XL-Y,PVC Rubberised Rain Suit,,TRUE,1,127,146.05,114,131.1,,,,,,,,,,,FALSE,FALSE,FALSE,Standard Rate,Standard Rate,,10,,
PVCRUBBRAINSUI2-S-OLG,PVC Rubberised Rain Suit Olive,,TRUE,1,127,146.05,114,131.1,,,,,,,,,,,FALSE,FALSE,FALSE,Standard Rate,Standard Rate,,10,,
PVCRUBBRAINSUI2-M-OLG,PVC Rubberised Rain Suit Olive,,TRUE,1,127,146.05,114,131.1,,,,,,,,,,,FALSE,FALSE,FALSE,Standard Rate,Standard Rate,,10,,
PVCRUBBRAINSUI2-L-OLG,PVC Rubberised Rain Suit Olive,,TRUE,1,127,146.05,114,131.1,,,,,,,,,,,FALSE,FALSE,FALSE,Standard Rate,Standard Rate,,10,,
PVCRUBBRAINSUI2-XL-OLG,PVC Rubberised Rain Suit Olive,,TRUE,1,127,146.05,114,131.1,,,,,,,,,,,FALSE,FALSE,FALSE,Standard Rate,Standard Rate,,10,,
PVCRUBBRAINSUI2-2XL-OLG,PVC Rubberised Rain Suit Olive,,TRUE,1,127,146.05,114,131.1,,,,,,,,,,,FALSE,FALSE,FALSE,Standard Rate,Standard Rate,,10,,
PVCRUBBRAINSUI2-3XL-OLG,PVC Rubberised Rain Suit Olive,,TRUE,1,127,146.05,114,131.1,,,,,,,,,,,FALSE,FALSE,FALSE,Standard Rate,Standard Rate,,10,,
PVCRUBBRAINSUI3-S-N,PVC Rubberised Rain Suit with Reflective Tape,,TRUE,1,147,169.05,131,150.65,,,,,,,,,,,FALSE,FALSE,FALSE,Standard Rate,Standard Rate,,10,,
PVCRUBBRAINSUI3-M-N,PVC Rubberised Rain Suit with Reflective Tape,,TRUE,1,147,169.05,131,150.65,,,,,,,,,,,FALSE,FALSE,FALSE,Standard Rate,Standard Rate,,10,,
PVCRUBBRAINSUI3-L-N,PVC Rubberised Rain Suit with Reflective Tape,,TRUE,1,147,169.05,131,150.65,,,,,,,,,,,FALSE,FALSE,FALSE,Standard Rate,Standard Rate,,10,,
PVCRUBBRAINSUI3-XL-N,PVC Rubberised Rain Suit with Reflective Tape,,TRUE,1,147,169.05,131,150.65,,,,,,,,,,,FALSE,FALSE,FALSE,Standard Rate,Standard Rate,,10,,
PVCRUBBRAINSUI3-2XL-N,PVC Rubberised Rain Suit with Reflective Tape,,TRUE,1,147,169.05,131,150.65,,,,,,,,,,,FALSE,FALSE,FALSE,Standard Rate,Standard Rate,,10,,
PVCRUBBRAINSUI3-3XL-N,PVC Rubberised Rain Suit with Reflective Tape,,TRUE,1,147,169.05,131,150.65,,,,,,,,,,,FALSE,FALSE,FALSE,Standard Rate,Standard Rate,,10,,
PVCRUBBRAINSUI3-S-Y,PVC Rubberised Rain Suit with Reflective Tape,,TRUE,1,147,169.05,131,150.65,,,,,,,,,,,FALSE,FALSE,FALSE,Standard Rate,Standard Rate,,10,,
PVCRUBBRAINSUI3-M-Y,PVC Rubberised Rain Suit with Reflective Tape,,TRUE,1,147,169.05,131,150.65,,,,,,,,,,,FALSE,FALSE,FALSE,Standard Rate,Standard Rate,,10,,
PVCRUBBRAINSUI3-L-Y,PVC Rubberised Rain Suit with Reflective Tape,,TRUE,1,147,169.05,131,150.65,,,,,,,,,,,FALSE,FALSE,FALSE,Standard Rate,Standard Rate,,10,,
PVCRUBBRAINSUI3-XL-Y,PVC Rubberised Rain Suit with Reflective Tape,,TRUE,1,147,169.05,131,150.65,,,,,,,,,,,FALSE,FALSE,FALSE,Standard Rate,Standard Rate,,10,,
PVCRUBBRAINSUI3-2XL-Y,PVC Rubberised Rain Suit with Reflective Tape,,TRUE,1,147,169.05,131,150.65,,,,,,,,,,,FALSE,FALSE,FALSE,Standard Rate,Standard Rate,,10,,
PVCRUBBRAINSUI3-3XL-Y,PVC Rubberised Rain Suit with Reflective Tape,,TRUE,1,147,169.05,131,150.65,,,,,,,,,,,FALSE,FALSE,FALSE,Standard Rate,Standard Rate,,10,,
PVCRUBBRAINSUI4-S-OLG,PVC Rubberised Rain Suit with Reflective Olive,,TRUE,1,147,169.05,131,150.65,,,,,,,,,,,FALSE,FALSE,FALSE,Standard Rate,Standard Rate,,10,,
PVCRUBBRAINSUI4-M-OLG,PVC Rubberised Rain Suit with Reflective Olive,,TRUE,1,147,169.05,131,150.65,,,,,,,,,,,FALSE,FALSE,FALSE,Standard Rate,Standard Rate,,10,,
PVCRUBBRAINSUI4-L-OLG,PVC Rubberised Rain Suit with Reflective Olive,,TRUE,1,147,169.05,131,150.65,,,,,,,,,,,FALSE,FALSE,FALSE,Standard Rate,Standard Rate,,10,,
PVCRUBBRAINSUI4-XL-OLG,PVC Rubberised Rain Suit with Reflective Olive,,TRUE,1,147,169.05,131,150.65,,,,,,,,,,,FALSE,FALSE,FALSE,Standard Rate,Standard Rate,,10,,
PVCRUBBRAINSUI4-2XL-OLG,PVC Rubberised Rain Suit with Reflective Olive,,TRUE,1,147,169.05,131,150.65,,,,,,,,,,,FALSE,FALSE,FALSE,Standard Rate,Standard Rate,,10,,
PVCRUBBRAINSUI4-3XL-OLG,PVC Rubberised Rain Suit with Reflective Olive,,TRUE,1,147,169.05,131,150.65,,,,,,,,,,,FALSE,FALSE,FALSE,Standard Rate,Standard Rate,,10,,
PVCRUBBRAINSUI3-S-L,PVC Rubberised Rain Suit with Reflective Tape,,TRUE,1,157,180.55,140,161,,,,,,,,,,,FALSE,FALSE,FALSE,Standard Rate,Standard Rate,,10,,
PVCRUBBRAINSUI3-M-L,PVC Rubberised Rain Suit with Reflective Tape,,TRUE,1,157,180.55,140,161,,,,,,,,,,,FALSE,FALSE,FALSE,Standard Rate,Standard Rate,,10,,
PVCRUBBRAINSUI3-L-L,PVC Rubberised Rain Suit with Reflective Tape,,TRUE,1,157,180.55,140,161,,,,,,,,,,,FALSE,FALSE,FALSE,Standard Rate,Standard Rate,,10,,
PVCRUBBRAINSUI3-XL-L,PVC Rubberised Rain Suit with Reflective Tape,,TRUE,1,157,180.55,140,161,,,,,,,,,,,FALSE,FALSE,FALSE,Standard Rate,Standard Rate,,10,,
PVCRUBBRAINSUI3-2XL-L,PVC Rubberised Rain Suit with Reflective Tape,,TRUE,1,157,180.55,140,161,,,,,,,,,,,FALSE,FALSE,FALSE,Standard Rate,Standard Rate,,10,,
PVCRUBBRAINSUI3-S-O,PVC Rubberised Rain Suit with Reflective Tape,,TRUE,1,157,180.55,140,161,,,,,,,,,,,FALSE,FALSE,FALSE,Standard Rate,Standard Rate,,10,,
PVCRUBBRAINSUI3-M-O,PVC Rubberised Rain Suit with Reflective Tape,,TRUE,1,157,180.55,140,161,,,,,,,,,,,FALSE,FALSE,FALSE,Standard Rate,Standard Rate,,10,,
PVCRUBBRAINSUI3-L-O,PVC Rubberised Rain Suit with Reflective Tape,,TRUE,1,157,180.55,140,161,,,,,,,,,,,FALSE,FALSE,FALSE,Standard Rate,Standard Rate,,10,,
PVCRUBBRAINSUI3-XL-O,PVC Rubberised Rain Suit with Reflective Tape,,TRUE,1,157,180.55,140,161,,,,,,,,,,,FALSE,FALSE,FALSE,Standard Rate,Standard Rate,,10,,
PVCRUBBRAINSUI3-2XL-O,PVC Rubberised Rain Suit with Reflective Tape,,TRUE,1,157,180.55,140,161,,,,,,,,,,,FALSE,FALSE,FALSE,Standard Rate,Standard Rate,,10,,
PVCRUBBRAINCOA-S-Y,PVC Rubberised Rain Coat,,TRUE,1,102,117.3,91,104.65,,,,,,,,,,,FALSE,FALSE,FALSE,Standard Rate,Standard Rate,,10,,
PVCRUBBRAINCOA-M-Y,PVC Rubberised Rain Coat,,TRUE,1,102,117.3,91,104.65,,,,,,,,,,,FALSE,FALSE,FALSE,Standard Rate,Standard Rate,,10,,
PVCRUBBRAINCOA-L-Y,PVC Rubberised Rain Coat,,TRUE,1,102,117.3,91,104.65,,,,,,,,,,,FALSE,FALSE,FALSE,Standard Rate,Standard Rate,,10,,
PVCRUBBRAINCOA-XL-Y,PVC Rubberised Rain Coat,,TRUE,1,102,117.3,91,104.65,,,,,,,,,,,FALSE,FALSE,FALSE,Standard Rate,Standard Rate,,10,,
PVCRUBBRAINCOA-2XL-Y,PVC Rubberised Rain Coat,,TRUE,1,102,117.3,91,104.65,,,,,,,,,,,FALSE,FALSE,FALSE,Standard Rate,Standard Rate,,10,,
PVCRUBBRAINCOA-3XL-Y,PVC Rubberised Rain Coat,,TRUE,1,102,117.3,91,104.65,,,,,,,,,,,FALSE,FALSE,FALSE,Standard Rate,Standard Rate,,10,,
PVCRUBBRAINCOA-M-N,PVC Rubberised Rain Coat,,TRUE,1,102,117.3,91,104.65,,,,,,,,,,,FALSE,FALSE,FALSE,Standard Rate,Standard Rate,,10,,
PVCRUBBRAINCOA-L-N,PVC Rubberised Rain Coat,,TRUE,1,102,117.3,91,104.65,,,,,,,,,,,FALSE,FALSE,FALSE,Standard Rate,Standard Rate,,10,,
PVCRUBBRAINCOA-XL-N,PVC Rubberised Rain Coat,,TRUE,1,102,117.3,91,104.65,,,,,,,,,,,FALSE,FALSE,FALSE,Standard Rate,Standard Rate,,10,,
PVCRUBBRAINCOA-2XL-N,PVC Rubberised Rain Coat,,TRUE,1,102,117.3,91,104.65,,,,,,,,,,,FALSE,FALSE,FALSE,Standard Rate,Standard Rate,,10,,
PVCRUBBRAINCOA-3XL-N,PVC Rubberised Rain Coat,,TRUE,1,102,117.3,91,104.65,,,,,,,,,,,FALSE,FALSE,FALSE,Standard Rate,Standard Rate,,10,,
SUEDLEATWELDJA-M-Y,Suede Leather Welding Jacket,,TRUE,1,546,627.9,488,561.2,,,,,,,,,,,FALSE,FALSE,FALSE,Standard Rate,Standard Rate,,10,,
SUEDLEATWELDJA-L-Y,Suede Leather Welding Jacket,,TRUE,1,546,627.9,488,561.2,,,,,,,,,,,FALSE,FALSE,FALSE,Standard Rate,Standard Rate,,10,,
SUEDLEATWELDJA-XL-Y,Suede Leather Welding Jacket,,TRUE,1,546,627.9,488,561.2,,,,,,,,,,,FALSE,FALSE,FALSE,Standard Rate,Standard Rate,,10,,
SUEDLEATWELDJA-2XL-Y,Suede Leather Welding Jacket,,TRUE,1,546,627.9,488,561.2,,,,,,,,,,,FALSE,FALSE,FALSE,Standard Rate,Standard Rate,,10,,
SUEDLEATWELDYO-M-Y,Suede Leather Welding Yoke & Apron in One,,TRUE,1,504,579.6,450,517.5,,,,,,,,,,,FALSE,FALSE,FALSE,Standard Rate,Standard Rate,,10,,
SUEDLEATWELDYO-L-Y,Suede Leather Welding Yoke & Apron in One,,TRUE,1,504,579.6,450,517.5,,,,,,,,,,,FALSE,FALSE,FALSE,Standard Rate,Standard Rate,,10,,
SUEDLEATWELDYO-XL-Y,Suede Leather Welding Yoke & Apron in One,,TRUE,1,504,579.6,450,517.5,,,,,,,,,,,FALSE,FALSE,FALSE,Standard Rate,Standard Rate,,10,,
SUEDLEATWELDYO-2XL-Y,Suede Leather Welding Yoke & Apron in One,,TRUE,1,504,579.6,450,517.5,,,,,,,,,,,FALSE,FALSE,FALSE,Standard Rate,Standard Rate,,10,,
CHROLEATWELDJA-M-CHROME,Chrome Leather Welding Jacket,,TRUE,1,378,434.7,338,388.7,,,,,,,,,,,FALSE,FALSE,FALSE,Standard Rate,Standard Rate,,10,,
CHROLEATWELDJA-L-CHROME,Chrome Leather Welding Jacket,,TRUE,1,378,434.7,338,388.7,,,,,,,,,,,FALSE,FALSE,FALSE,Standard Rate,Standard Rate,,10,,
CHROLEATWELDJA-XL-CHROME,Chrome Leather Welding Jacket,,TRUE,1,378,434.7,338,388.7,,,,,,,,,,,FALSE,FALSE,FALSE,Standard Rate,Standard Rate,,10,,
CHROLEATWELDJA-2XL-CHROME,Chrome Leather Welding Jacket,,TRUE,1,378,434.7,338,388.7,,,,,,,,,,,FALSE,FALSE,FALSE,Standard Rate,Standard Rate,,10,,
CHROLEATTROU-M-CHROME,Chrome Leather Trouser,,TRUE,1,378,434.7,338,388.7,,,,,,,,,,,FALSE,FALSE,FALSE,Standard Rate,Standard Rate,,10,,
CHROLEATTROU-L-CHROME,Chrome Leather Trouser,,TRUE,1,378,434.7,338,388.7,,,,,,,,,,,FALSE,FALSE,FALSE,Standard Rate,Standard Rate,,10,,
CHROLEATTROU-XL-CHROME,Chrome Leather Trouser,,TRUE,1,378,434.7,338,388.7,,,,,,,,,,,FALSE,FALSE,FALSE,Standard Rate,Standard Rate,,10,,
CHROLEATTROU-2XL-CHROME,Chrome Leather Trouser,,TRUE,1,378,434.7,338,388.7,,,,,,,,,,,FALSE,FALSE,FALSE,Standard Rate,Standard Rate,,10,,
13-900x600mm,Chrome Leather Welding Apron 1 Piece (A-Grade) 900 X,,TRUE,1,108,124.2,96,110.4,,,,,,,,,,,FALSE,FALSE,FALSE,Standard Rate,Standard Rate,,10,,
13-600x1200mm,Chrome Leather Welding Apron 1 Piece (A-Grade) 600 X,,TRUE,1,132,151.8,118,135.7,,,,,,,,,,,FALSE,FALSE,FALSE,Standard Rate,Standard Rate,,10,,
13-100124-M,Chrome Leather Yoke (M),,TRUE,1,180.6,207.69,161.25,185.44,,,,,,,,,,,FALSE,FALSE,FALSE,Standard Rate,Standard Rate,,10,,
13-100124-L,Chrome Leather Yoke (M),,TRUE,1,180.6,207.69,161.25,185.44,,,,,,,,,,,FALSE,FALSE,FALSE,Standard Rate,Standard Rate,,10,,
13-100124-XL,Chrome Leather Yoke (M),,TRUE,1,180.6,207.69,161.25,185.44,,,,,,,,,,,FALSE,FALSE,FALSE,Standard Rate,Standard Rate,,10,,
13-100124-2XL,Chrome Leather Yoke (M),,TRUE,1,180.6,207.69,161.25,185.44,,,,,,,,,,,FALSE,FALSE,FALSE,Standard Rate,Standard Rate,,10,,
13-100124-3XL,Chrome Leather Yoke (M),,TRUE,1,180.6,207.69,161.25,185.44,,,,,,,,,,,FALSE,FALSE,FALSE,Standard Rate,Standard Rate,,10,,
13-100124-4XL,Chrome Leather Yoke (M),,TRUE,1,180.6,207.69,161.25,185.44,,,,,,,,,,,FALSE,FALSE,FALSE,Standard Rate,Standard Rate,,10,,
13-100122,Chrome Leather Ankle Spats,,TRUE,1,49,56.35,43.75,50.31,,,,,,,,,,,FALSE,FALSE,FALSE,Standard Rate,Standard Rate,,10,,
13-100123,Chrome Leather Knee Spats,,TRUE,1,98,112.7,87.5,100.63,,,,,,,,,,,FALSE,FALSE,FALSE,Standard Rate,Standard Rate,,10,,
8-100210-Y,Welding Curtain with Eye Lids 2m X 2m,,TRUE,1,240.8,276.92,215,247.25,,,,,,,,,,,FALSE,FALSE,FALSE,Standard Rate,Standard Rate,,10,,
8-100211-Y,Welding Curtain with Eye Lids 3m X 2m,,TRUE,1,266,305.9,237.5,273.13,,,,,,,,,,,FALSE,FALSE,FALSE,Standard Rate,Standard Rate,,10,,
8-100212-Y,Welding Curtain with Eye Lids 3m X 3m,,TRUE,1,399,458.85,356.25,409.69,,,,,,,,,,,FALSE,FALSE,FALSE,Standard Rate,Standard Rate,,10,,
8-100217-W,Glass Fibre Fire Blanket Sasol Spec 550°C 2m X 2,,TRUE,1,476,547.4,425,488.75,,,,,,,,,,,FALSE,FALSE,FALSE,Standard Rate,Standard Rate,,10,,
8-100218-W,Glass Fibre Fire Blanket Sasol Spec 550°C 3m X 2,,TRUE,1,725.2,833.98,647.5,744.63,,,,,,,,,,,FALSE,FALSE,FALSE,Standard Rate,Standard Rate,,10,,
8-1002181-W,Glass Fibre Fire Blanket Sasol Spec 550°C 3m X 3,,TRUE,1,1078,1239.7,962.5,1106.88,,,,,,,,,,,FALSE,FALSE,FALSE,Standard Rate,Standard Rate,,10,,
8-100225,Glass Fibre Fire Blanket Sasol Spec 550°C 1m X 5,,TRUE,1,2793,3211.95,2493.75,2867.81,,,,,,,,,,,FALSE,FALSE,FALSE,Standard Rate,Standard Rate,,10,,
TEC007202,Retail Pack PU Coated Glove,,TRUE,1,21.994,25.2931,19.6375,22.58,,,,,,,,,,,FALSE,FALSE,FALSE,Standard Rate,Standard Rate,,10,,
TEC007203,Retail Pack Sp-Flex Smooth Palm Nitrile Coated Glove,,TRUE,1,20.524,23.6026,18.325,21.07,,,,,,,,,,,FALSE,FALSE,FALSE,Standard Rate,Standard Rate,,10,,
TEC007204,Retail Pack Sp-Flex HD Sandy Palm Nitrile Coated Glove,,TRUE,1,33.726,38.7849,30.1125,34.63,,,,,,,,,,,FALSE,FALSE,FALSE,Standard Rate,Standard Rate,,10,,
TEC007205,Retail Pack Proflex Smooth Palm Nitrile Coated Glove,,TRUE,1,20.524,23.6026,18.325,21.07,,,,,,,,,,,FALSE,FALSE,FALSE,Standard Rate,Standard Rate,,10,,
TEC007206,Retail Pack Proflex Neon Sandy Palm Nitrile Coated Glove Lim,,TRUE,1,33.726,38.7849,30.1125,34.63,,,,,,,,,,,FALSE,FALSE,FALSE,Standard Rate,Standard Rate,,10,,
TEC0095,Retail Pack PVC Glove,,TRUE,1,23.464,26.9836,20.95,24.09,,,,,,,,,,,FALSE,FALSE,FALSE,Standard Rate,Standard Rate,,10,,
TEC007212,Retail Pack PVC Glove Rough Palm,,TRUE,1,42.518,48.8957,37.9625,43.66,,,,,,,,,,,FALSE,FALSE,FALSE,Standard Rate,Standard Rate,,10,,
TEC007216,Retail Pack Crayfish Glove,,TRUE,1,21.994,25.2931,19.6375,22.58,,,,,,,,,,,FALSE,FALSE,FALSE,Standard Rate,Standard Rate,,10,,
TEC007217,Retail Pack Progrip Glove,,TRUE,1,29.33,33.7295,26.1875,30.12,,,,,,,,,,,FALSE,FALSE,FALSE,Standard Rate,Standard Rate,,10,,
TEC007218,Retail Pack Comarex Glove,,TRUE,1,33.726,38.7849,30.1125,34.63,,,,,,,,,,,FALSE,FALSE,FALSE,Standard Rate,Standard Rate,,10,,
TEC007219,Retail Pack Comarex Glove Safe Cuff,,TRUE,1,41.062,47.2213,36.6625,42.16,,,,,,,,,,,FALSE,FALSE,FALSE,Standard Rate,Standard Rate,,10,,
TEC007220,Retail Pack Procut Puralite Glove,,TRUE,1,86.52,99.498,77.25,88.84,,,,,,,,,,,FALSE,FALSE,FALSE,Standard Rate,Standard Rate,,10,,
TEC007221,Retail Pack Procut Griper Glove,,TRUE,1,99.708,114.6642,89.025,102.38,,,,,,,,,,,FALSE,FALSE,FALSE,Standard Rate,Standard Rate,,10,,
TEC007222,Retail Pack Builders Glove,,TRUE,1,21.994,25.2931,19.6375,22.58,,,,,,,,,,,FALSE,FALSE,FALSE,Standard Rate,Standard Rate,,10,,
TEC007226,Retail Pack Candy Strip Chrome Leather Glove,,TRUE,1,33.726,38.7849,30.1125,34.63,,,,,,,,,,,FALSE,FALSE,FALSE,Standard Rate,Standard Rate,,10,,
TEC0072,Retail Pack TIG Gloves,,TRUE,1,51.324,59.0226,45.825,52.7,,,,,,,,,,,FALSE,FALSE,FALSE,Standard Rate,Standard Rate,,10,,
TEC0073,Retail Pack Chrome Leather Glove 50,,TRUE,1,42.518,48.8957,37.9625,43.66,,,,,,,,,,,FALSE,FALSE,FALSE,Standard Rate,Standard Rate,,10,,
TEC0074,Retail Pack Chrome Leather Glove 200,,TRUE,1,57.19,65.7685,51.0625,58.72,,,,,,,,,,,FALSE,FALSE,FALSE,Standard Rate,Standard Rate,,10,,
TEC0075,Retail Pack Lined Glove 50,,TRUE,1,61.586,70.8239,54.9875,63.24,,,,,,,,,,,FALSE,FALSE,FALSE,Standard Rate,Standard Rate,,10,,
TEC0076,Retail Pack Lined Glove 200,,TRUE,1,73.318,84.3157,65.4625,75.28,,,,,,,,,,,FALSE,FALSE,FALSE,Standard Rate,Standard Rate,,10,,
TEC0077,Retail Pack Heat Resistant Glove 200,,TRUE,1,95.312,109.6088,85.1,97.87,,,,,,,,,,,FALSE,FALSE,FALSE,Standard Rate,Standard Rate,,10,,
TEC00771,Retail Pack Welding Glove with Palm 20,,TRUE,1,101.178,116.3547,90.3375,103.89,,,,,,,,,,,FALSE,FALSE,FALSE,Standard Rate,Standard Rate,,10,,
TEC0080-CL,Retail Pack Spectacles Clear Wrap Around,,TRUE,1,23.464,26.9836,20.95,24.09,,,,,,,,,,,FALSE,FALSE,FALSE,Standard Rate,Standard Rate,,10,,
TEC0081-G,Retail Pack Spectacles Wrap Around,,TRUE,1,23.464,26.9836,20.95,24.09,,,,,,,,,,,FALSE,FALSE,FALSE,Standard Rate,Standard Rate,,10,,
TEC00811,Retail Pack Spectacles Amber Wrap Around,,TRUE,1,23.464,26.9836,20.95,24.09,,,,,,,,,,,FALSE,FALSE,FALSE,Standard Rate,Standard Rate,,10,,
TEC00815,Retail Pack Spectacle Euro Clear,,TRUE,1,21.994,25.2931,19.6375,22.58,,,,,,,,,,,FALSE,FALSE,FALSE,Standard Rate,Standard Rate,,10,,
TEC00816-G,Retail Pack Spectacle Euro,,TRUE,1,21.994,25.2931,19.6375,22.58,,,,,,,,,,,FALSE,FALSE,FALSE,Standard Rate,Standard Rate,,10,,
TEC008161-BLK,Retail Pack Spectacle Euro,,TRUE,1,21.994,25.2931,19.6375,22.58,,,,,,,,,,,FALSE,FALSE,FALSE,Standard Rate,Standard Rate,,10,,
TEC0082,Retail Pack Lens Clear Glass 108x51,,TRUE,1,11.732,13.4918,10.475,12.05,,,,,,,,,,,FALSE,FALSE,FALSE,Standard Rate,Standard Rate,,10,,
TEC0083,Retail Pack Lens Shaded 8 108x51,,TRUE,1,13.202,15.1823,11.7875,13.56,,,,,,,,,,,FALSE,FALSE,FALSE,Standard Rate,Standard Rate,,10,,
TEC0084,Retail Pack Lens Shaded 10 108x51,,TRUE,1,13.202,15.1823,11.7875,13.56,,,,,,,,,,,FALSE,FALSE,FALSE,Standard Rate,Standard Rate,,10,,
TEC0085,Retail Pack Lens Shaded 12 108x51,,TRUE,1,13.202,15.1823,11.7875,13.56,,,,,,,,,,,FALSE,FALSE,FALSE,Standard Rate,Standard Rate,,10,,
TEC0086,Retail Pack Lens Plastic Auto Darkening Helmet,,TRUE,1,20.524,23.6026,18.325,21.07,,,,,,,,,,,FALSE,FALSE,FALSE,Standard Rate,Standard Rate,,10,,
TEC0087,Retail Pack Lens Plastic Auto Darkening Helmet,,TRUE,1,48.384,55.6416,43.2,49.68,,,,,,,,,,,FALSE,FALSE,FALSE,Standard Rate,Standard Rate,,10,,
TEC0088,Retail Pack Mono Goggle,,TRUE,1,23.464,26.9836,20.95,24.09,,,,,,,,,,,FALSE,FALSE,FALSE,Standard Rate,Standard Rate,,10,,
TEC0089,Retail Pack Flip Front Brazing Goggles,,TRUE,1,36.652,42.1498,32.725,37.63,,,,,,,,,,,FALSE,FALSE,FALSE,Standard Rate,Standard Rate,,10,,
TEC0090,Retail Pack Ear Plug Corded,,TRUE,1,10.262,11.8013,9.1625,10.54,,,,,,,,,,,FALSE,FALSE,FALSE,Standard Rate,Standard Rate,,10,,
TEC0091,Retail Pack Skull Cap,,TRUE,1,36.652,42.1498,32.725,37.63,,,,,,,,,,,FALSE,FALSE,FALSE,Standard Rate,Standard Rate,,10,,
TEC0092,Retail Pack Flip Front Helmet Std,,TRUE,1,85.05,97.8075,75.9375,87.33,,,,,,,,,,,FALSE,FALSE,FALSE,Standard Rate,Standard Rate,,10,,
TEC0097,Retail Pack FFP1 Dust Mask 5 Pcs,,TRUE,1,27.86,32.039,24.875,28.61,,,,,,,,,,,FALSE,FALSE,FALSE,Standard Rate,Standard Rate,,10,,
13-100420,Single Lanyard Full Body Harness with Snap Hook,,TRUE,1,350,402.5,312.5,359.38,,,,,,,,,,,FALSE,FALSE,FALSE,Standard Rate,Standard Rate,,10,,
13-100421,Double Lanyard Full Body Harness with Snap Hook,,TRUE,1,378,434.7,337.5,388.13,,,,,,,,,,,FALSE,FALSE,FALSE,Standard Rate,Standard Rate,,10,,
13-100422,Double Lanyard Full Body Harness with Scaffold Hook,,TRUE,1,406,466.9,362.5,416.88,,,,,,,,,,,FALSE,FALSE,FALSE,Standard Rate,Standard Rate,,10,,
13-100422A,Alpha Double Lanyard Full Body Harness with Scaffold Hook,,TRUE,1,546,627.9,487.5,560.63,,,,,,,,,,,FALSE,FALSE,FALSE,Standard Rate,Standard Rate,,10,,
13-100423,Alpha Double Lanyard Full Body Harness Scaffold Hook with Waist Belt,,TRUE,1,616,708.4,550,632.5,,,,,,,,,,,FALSE,FALSE,FALSE,Standard Rate,Standard Rate,,10,,
13-1004231,Alpha Double Lanyard Full Body Harness Scaffold Hook with Kidney Support,,TRUE,1,651,748.65,581.25,668.44,,,,,,,,,,,FALSE,FALSE,FALSE,Standard Rate,Standard Rate,,10,,
13-100424,Scaffold Hook Only,,TRUE,1,84,96.6,75,86.25,,,,,,,,,,,FALSE,FALSE,FALSE,Standard Rate,Standard Rate,,10,,
13-1004242,Single Lanyard with Shock Absorbor & Snap Hook,,TRUE,1,168,193.2,150,172.5,,,,,,,,,,,FALSE,FALSE,FALSE,Standard Rate,Standard Rate,,10,,
13-1004242A,Double Lanyard with Shock Absorbor & Snap Hook,,TRUE,1,210,241.5,187.5,215.63,,,,,,,,,,,FALSE,FALSE,FALSE,Standard Rate,Standard Rate,,10,,
13-1004243,Double Lanyard with Shock Absorbor & Scaffold Hook,,TRUE,1,266,305.9,237.5,273.13,,,,,,,,,,,FALSE,FALSE,FALSE,Standard Rate,Standard Rate,,10,,
13-1004245,"Tool Lanyard (Hook One End, Drawstring Other End)",,TRUE,1,98,112.7,87.5,100.63,,,,,,,,,,,FALSE,FALSE,FALSE,Standard Rate,Standard Rate,,10,,
13-1004233,Rachet Tie Down Set X 9m,,TRUE,1,210,241.5,187.5,215.63,,,,,,,,,,,FALSE,FALSE,FALSE,Standard Rate,Standard Rate,,10,,
MINECAPLAMPBEL-S-BLK,Miners Cap Lamp Belt,,TRUE,1,98,112.7,88,101.2,,,,,,,,,,,FALSE,FALSE,FALSE,Standard Rate,Standard Rate,,10,,
MINECAPLAMPBEL-M-BLK,Miners Cap Lamp Belt,,TRUE,1,98,112.7,88,101.2,,,,,,,,,,,FALSE,FALSE,FALSE,Standard Rate,Standard Rate,,10,,
MINECAPLAMPBEL-L-BLK,Miners Cap Lamp Belt,,TRUE,1,98,112.7,88,101.2,,,,,,,,,,,FALSE,FALSE,FALSE,Standard Rate,Standard Rate,,10,,
13-100419-B,Miners Cap Lamp Belt with Shoulder Strap,,TRUE,1,168,193.2,150,172.5,,,,,,,,,,,FALSE,FALSE,FALSE,Standard Rate,Standard Rate,,10,,
ELASKIDNBELT-S-BLK,Elasticated Kidney Belt,,TRUE,1,83,95.45,74,85.1,,,,,,,,,,,FALSE,FALSE,FALSE,Standard Rate,Standard Rate,,10,,
ELASKIDNBELT-M-BLK,Elasticated Kidney Belt,,TRUE,1,83,95.45,74,85.1,,,,,,,,,,,FALSE,FALSE,FALSE,Standard Rate,Standard Rate,,10,,
ELASKIDNBELT-L-BLK,Elasticated Kidney Belt,,TRUE,1,83,95.45,74,85.1,,,,,,,,,,,FALSE,FALSE,FALSE,Standard Rate,Standard Rate,,10,,
ELASKIDNBELT-XL-BLK,Elasticated Kidney Belt,,TRUE,1,83,95.45,74,85.1,,,,,,,,,,,FALSE,FALSE,FALSE,Standard Rate,Standard Rate,,10,,
ELASKIDNBELT-2XL-BLK,Elasticated Kidney Belt,,TRUE,1,83,95.45,74,85.1,,,,,,,,,,,FALSE,FALSE,FALSE,Standard Rate,Standard Rate,,10,,
13-1004801-BLK,Elastic Knee Support,,TRUE,1,40.6,46.69,36.25,41.69,,,,,,,,,,,FALSE,FALSE,FALSE,Standard Rate,Standard Rate,,10,,
13-1004802-BLK,Elastic Ankle Support,,TRUE,1,36.4,41.86,32.5,37.38,,,,,,,,,,,FALSE,FALSE,FALSE,Standard Rate,Standard Rate,,10,,
13-1004803-BLK,Elastic Wrist Support,,TRUE,1,28,32.2,25,28.75,,,,,,,,,,,FALSE,FALSE,FALSE,Standard Rate,Standard Rate,,10,,
13-1004804-BLK,Elastic Thigh Support,,TRUE,1,46.2,53.13,41.25,47.44,,,,,,,,,,,FALSE,FALSE,FALSE,Standard Rate,Standard Rate,,10,,
13-1004805-BLK,Elastic Elbow Support,,TRUE,1,36.4,41.86,32.5,37.38,,,,,,,,,,,FALSE,FALSE,FALSE,Standard Rate,Standard Rate,,10,,
13-100485-BLK,Knee Pads,,TRUE,1,105,120.75,93.75,107.81,,,,,,,,,,,FALSE,FALSE,FALSE,Standard Rate,Standard Rate,,10,,
13-100600,First Aid Kit Regulaion 3 with Metal Box,,TRUE,1,742,853.3,662.5,761.88,,,,,,,,,,,FALSE,FALSE,FALSE,Standard Rate,Standard Rate,,10,,
13-100601,First Aid Kit Regulaion 7 with Metal Box,,TRUE,1,784,901.6,700,805,,,,,,,,,,,FALSE,FALSE,FALSE,Standard Rate,Standard Rate,,10,,
13-100602,First Aid Refill Regulaion 3,,TRUE,1,287,330.05,256.25,294.69,,,,,,,,,,,FALSE,FALSE,FALSE,Standard Rate,Standard Rate,,10,,
13-100603,First Aid Refill Regulaion 7,,TRUE,1,343,394.45,306.25,352.19,,,,,,,,,,,FALSE,FALSE,FALSE,Standard Rate,Standard Rate,,10,,
13-100604,Empty Metal Box for First Aid,,TRUE,1,476,547.4,425,488.75,,,,,,,,,,,FALSE,FALSE,FALSE,Standard Rate,Standard Rate,,10,,
13-100605,Motorist First Aid Kit 48 Pcs,,TRUE,1,266,305.9,237.5,273.13,,,,,,,,,,,FALSE,FALSE,FALSE,Standard Rate,Standard Rate,,10,,
13-25-65mm-R,Valve Lockout Device 25,,TRUE,1,76,87.4,68,78.2,,,,,,,,,,,FALSE,FALSE,FALSE,Standard Rate,Standard Rate,,10,,
13-100801-R,Lockout Lock,,TRUE,1,74.2,85.33,66.25,76.19,,,,,,,,,,,FALSE,FALSE,FALSE,Standard Rate,Standard Rate,,10,,
13-2 x 2m,Fire Blanket 2 X 2m,,TRUE,1,238,273.7,213,244.95,,,,,,,,,,,FALSE,FALSE,FALSE,Standard Rate,Standard Rate,,10,,
13-2 x 3m,Fire Blanket 2 X 3m,,TRUE,1,357,410.55,319,366.85,,,,,,,,,,,FALSE,FALSE,FALSE,Standard Rate,Standard Rate,,10,,
13-3 x 3m,Fire Blanket 3 X 3m,,TRUE,1,421,484.15,376,432.4,,,,,,,,,,,FALSE,FALSE,FALSE,Standard Rate,Standard Rate,,10,,
8-1 x 50m,Fire Blanket 1 X 50m,,TRUE,1,2016,2318.4,1800,2070,,,,,,,,,,,FALSE,FALSE,FALSE,Standard Rate,Standard Rate,,10,,
13-100510-OY,Barrier Netting Woven 1x 50m/ Roll,,TRUE,1,266,305.9,237.5,273.13,,,,,,,,,,,FALSE,FALSE,FALSE,Standard Rate,Standard Rate,,10,,
13-100511-O,Barrier Fence 1x 50m/ Roll HDPE,,TRUE,1,266,305.9,237.5,273.13,,,,,,,,,,,FALSE,FALSE,FALSE,Standard Rate,Standard Rate,,10,,
13-1005123-YBLK,Barrier Tape X 500m X 50mic,,TRUE,1,93.8,107.87,83.75,96.31,,,,,,,,,,,FALSE,FALSE,FALSE,Standard Rate,Standard Rate,,10,,
13-100514-RW,Barrier Tape X 100m X 50mic,,TRUE,1,25.2,28.98,22.5,25.88,,,,,,,,,,,FALSE,FALSE,FALSE,Standard Rate,Standard Rate,,10,,
13-100515-RW,Barrier Tape X 300m X 50mic,,TRUE,1,70,80.5,62.5,71.88,,,,,,,,,,,FALSE,FALSE,FALSE,Standard Rate,Standard Rate,,10,,
13-1005152-RW,Barrier Tape X 500m X 50mic,,TRUE,1,93.8,107.87,83.75,96.31,,,,,,,,,,,FALSE,FALSE,FALSE,Standard Rate,Standard Rate,,10,,
13-100513A-R,Reflective Tape for Truck 50m,,TRUE,1,420,483,375,431.25,,,,,,,,,,,FALSE,FALSE,FALSE,Standard Rate,Standard Rate,,10,,
13-100513B-Y,Reflective Tape for Truck 50m,,TRUE,1,420,483,375,431.25,,,,,,,,,,,FALSE,FALSE,FALSE,Standard Rate,Standard Rate,,10,,
13-100513C-SV,Reflective Tape for Truck 50m,,TRUE,1,420,483,375,431.25,,,,,,,,,,,FALSE,FALSE,FALSE,Standard Rate,Standard Rate,,10,,
13-100513D-L,Reflective Tape for Truck 50m,,TRUE,1,420,483,375,431.25,,,,,,,,,,,FALSE,FALSE,FALSE,Standard Rate,Standard Rate,,10,,
13-1005150-R,Flag Wooden Handle with Reflective Cross,,TRUE,1,70,80.5,62.5,71.88,,,,,,,,,,,FALSE,FALSE,FALSE,Standard Rate,Standard Rate,,10,,
13-1005151-R,Flag Wooden Handle,,TRUE,1,63,72.45,56.25,64.69,,,,,,,,,,,FALSE,FALSE,FALSE,Standard Rate,Standard Rate,,10,,
13-1005153-O,Revolving Warning Lights 12V,,TRUE,1,182,209.3,162.5,186.88,,,,,,,,,,,FALSE,FALSE,FALSE,Standard Rate,Standard Rate,,10,,
13-10051531-O,Flash Strobe Warning Light LED 12V,,TRUE,1,280,322,250,287.5,,,,,,,,,,,FALSE,FALSE,FALSE,Standard Rate,Standard Rate,,10,,
13-1005155-R,Buggy Whip 1 Piece,,TRUE,1,231,265.65,206.25,237.19,,,,,,,,,,,FALSE,FALSE,FALSE,Standard Rate,Standard Rate,,10,,
13-1005156-R,Buggy Whip 2 Piece,,TRUE,1,266,305.9,237.5,273.13,,,,,,,,,,,FALSE,FALSE,FALSE,Standard Rate,Standard Rate,,10,,
13-1005157-R,Buggy Whip 3 Piece,,TRUE,1,343,394.45,306.25,352.19,,,,,,,,,,,FALSE,FALSE,FALSE,Standard Rate,Standard Rate,,10,,
13-10051571-O,Buggy Whip Flag,,TRUE,1,56,64.4,50,57.5,,,,,,,,,,,FALSE,FALSE,FALSE,Standard Rate,Standard Rate,,10,,
13-10051572-R,Buggy Whip Flag,,TRUE,1,46.2,53.13,41.25,47.44,,,,,,,,,,,FALSE,FALSE,FALSE,Standard Rate,Standard Rate,,10,,
13-100516-BLK,Traffic Cone Rubber Stand with Reflective Tape,,TRUE,1,91,104.65,81.25,93.44,,,,,,,,,,,FALSE,FALSE,FALSE,Standard Rate,Standard Rate,,10,,
13-100517-BLK,Traffic Cone Rubber Stand with Reflective Tape,,TRUE,1,119,136.85,106.25,122.19,,,,,,,,,,,FALSE,FALSE,FALSE,Standard Rate,Standard Rate,,10,,
13-100518-O,Soft PVC Traffic Cone with Reflective Tape,,TRUE,1,105,120.75,93.75,107.81,,,,,,,,,,,FALSE,FALSE,FALSE,Standard Rate,Standard Rate,,10,,
13-1005181-O,Soft PVC Traffic Cone with Reflective Tape,,TRUE,1,182,209.3,162.5,186.88,,,,,,,,,,,FALSE,FALSE,FALSE,Standard Rate,Standard Rate,,10,,
13-100519-R,Foldaway Traffic Cone,,TRUE,1,175,201.25,156.25,179.69,,,,,,,,,,,FALSE,FALSE,FALSE,Standard Rate,Standard Rate,,10,,
13-1005191-R,Foldaway Traffic Cone,,TRUE,1,231,265.65,206.25,237.19,,,,,,,,,,,FALSE,FALSE,FALSE,Standard Rate,Standard Rate,,10,,
13-1005185-L,Soft PVC Traffic Cone with Reflective Tape,,TRUE,1,63,72.45,56.25,64.69,,,,,,,,,,,FALSE,FALSE,FALSE,Standard Rate,Standard Rate,,10,,
13-100520,Hand Cleaner with Grit 500g,,TRUE,1,42,48.3,37.5,43.13,,,,,,,,,,,FALSE,FALSE,FALSE,Standard Rate,Standard Rate,,10,,
13-100521,Hand Cleaner with Grit 5kg,,TRUE,1,224,257.6,200,230,,,,,,,,,,,FALSE,FALSE,FALSE,Standard Rate,Standard Rate,,10,,
13-100522,Hand Cleaner with Grit 20kg,,TRUE,1,812,933.8,725,833.75,,,,,,,,,,,FALSE,FALSE,FALSE,Standard Rate,Standard Rate,,10,,
13-100530,Degreaser 1L,,TRUE,1,42,48.3,37.5,43.13,,,,,,,,,,,FALSE,FALSE,FALSE,Standard Rate,Standard Rate,,10,,
13-100531,Degreaser 5L,,TRUE,1,138.6,159.39,123.75,142.31,,,,,,,,,,,FALSE,FALSE,FALSE,Standard Rate,Standard Rate,,10,,
13-100532,Degreaser 25L,,TRUE,1,637,732.55,568.75,654.06,,,,,,,,,,,FALSE,FALSE,FALSE,Standard Rate,Standard Rate,,10,,
13-100502,Mutton Cloth 400g,,TRUE,1,40.6,46.69,36.25,41.69,,,,,,,,,,,FALSE,FALSE,FALSE,Standard Rate,Standard Rate,,10,,
13-1005154,Wet Floor Sign,,TRUE,1,91,104.65,81.25,93.44,,,,,,,,,,,FALSE,FALSE,FALSE,Standard Rate,Standard Rate,,10,,
13-1005158,Mop 400g,,TRUE,1,63,72.45,56.25,64.69,,,,,,,,,,,FALSE,FALSE,FALSE,Standard Rate,Standard Rate,,10,,
13-1005159,Platform Broom,,TRUE,1,82.6,94.99,73.75,84.81,,,,,,,,,,,FALSE,FALSE,FALSE,Standard Rate,Standard Rate,,10,,
13-1005160,Platform Broom,,TRUE,1,112,128.8,100,115,,,,,,,,,,,FALSE,FALSE,FALSE,Standard Rate,Standard Rate,,10,,
13-100190,PC001 FFP1 SABS Approved,,TRUE,1,3.08,3.542,2.75,3.16,,,,,,,,,,,FALSE,FALSE,FALSE,Standard Rate,Standard Rate,,10,,
13-100191,PC002 FFP2 SABS Approved,,TRUE,1,3.22,3.703,2.875,3.31,,,,,,,,,,,FALSE,FALSE,FALSE,Standard Rate,Standard Rate,,10,,
13-100192,PC003 FFP2V with Valve SABS Approved,,TRUE,1,5.46,6.279,4.875,5.61,,,,,,,,,,,FALSE,FALSE,FALSE,Standard Rate,Standard Rate,,10,,
13-1001921,PC004 FFP3 with Valve SABS Approved,,TRUE,1,21,24.15,18.75,21.56,,,,,,,,,,,FALSE,FALSE,FALSE,Standard Rate,Standard Rate,,10,,
13-1001904,Flat Fold FFP2 NRCS Approved,,TRUE,1,8.1,9.315,7.5,8.63,,,,,,,,,,,FALSE,FALSE,FALSE,Standard Rate,Standard Rate,,10,,
13-1001905,Flat Fold FFP2V NRCS Approved,,TRUE,1,8.91,10.2465,8.25,9.49,,,,,,,,,,,FALSE,FALSE,FALSE,Standard Rate,Standard Rate,,10,,
13-1001906,Flat Fold FFP2V Active Carton with Valve NRCS Approved,,TRUE,1,17.55,20.1825,16.25,18.69,,,,,,,,,,,FALSE,FALSE,FALSE,Standard Rate,Standard Rate,,10,,
13-100193,Respirator Single Envigard (SABS),,TRUE,1,105,120.75,93.75,107.81,,,,,,,,,,,FALSE,FALSE,FALSE,Standard Rate,Standard Rate,,10,,
13-100194,Respirator Double Envigard (SABS),,TRUE,1,124.6,143.29,111.25,127.94,,,,,,,,,,,FALSE,FALSE,FALSE,Standard Rate,Standard Rate,,10,,
13-100196,"A1 Cartridges ( Solvents, Organic and Petroleum Fumes) (SABS)",,TRUE,1,42,48.3,37.5,43.13,,,,,,,,,,,FALSE,FALSE,FALSE,Standard Rate,Standard Rate,,10,,
13-100197,B1 Cartridges ( Fumes and Mist Cartridge) (SABS),,TRUE,1,56,64.4,50,57.5,,,,,,,,,,,FALSE,FALSE,FALSE,Standard Rate,Standard Rate,,10,,
13-100198,P2 Cartridges (Dust Cartridge) (SABS),,TRUE,1,49,56.35,43.75,50.31,,,,,,,,,,,FALSE,FALSE,FALSE,Standard Rate,Standard Rate,,10,,
13-100199,A1P2 Cartridges ( Combination Cartridges) (SABS),,TRUE,1,64.4,74.06,57.5,66.13,,,,,,,,,,,FALSE,FALSE,FALSE,Standard Rate,Standard Rate,,10,,
13-1001991,B1P2 Cartridges ( Combination Cartridges) (SABS),,TRUE,1,86.8,99.82,77.5,89.13,,,,,,,,,,,FALSE,FALSE,FALSE,Standard Rate,Standard Rate,,10,,
13-100130,"Ear Plug Corded Disposable, PU Foam",,TRUE,1,3.08,3.542,2.75,3.16,,,,,,,,,,,FALSE,FALSE,FALSE,Standard Rate,Standard Rate,,10,,
13-100131,"Ear Plug Uncorded Disposable, PU Foam",,TRUE,1,2.24,2.576,2,2.3,,,,,,,,,,,FALSE,FALSE,FALSE,Standard Rate,Standard Rate,,10,,
13-100132,"Ear Plug Tri Flange, Reusable",,TRUE,1,3.22,3.703,2.875,3.31,,,,,,,,,,,FALSE,FALSE,FALSE,Standard Rate,Standard Rate,,10,,
13-100133,Ear Plug Dispenser ( Without Ear Plug ),,TRUE,1,595,684.25,531.25,610.94,,,,,,,,,,,FALSE,FALSE,FALSE,Standard Rate,Standard Rate,,10,,
13-100134,Banded Ear Plug,,TRUE,1,13.3,15.295,11.875,13.66,,,,,,,,,,,FALSE,FALSE,FALSE,Standard Rate,Standard Rate,,10,,
13-1001353,Pro Vox Plus Ear Muff ( SNR 35DB ),,TRUE,1,0,0,0,0,,,,,,,,,,,FALSE,FALSE,FALSE,Standard Rate,Standard Rate,,10,,
13-100135,Ear Muff,,TRUE,1,0,0,0,0,,,,,,,,,,,FALSE,FALSE,FALSE,Standard Rate,Standard Rate,,10,,
13-1001351,Ear Muff Attachment for Hard Hat,,TRUE,1,0,0,0,0,,,,,,,,,,,FALSE,FALSE,FALSE,Standard Rate,Standard Rate,,10,,
13-1004901-CL,"Pro View Spoggle Clear Anti-Fog, Anti-Scratch",,TRUE,1,0,0,0,0,,,,,,,,,,,FALSE,FALSE,FALSE,Standard Rate,Standard Rate,,10,,
13-100190-GY,"Pro View Spoggle Anti-Fog, Anti-Scratch",,TRUE,1,3.08,3.542,2.75,3.16,,,,,,,,,,,FALSE,FALSE,FALSE,Standard Rate,Standard Rate,,10,,
13-1001480-CL,Pro View Elite Clear Spectacle,,TRUE,1,0,0,0,0,,,,,,,,,,,FALSE,FALSE,FALSE,Standard Rate,Standard Rate,,10,,
13-1001481-GY,Pro View Elite Spectacle,,TRUE,1,0,0,0,0,,,,,,,,,,,FALSE,FALSE,FALSE,Standard Rate,Standard Rate,,10,,
13-1001482-G,Pro View Elite Spectacle,,TRUE,1,0,0,0,0,,,,,,,,,,,FALSE,FALSE,FALSE,Standard Rate,Standard Rate,,10,,
13-1001483-AM,Pro View Elite Amber Spectacle,,TRUE,1,0,0,0,0,,,,,,,,,,,FALSE,FALSE,FALSE,Standard Rate,Standard Rate,,10,,
13-100159-B,Pro View Sport Mirror Spectacle,,TRUE,1,0,0,0,0,,,,,,,,,,,FALSE,FALSE,FALSE,Standard Rate,Standard Rate,,10,,
13-100144-CL,"Maxi View Goggle, Anti Scratch, Anti Fog",,TRUE,1,0,0,0,0,,,,,,,,,,,FALSE,FALSE,FALSE,Standard Rate,Standard Rate,,10,,
13-100145-CL,Clear Mono Goggle Direct Vent,,TRUE,1,0,0,0,0,,,,,,,,,,,FALSE,FALSE,FALSE,Standard Rate,Standard Rate,,10,,
13-1001451-CL,Clear Mono Goggle Indirect Vent,,TRUE,1,0,0,0,0,,,,,,,,,,,FALSE,FALSE,FALSE,Standard Rate,Standard Rate,,10,,
13-100146-CL,Flip Front Goggle for Gas Welding ( Round Lense ),,TRUE,1,0,0,0,0,,,,,,,,,,,FALSE,FALSE,FALSE,Standard Rate,Standard Rate,,10,,
13-100150-G,Spectacle (Wrap Around),,TRUE,1,0,0,0,0,,,,,,,,,,,FALSE,FALSE,FALSE,Standard Rate,Standard Rate,,10,,
13-100151-CL,Spectacle (Wrap Around) Clear,,TRUE,1,0,0,0,0,,,,,,,,,,,FALSE,FALSE,FALSE,Standard Rate,Standard Rate,,10,,
13-100152-AM,Spectacle (Wrap Around) Amber,,TRUE,1,0,0,0,0,,,,,,,,,,,FALSE,FALSE,FALSE,Standard Rate,Standard Rate,,10,,
13-100153-GY,Spectacle (Wrap Around),,TRUE,1,0,0,0,0,,,,,,,,,,,FALSE,FALSE,FALSE,Standard Rate,Standard Rate,,10,,
13-100154-B,Spectacle (Wrap Around),,TRUE,1,0,0,0,0,,,,,,,,,,,FALSE,FALSE,FALSE,Standard Rate,Standard Rate,,10,,
13-100155-G,Spectacle Sport Style,,TRUE,1,0,0,0,0,,,,,,,,,,,FALSE,FALSE,FALSE,Standard Rate,Standard Rate,,10,,
13-100156-CL,Spectacle Sport Style Clear,,TRUE,1,0,0,0,0,,,,,,,,,,,FALSE,FALSE,FALSE,Standard Rate,Standard Rate,,10,,
13-100157-GY,Spectacle Sport Style,,TRUE,1,0,0,0,0,,,,,,,,,,,FALSE,FALSE,FALSE,Standard Rate,Standard Rate,,10,,
13-100158-AM,Spectacle Sport Style Amber,,TRUE,1,0,0,0,0,,,,,,,,,,,FALSE,FALSE,FALSE,Standard Rate,Standard Rate,,10,,
13-100160-G,Spectacle Euro Adjustable Frame,,TRUE,1,11.2,12.88,10,11.5,,,,,,,,,,,FALSE,FALSE,FALSE,Standard Rate,Standard Rate,,10,,
13-100161-CL,Spectacle Euro Clear Adjustable Frame,,TRUE,1,11.2,12.88,10,11.5,,,,,,,,,,,FALSE,FALSE,FALSE,Standard Rate,Standard Rate,,10,,
13-100162-BLK,Spectacle Euro Adjustable Frame,,TRUE,1,11.2,12.88,10,11.5,,,,,,,,,,,FALSE,FALSE,FALSE,Standard Rate,Standard Rate,,10,,
13-100163-AM,Spectacle Euro Amber Adjustable Frame,,TRUE,1,11.2,12.88,10,11.5,,,,,,,,,,,FALSE,FALSE,FALSE,Standard Rate,Standard Rate,,10,,
13-100390-AM,Hard Hat Chin Strap Elastic 2 Point,,TRUE,1,11.62,13.363,11.205,12.89,,,,,,,,,,,FALSE,FALSE,FALSE,Standard Rate,Standard Rate,,10,,
13-100400-W,Safety Hard Cap ( SABS Approved ),,TRUE,1,24.5,28.175,23.625,27.17,,,,,,,,,,,FALSE,FALSE,FALSE,Standard Rate,Standard Rate,,10,,
13-100401-B,Safety Hard Cap ( SABS Approved ),,TRUE,1,18.06,20.769,17.415,20.03,,,,,,,,,,,FALSE,FALSE,FALSE,Standard Rate,Standard Rate,,10,,
13-100402-G,Safety Hard Cap ( SABS Approved ),,TRUE,1,18.06,20.769,17.415,20.03,,,,,,,,,,,FALSE,FALSE,FALSE,Standard Rate,Standard Rate,,10,,
13-100403-R,Safety Hard Cap ( SABS Approved ),,TRUE,1,18.06,20.769,17.415,20.03,,,,,,,,,,,FALSE,FALSE,FALSE,Standard Rate,Standard Rate,,10,,
13-100404-Y,Safety Hard Cap ( SABS Approved ),,TRUE,1,18.06,20.769,17.415,20.03,,,,,,,,,,,FALSE,FALSE,FALSE,Standard Rate,Standard Rate,,10,,
13-100405-O,Safety Hard Cap ( SABS Approved ),,TRUE,1,18.06,20.769,17.415,20.03,,,,,,,,,,,FALSE,FALSE,FALSE,Standard Rate,Standard Rate,,10,,
13-100406-BLK,Safety Hard Cap ( SABS Approved ),,TRUE,1,18.06,20.769,17.415,20.03,,,,,,,,,,,FALSE,FALSE,FALSE,Standard Rate,Standard Rate,,10,,
13-100407-GY,Safety Hard Cap ( SABS Approved ),,TRUE,1,18.06,20.769,17.415,20.03,,,,,,,,,,,FALSE,FALSE,FALSE,Standard Rate,Standard Rate,,10,,
13-100408-P,Safety Hard Cap ( SABS Approved ),,TRUE,1,18.06,20.769,17.415,20.03,,,,,,,,,,,FALSE,FALSE,FALSE,Standard Rate,Standard Rate,,10,,
13-1004081-L,Safety Hard Cap ( SABS Approved ),,TRUE,1,18.06,20.769,17.415,20.03,,,,,,,,,,,FALSE,FALSE,FALSE,Standard Rate,Standard Rate,,10,,
13-100409-W,Safety Hard Cap with Cap Lamp Bracket,,TRUE,1,32.2,37.03,31.05,35.71,,,,,,,,,,,FALSE,FALSE,FALSE,Standard Rate,Standard Rate,,10,,
13-100410-B,Safety Hard Cap with Cap Lamp Bracket,,TRUE,1,32.2,37.03,31.05,35.71,,,,,,,,,,,FALSE,FALSE,FALSE,Standard Rate,Standard Rate,,10,,
13-100411-G,Safety Hard Cap with Cap Lamp Bracket,,TRUE,1,32.2,37.03,31.05,35.71,,,,,,,,,,,FALSE,FALSE,FALSE,Standard Rate,Standard Rate,,10,,
13-100412-O,Safety Hard Cap with Cap Lamp Bracket,,TRUE,1,32.2,37.03,31.05,35.71,,,,,,,,,,,FALSE,FALSE,FALSE,Standard Rate,Standard Rate,,10,,
13-100413-R,Safety Hard Cap with Cap Lamp Bracket,,TRUE,1,32.2,37.03,31.05,35.71,,,,,,,,,,,FALSE,FALSE,FALSE,Standard Rate,Standard Rate,,10,,
13-100414-Y,Safety Hard Cap with Cap Lamp Bracket,,TRUE,1,32.2,37.03,31.05,35.71,,,,,,,,,,,FALSE,FALSE,FALSE,Standard Rate,Standard Rate,,10,,
13-100414A1-W,Tuff Nikki Style Hard Hat ABS with Rachet Liner,,TRUE,1,91,104.65,87.75,100.91,,,,,,,,,,,FALSE,FALSE,FALSE,Standard Rate,Standard Rate,,10,,
13-100414A2-B,Tuff Nikki Style Hard Hat ABS with Rachet Liner,,TRUE,1,91,104.65,87.75,100.91,,,,,,,,,,,FALSE,FALSE,FALSE,Standard Rate,Standard Rate,,10,,
13-100414A3-G,Tuff Nikki Style Hard Hat ABS with Rachet Liner,,TRUE,1,91,104.65,87.75,100.91,,,,,,,,,,,FALSE,FALSE,FALSE,Standard Rate,Standard Rate,,10,,
13-100414A4-O,Tuff Nikki Style Hard Hat ABS with Rachet Liner,,TRUE,1,91,104.65,87.75,100.91,,,,,,,,,,,FALSE,FALSE,FALSE,Standard Rate,Standard Rate,,10,,
13-100414A5-R,Tuff Nikki Style Hard Hat ABS with Rachet Liner,,TRUE,1,91,104.65,87.75,100.91,,,,,,,,,,,FALSE,FALSE,FALSE,Standard Rate,Standard Rate,,10,,
13-100414A6-Y,Tuff Nikki Style Hard Hat ABS with Rachet Liner,,TRUE,1,91,104.65,87.75,100.91,,,,,,,,,,,FALSE,FALSE,FALSE,Standard Rate,Standard Rate,,10,,
13-100414B1-W,Safety Hard Cap Full Brim ( SABS Approved ),,TRUE,1,30.8,35.42,27.5,31.63,,,,,,,,,,,FALSE,FALSE,FALSE,Standard Rate,Standard Rate,,10,,
13-100414B2-B,Safety Hard Cap Full Brim ( SABS Approved ),,TRUE,1,30.8,35.42,27.5,31.63,,,,,,,,,,,FALSE,FALSE,FALSE,Standard Rate,Standard Rate,,10,,
13-100414B3-G,Safety Hard Cap Full Brim ( SABS Approved ),,TRUE,1,30.8,35.42,27.5,31.63,,,,,,,,,,,FALSE,FALSE,FALSE,Standard Rate,Standard Rate,,10,,
13-100414B4-R,Safety Hard Cap Full Brim ( SABS Approved ),,TRUE,1,30.8,35.42,27.5,31.63,,,,,,,,,,,FALSE,FALSE,FALSE,Standard Rate,Standard Rate,,10,,
13-100414B5-Y,Safety Hard Cap Full Brim ( SABS Approved ),,TRUE,1,30.8,35.42,27.5,31.63,,,,,,,,,,,FALSE,FALSE,FALSE,Standard Rate,Standard Rate,,10,,
13-100414B6-O,Safety Hard Cap Full Brim ( SABS Approved ),,TRUE,1,30.8,35.42,27.5,31.63,,,,,,,,,,,FALSE,FALSE,FALSE,Standard Rate,Standard Rate,,10,,
13-100169-BLK,Bumper Cap,,TRUE,1,109.2,125.58,97.5,112.13,,,,,,,,,,,FALSE,FALSE,FALSE,Standard Rate,Standard Rate,,10,,
13-1001691-N,Bumper Cap,,TRUE,1,109.2,125.58,97.5,112.13,,,,,,,,,,,FALSE,FALSE,FALSE,Standard Rate,Standard Rate,,10,,
13-100174-L,HIVIZ Golf Cap with Reflective,,TRUE,1,79.8,91.77,71.25,81.94,,,,,,,,,,,FALSE,FALSE,FALSE,Standard Rate,Standard Rate,,10,,
13-100175-O,HIVIZ Golf Cap with Reflective,,TRUE,1,79.8,91.77,71.25,81.94,,,,,,,,,,,FALSE,FALSE,FALSE,Standard Rate,Standard Rate,,10,,
13-1001692-O,HIVIZ Ranger Hat with Reflective,,TRUE,1,96.6,111.09,86.25,99.19,,,,,,,,,,,FALSE,FALSE,FALSE,Standard Rate,Standard Rate,,10,,
13-1001693-L,HIVIZ Ranger Hat with Reflective,,TRUE,1,96.6,111.09,86.25,99.19,,,,,,,,,,,FALSE,FALSE,FALSE,Standard Rate,Standard Rate,,10,,
13-100170-L,Sun Protector for Hard Hat with Reflective,,TRUE,1,110.6,127.19,98.75,113.56,,,,,,,,,,,FALSE,FALSE,FALSE,Standard Rate,Standard Rate,,10,,
13-100171-O,Sun Protector for Hard Hat with Reflective,,TRUE,1,110.6,127.19,98.75,113.56,,,,,,,,,,,FALSE,FALSE,FALSE,Standard Rate,Standard Rate,,10,,
13-100172-L,Neck Shade for Hard Hat,,TRUE,1,40.6,46.69,36.25,41.69,,,,,,,,,,,FALSE,FALSE,FALSE,Standard Rate,Standard Rate,,10,,
13-100173-O,Neck Shade for Hard Hat,,TRUE,1,40.6,46.69,36.25,41.69,,,,,,,,,,,FALSE,FALSE,FALSE,Standard Rate,Standard Rate,,10,,
13-100178-CAM,Cricket Hat,,TRUE,1,49,56.35,43.75,50.31,,,,,,,,,,,FALSE,FALSE,FALSE,Standard Rate,Standard Rate,,10,,
13-100179-O,Cricket Hat,,TRUE,1,49,56.35,43.75,50.31,,,,,,,,,,,FALSE,FALSE,FALSE,Standard Rate,Standard Rate,,10,,
13-100180-BE,Cricket Hat,,TRUE,1,49,56.35,43.75,50.31,,,,,,,,,,,FALSE,FALSE,FALSE,Standard Rate,Standard Rate,,10,,
13-100181-N,Cricket Hat,,TRUE,1,49,56.35,43.75,50.31,,,,,,,,,,,FALSE,FALSE,FALSE,Standard Rate,Standard Rate,,10,,
13-100182-BLK,Cricket Hat,,TRUE,1,49,56.35,43.75,50.31,,,,,,,,,,,FALSE,FALSE,FALSE,Standard Rate,Standard Rate,,10,,
13-100183-G,Cricket Hat,,TRUE,1,49,56.35,43.75,50.31,,,,,,,,,,,FALSE,FALSE,FALSE,Standard Rate,Standard Rate,,10,,
13-100184-BLK,Baseball Cap,,TRUE,1,29.4,33.81,26.25,30.19,,,,,,,,,,,FALSE,FALSE,FALSE,Standard Rate,Standard Rate,,10,,
13-100185-N,Baseball Cap,,TRUE,1,29.4,33.81,26.25,30.19,,,,,,,,,,,FALSE,FALSE,FALSE,Standard Rate,Standard Rate,,10,,
13-100186-RYB,Baseball Cap,,TRUE,1,29.4,33.81,26.25,30.19,,,,,,,,,,,FALSE,FALSE,FALSE,Standard Rate,Standard Rate,,10,,
13-100187-R,Baseball Cap,,TRUE,1,29.4,33.81,26.25,30.19,,,,,,,,,,,FALSE,FALSE,FALSE,Standard Rate,Standard Rate,,10,,
13-100188-G,Baseball Cap,,TRUE,1,29.4,33.81,26.25,30.19,,,,,,,,,,,FALSE,FALSE,FALSE,Standard Rate,Standard Rate,,10,,
13-1001663,Premium Face Shield Clear,,TRUE,1,138.6,159.39,123.75,142.31,,,,,,,,,,,FALSE,FALSE,FALSE,Standard Rate,Standard Rate,,10,,
13-1001664,Premium Face Shield,,TRUE,1,138.6,159.39,123.75,142.31,,,,,,,,,,,FALSE,FALSE,FALSE,Standard Rate,Standard Rate,,10,,
13-1001665,Premium Face Shield Replacement Visor Clear,,TRUE,1,72.8,83.72,65,74.75,,,,,,,,,,,FALSE,FALSE,FALSE,Standard Rate,Standard Rate,,10,,
13-1001666,Premium Face Shield Replacement Visor,,TRUE,1,72.8,83.72,65,74.75,,,,,,,,,,,FALSE,FALSE,FALSE,Standard Rate,Standard Rate,,10,,
13-100165,Face Shield Clear Complete,,TRUE,1,60.2,69.23,53.75,61.81,,,,,,,,,,,FALSE,FALSE,FALSE,Standard Rate,Standard Rate,,10,,
13-100166,Face Shield Replacement Visor Clear,,TRUE,1,28,32.2,25,28.75,,,,,,,,,,,FALSE,FALSE,FALSE,Standard Rate,Standard Rate,,10,,
13-100164,Face Shield with Metal Mesh Visor,,TRUE,1,63,72.45,56.25,64.69,,,,,,,,,,,FALSE,FALSE,FALSE,Standard Rate,Standard Rate,,10,,
13-1001641,Metal Mesh Visor Replacement,,TRUE,1,26.6,30.59,23.75,27.31,,,,,,,,,,,FALSE,FALSE,FALSE,Standard Rate,Standard Rate,,10,,
13-1001660,Aluminium Cap Bracket for Hard Hat (Compatible with 13-100166 Visor),,TRUE,1,63,72.45,56.25,64.69,,,,,,,,,,,FALSE,FALSE,FALSE,Standard Rate,Standard Rate,,10,,
13-1001662,Forestry Kit with Ear Muff,,TRUE,1,222.6,255.99,198.75,228.56,,,,,,,,,,,FALSE,FALSE,FALSE,Standard Rate,Standard Rate,,10,,
13-100101,"Lined Palm Welding Glove, Kevlar Stitch 8",,TRUE,1,95.2,109.48,85,97.75,,,,,,,,,,,FALSE,FALSE,FALSE,Standard Rate,Standard Rate,,10,,
13-100102,"Heat Resistant Apron Palm Welding Glove, Kevlar Stitch 8",,TRUE,1,84,96.6,75,86.25,,,,,,,,,,,FALSE,FALSE,FALSE,Standard Rate,Standard Rate,,10,,
13-100103,"Heat Resistant Welding Glove, Kevlar Stitch, Wrist Length 2.5",,TRUE,1,68.6,78.89,61.25,70.44,,,,,,,,,,,FALSE,FALSE,FALSE,Standard Rate,Standard Rate,,10,,
13-1001031,"Heat Resistant Apron Glove, Kevlar Stitch, Shoulder Length 16",,TRUE,1,138.6,159.39,123.75,142.31,,,,,,,,,,,FALSE,FALSE,FALSE,Standard Rate,Standard Rate,,10,,
13-1001022,Welding Glove with Reinforced Palm 8,,TRUE,1,60.2,69.23,53.75,61.81,,,,,,,,,,,FALSE,FALSE,FALSE,Standard Rate,Standard Rate,,10,,
13-100104,Lined Glove Shoulder Length 16,,TRUE,1,114.8,132.02,102.5,117.88,,,,,,,,,,,FALSE,FALSE,FALSE,Standard Rate,Standard Rate,,10,,
13-100105,Lined Glove 8,,TRUE,1,60.2,69.23,53.75,61.81,,,,,,,,,,,FALSE,FALSE,FALSE,Standard Rate,Standard Rate,,10,,
13-100106,Lined Glove Wrist Length 2.5,,TRUE,1,44.8,51.52,40,46,,,,,,,,,,,FALSE,FALSE,FALSE,Standard Rate,Standard Rate,,10,,
13-100109,Chrome Leather Double Palm Glove Shoulder Length 16,,TRUE,1,81.2,93.38,72.5,83.38,,,,,,,,,,,FALSE,FALSE,FALSE,Standard Rate,Standard Rate,,10,,
13-100110,Chrome Leather Double Palm Glove 8,,TRUE,1,47.6,54.74,42.5,48.88,,,,,,,,,,,FALSE,FALSE,FALSE,Standard Rate,Standard Rate,,10,,
13-100111,Chrome Leather Double Palm Glove Wrist Length 2.5,,TRUE,1,33.6,38.64,30,34.5,,,,,,,,,,,FALSE,FALSE,FALSE,Standard Rate,Standard Rate,,10,,
13-100326,Chrome Leather Brick Glove with Rubber Palm,,TRUE,1,84,96.6,75,86.25,,,,,,,,,,,FALSE,FALSE,FALSE,Standard Rate,Standard Rate,,10,,
13-100113,Vip TIG Glove (Pig Skin),,TRUE,1,75.6,86.94,67.5,77.63,,,,,,,,,,,FALSE,FALSE,FALSE,Standard Rate,Standard Rate,,10,,
13-100115,Vip TIG Glove (Goat Skin),,TRUE,1,39.2,45.08,35,40.25,,,,,,,,,,,FALSE,FALSE,FALSE,Standard Rate,Standard Rate,,10,,
13-100114,Vip TIG Glove Extended Cuff ( Goat Skin),,TRUE,1,64.4,74.06,57.5,66.13,,,,,,,,,,,FALSE,FALSE,FALSE,Standard Rate,Standard Rate,,10,,
13-1001151,Leather Napa Glove ( Made of Cow Hide),,TRUE,1,54.6,62.79,48.75,56.06,,,,,,,,,,,FALSE,FALSE,FALSE,Standard Rate,Standard Rate,,10,,
13-1001131,Vip TIG Glove Chrome Leather,,TRUE,1,37.8,43.47,33.75,38.81,,,,,,,,,,,FALSE,FALSE,FALSE,Standard Rate,Standard Rate,,10,,
13-1001132,Vip TIG Glove Tumi Cowhide Leather,,TRUE,1,43.4,49.91,38.75,44.56,,,,,,,,,,,FALSE,FALSE,FALSE,Standard Rate,Standard Rate,,10,,
13-100116,Chrome Leather Candy Stripe Glove,,TRUE,1,23.8,27.37,21.25,24.44,,,,,,,,,,,FALSE,FALSE,FALSE,Standard Rate,Standard Rate,,10,,
13-1001161,Candy Stripe Pig Skin Glove,,TRUE,1,36.4,41.86,32.5,37.38,,,,,,,,,,,FALSE,FALSE,FALSE,Standard Rate,Standard Rate,,10,,
13-1001162,Candy Stripe Rigger Glove Palm,,TRUE,1,32.2,37.03,28.75,33.06,,,,,,,,,,,FALSE,FALSE,FALSE,Standard Rate,Standard Rate,,10,,
13-1001163,HIVIZ Chrome Leather Glove with Reflective Tape,,TRUE,1,46.2,53.13,41.25,47.44,,,,,,,,,,,FALSE,FALSE,FALSE,Standard Rate,Standard Rate,,10,,
13-100060-SV,Chainmail Glove (Stainless Steel Glove) (Price Per Each),,TRUE,1,966,1110.9,862.5,991.88,,,,,,,,,,,FALSE,FALSE,FALSE,Standard Rate,Standard Rate,,10,,
13-100296-GBLK,Impaflex,,TRUE,1,154,177.1,137.5,158.13,,,,,,,,,,,FALSE,FALSE,FALSE,Standard Rate,Standard Rate,,10,,
13-100300,Sp-Flex Smooth,,TRUE,1,9.8,11.27,8.75,10.06,,,,,,,,,,,FALSE,FALSE,FALSE,Standard Rate,Standard Rate,,10,,
13-100301,Sp-Flex HD,,TRUE,1,18.2,20.93,16.25,18.69,,,,,,,,,,,FALSE,FALSE,FALSE,Standard Rate,Standard Rate,,10,,
13-100302,Allflex,,TRUE,1,14,16.1,12.5,14.38,,,,,,,,,,,FALSE,FALSE,FALSE,Standard Rate,Standard Rate,,10,,
13-100290-W,PU Palm Coated Glove,,TRUE,1,7,8.05,6.25,7.19,,,,,,,,,,,FALSE,FALSE,FALSE,Standard Rate,Standard Rate,,10,,
13-100291-BLK,PU Palm Coated Glove,,TRUE,1,9.8,11.27,8.75,10.06,,,,,,,,,,,FALSE,FALSE,FALSE,Standard Rate,Standard Rate,,10,,
13-100320,PVC Glove,,TRUE,1,13.3,15.295,11.875,13.66,,,,,,,,,,,FALSE,FALSE,FALSE,Standard Rate,Standard Rate,,10,,
13-100321,PVC Glove Open Cuff,,TRUE,1,19.6,22.54,17.5,20.13,,,,,,,,,,,FALSE,FALSE,FALSE,Standard Rate,Standard Rate,,10,,
13-100322,PVC Glove Open Cuff,,TRUE,1,22.4,25.76,20,23,,,,,,,,,,,FALSE,FALSE,FALSE,Standard Rate,Standard Rate,,10,,
13-100323,PVC Glove Open Cuff,,TRUE,1,26.6,30.59,23.75,27.31,,,,,,,,,,,FALSE,FALSE,FALSE,Standard Rate,Standard Rate,,10,,
13-1003231,PVC Rough Palm Heavy Duty Glove,,TRUE,1,25.2,28.98,22.5,25.88,,,,,,,,,,,FALSE,FALSE,FALSE,Standard Rate,Standard Rate,,10,,
13-1003232,"PVC Rough Palm Heavy Duty Glove, Open Cuff",,TRUE,1,35,40.25,31.25,35.94,,,,,,,,,,,FALSE,FALSE,FALSE,Standard Rate,Standard Rate,,10,,
13-1003233,"PVC Rough Palm Heavy Duty Glove, Open Cuff",,TRUE,1,40.6,46.69,36.25,41.69,,,,,,,,,,,FALSE,FALSE,FALSE,Standard Rate,Standard Rate,,10,,
13-1003234,PVC Smooth Shoulder Glove ( Elasticated Attachment),,TRUE,1,47.6,54.74,42.5,48.88,,,,,,,,,,,FALSE,FALSE,FALSE,Standard Rate,Standard Rate,,10,,
13-1003237,PVC Heavy Duty Glove,,TRUE,1,22.4,25.76,20,23,,,,,,,,,,,FALSE,FALSE,FALSE,Standard Rate,Standard Rate,,10,,
13-1003238,PVC Heavy Duty Glove,,TRUE,1,35,40.25,31.25,35.94,,,,,,,,,,,FALSE,FALSE,FALSE,Standard Rate,Standard Rate,,10,,
13-10032381,"PVC Glove, Reinforced",,TRUE,1,32.2,37.03,28.75,33.06,,,,,,,,,,,FALSE,FALSE,FALSE,Standard Rate,Standard Rate,,10,,
13-1003239,"PVC Glove Open Cuff, Reinforced",,TRUE,1,36.4,41.86,32.5,37.38,,,,,,,,,,,FALSE,FALSE,FALSE,Standard Rate,Standard Rate,,10,,
13-10032391,"PVC Glove Open Cuff, Reinforced",,TRUE,1,51.8,59.57,46.25,53.19,,,,,,,,,,,FALSE,FALSE,FALSE,Standard Rate,Standard Rate,,10,,
13-10032392,"PVC Freezer Glove, HIVIZ",,TRUE,1,65.8,75.67,58.75,67.56,,,,,,,,,,,FALSE,FALSE,FALSE,Standard Rate,Standard Rate,,10,,
13-10032393,"PVC Freezer Glove Open Cuff, Sandy Palm, HIVIZ",,TRUE,1,77,88.55,68.75,79.06,,,,,,,,,,,FALSE,FALSE,FALSE,Standard Rate,Standard Rate,,10,,
13-100323A,"Stop & Go PVC Glove Open Cuff, Reinforced",,TRUE,1,44.8,51.52,40,46,,,,,,,,,,,FALSE,FALSE,FALSE,Standard Rate,Standard Rate,,10,,
13-100323B,"Stop & Go PVC Glove Open Cuff, Reinforced",,TRUE,1,54.6,62.79,48.75,56.06,,,,,,,,,,,FALSE,FALSE,FALSE,Standard Rate,Standard Rate,,10,,
13-100323C,Chip PVC Glove,,TRUE,1,37.8,43.47,33.75,38.81,,,,,,,,,,,FALSE,FALSE,FALSE,Standard Rate,Standard Rate,,10,,
13-1003245,Procut Nitriblue,,TRUE,1,84,96.6,75,86.25,,,,,,,,,,,FALSE,FALSE,FALSE,Standard Rate,Standard Rate,,10,,
13-1003246,Procut Nitrigrip,,TRUE,1,56,64.4,50,57.5,,,,,,,,,,,FALSE,FALSE,FALSE,Standard Rate,Standard Rate,,10,,
13-100325,Procut Puralite,,TRUE,1,42,48.3,37.5,43.13,,,,,,,,,,,FALSE,FALSE,FALSE,Standard Rate,Standard Rate,,10,,
13-1003251,Procut Griper,,TRUE,1,54.6,62.79,48.75,56.06,,,,,,,,,,,FALSE,FALSE,FALSE,Standard Rate,Standard Rate,,10,,
13-1003252,"Cut Resist Sleeve, LV5",,TRUE,1,68.6,78.89,61.25,70.44,,,,,,,,,,,FALSE,FALSE,FALSE,Standard Rate,Standard Rate,,10,,
13-100333-11,Nitrile Glove Open Cuff,,TRUE,1,19.6,22.54,17.5,20.13,,,,,,,,,,,FALSE,FALSE,FALSE,Standard Rate,Standard Rate,,10,,
13-100334,Neoprene Chemial Glove,,TRUE,1,35,40.25,31.25,35.94,,,,,,,,,,,FALSE,FALSE,FALSE,Standard Rate,Standard Rate,,10,,
13-100350,Industrial Rubber Glove Smooth Palm,,TRUE,1,30.8,35.42,27.5,31.63,,,,,,,,,,,FALSE,FALSE,FALSE,Standard Rate,Standard Rate,,10,,
13-1003501,Industrial Rubber Glove Smooth Palm,,TRUE,1,63,72.45,56.25,64.69,,,,,,,,,,,FALSE,FALSE,FALSE,Standard Rate,Standard Rate,,10,,
13-1003491,Industrial Rubber Glove Rough Palm,,TRUE,1,43.4,49.91,38.75,44.56,,,,,,,,,,,FALSE,FALSE,FALSE,Standard Rate,Standard Rate,,10,,
13-1003492,Industrial Rubber Glove Rough Palm,,TRUE,1,70,80.5,62.5,71.88,,,,,,,,,,,FALSE,FALSE,FALSE,Standard Rate,Standard Rate,,10,,
13-100348,Builders Glove,,TRUE,1,14,16.1,12.5,14.38,,,,,,,,,,,FALSE,FALSE,FALSE,Standard Rate,Standard Rate,,10,,
13-100327,Progrip,,TRUE,1,16.8,19.32,15,17.25,,,,,,,,,,,FALSE,FALSE,FALSE,Standard Rate,Standard Rate,,10,,
13-100324,Crayfish Glove,,TRUE,1,13.3,15.295,11.875,13.66,,,,,,,,,,,FALSE,FALSE,FALSE,Standard Rate,Standard Rate,,10,,
13-100117,"Comarex, Latex Fully Dipped Crinkle Glove, Knit Cuff",,TRUE,1,22.4,25.76,20,23,,,,,,,,,,,FALSE,FALSE,FALSE,Standard Rate,Standard Rate,,10,,
13-100119C,"Comarex, Latex 3/4 Dipped Crinkle Glove, Safe Cuff",,TRUE,1,22.4,25.76,20,23,,,,,,,,,,,FALSE,FALSE,FALSE,Standard Rate,Standard Rate,,10,,
13-100305-B,Nitrile Glove,,TRUE,1,22.4,25.76,20,23,,,,,,,,,,,FALSE,FALSE,FALSE,Standard Rate,Standard Rate,,10,,
13-1003051,Nitrile Glove Safe Cuff,,TRUE,1,25.2,28.98,22.5,25.88,,,,,,,,,,,FALSE,FALSE,FALSE,Standard Rate,Standard Rate,,10,,
13-100306-Y,Nitrile Glove,,TRUE,1,23.8,27.37,21.25,24.44,,,,,,,,,,,FALSE,FALSE,FALSE,Standard Rate,Standard Rate,,10,,
13-100329,Household Glove with Flock Liner (S),,TRUE,1,9.8,11.27,8.75,10.06,,,,,,,,,,,FALSE,FALSE,FALSE,Standard Rate,Standard Rate,,10,,
13-100330,Household Glove with Flock Liner (M),,TRUE,1,9.8,11.27,8.75,10.06,,,,,,,,,,,FALSE,FALSE,FALSE,Standard Rate,Standard Rate,,10,,
13-100331,Household Glove with Flock Liner (L),,TRUE,1,9.8,11.27,8.75,10.06,,,,,,,,,,,FALSE,FALSE,FALSE,Standard Rate,Standard Rate,,10,,
13-100332,Household Glove with Flock Liner,,TRUE,1,9.8,11.27,8.75,10.06,,,,,,,,,,,FALSE,FALSE,FALSE,Standard Rate,Standard Rate,,10,,
13-1003351,Nitrile Examination Glove Powder Free 100 Pcs/Box (M),,TRUE,1,84,96.6,75,86.25,,,,,,,,,,,FALSE,FALSE,FALSE,Standard Rate,Standard Rate,,10,,
13-1003352,Nitrile Examination Glove Powder Free 100 Pcs/Box (L),,TRUE,1,84,96.6,75,86.25,,,,,,,,,,,FALSE,FALSE,FALSE,Standard Rate,Standard Rate,,10,,
13-1003355,Nitrile Vinyl Examination Glove Powder Free 100 Pcs/Box (M),,TRUE,1,54.6,62.79,48.75,56.06,,,,,,,,,,,FALSE,FALSE,FALSE,Standard Rate,Standard Rate,,10,,
13-1003356,Nitrile Vinyl Examination Glove Powder Free 100 Pcs/Box (L),,TRUE,1,54.6,62.79,48.75,56.06,,,,,,,,,,,FALSE,FALSE,FALSE,Standard Rate,Standard Rate,,10,,
13-100337,Latex Examination Glove Powdered (M) 100 Pcs/Box (M),,TRUE,1,107.8,123.97,96.25,110.69,,,,,,,,,,,FALSE,FALSE,FALSE,Standard Rate,Standard Rate,,10,,
13-100338,Latex Examination Glove Powdered (L) 100 Pcs/Box (L),,TRUE,1,107.8,123.97,96.25,110.69,,,,,,,,,,,FALSE,FALSE,FALSE,Standard Rate,Standard Rate,,10,,
13-100341,Latex Examination Glove Powder Free 100 Pcs/Box (M),,TRUE,1,110.6,127.19,98.75,113.56,,,,,,,,,,,FALSE,FALSE,FALSE,Standard Rate,Standard Rate,,10,,
13-100342,Latex Examination Glove Powder Free 100 Pcs/Box (L),,TRUE,1,110.6,127.19,98.75,113.56,,,,,,,,,,,FALSE,FALSE,FALSE,Standard Rate,Standard Rate,,10,,
13-100118-W,Cotton Glove 500G,,TRUE,1,4.2,4.83,3.75,4.31,,,,,,,,,,,FALSE,FALSE,FALSE,Standard Rate,Standard Rate,,10,,
13-100119-GY,Cotton Glove 450G,,TRUE,1,4.2,4.83,3.75,4.31,,,,,,,,,,,FALSE,FALSE,FALSE,Standard Rate,Standard Rate,,10,,
13-100119A,Polka DOT Glove Single Side Seamless,,TRUE,1,5.6,6.44,5,5.75,,,,,,,,,,,FALSE,FALSE,FALSE,Standard Rate,Standard Rate,,10,,
13-100119B,Polka DOT Glove Double Side Seamless,,TRUE,1,8.4,9.66,7.5,8.63,,,,,,,,,,,FALSE,FALSE,FALSE,Standard Rate,Standard Rate,,10,,
13-1003240,"Glove Clip Plastic, Colour",,TRUE,1,16.8,19.32,15,17.25,,,,,,,,,,,FALSE,FALSE,FALSE,Standard Rate,Standard Rate,,10,,
13-AUST-4-BR,Pinnacle Austra Chelsea Boots (Steel Toe & Midsole),,TRUE,1,413,474.95,369,424.35,,,,,,,,,,,FALSE,FALSE,FALSE,Standard Rate,Standard Rate,,10,,
13-AUST-5-BR,Pinnacle Austra Chelsea Boots (Steel Toe & Midsole),,TRUE,1,413,474.95,369,424.35,,,,,,,,,,,FALSE,FALSE,FALSE,Standard Rate,Standard Rate,,10,,
13-AUST-6-BR,Pinnacle Austra Chelsea Boots (Steel Toe & Midsole),,TRUE,1,413,474.95,369,424.35,,,,,,,,,,,FALSE,FALSE,FALSE,Standard Rate,Standard Rate,,10,,
13-AUST-7-BR,Pinnacle Austra Chelsea Boots (Steel Toe & Midsole),,TRUE,1,413,474.95,369,424.35,,,,,,,,,,,FALSE,FALSE,FALSE,Standard Rate,Standard Rate,,10,,
13-AUST-8-BR,Pinnacle Austra Chelsea Boots (Steel Toe & Midsole),,TRUE,1,413,474.95,369,424.35,,,,,,,,,,,FALSE,FALSE,FALSE,Standard Rate,Standard Rate,,10,,
13-AUST-9-BR,Pinnacle Austra Chelsea Boots (Steel Toe & Midsole),,TRUE,1,413,474.95,369,424.35,,,,,,,,,,,FALSE,FALSE,FALSE,Standard Rate,Standard Rate,,10,,
13-AUST-10-BR,Pinnacle Austra Chelsea Boots (Steel Toe & Midsole),,TRUE,1,413,474.95,369,424.35,,,,,,,,,,,FALSE,FALSE,FALSE,Standard Rate,Standard Rate,,10,,
13-AUST-11-BR,Pinnacle Austra Chelsea Boots (Steel Toe & Midsole),,TRUE,1,413,474.95,369,424.35,,,,,,,,,,,FALSE,FALSE,FALSE,Standard Rate,Standard Rate,,10,,
13-AUST-12-BR,Pinnacle Austra Chelsea Boots (Steel Toe & Midsole),,TRUE,1,413,474.95,369,424.35,,,,,,,,,,,FALSE,FALSE,FALSE,Standard Rate,Standard Rate,,10,,
13-AUSTK-4-BLK,Pinnacle Austra Chelsea Boots (Steel Toe & Midsole),,TRUE,1,413,474.95,369,424.35,,,,,,,,,,,FALSE,FALSE,FALSE,Standard Rate,Standard Rate,,10,,
13-AUSTK-5-BLK,Pinnacle Austra Chelsea Boots (Steel Toe & Midsole),,TRUE,1,413,474.95,369,424.35,,,,,,,,,,,FALSE,FALSE,FALSE,Standard Rate,Standard Rate,,10,,
13-AUSTK-6-BLK,Pinnacle Austra Chelsea Boots (Steel Toe & Midsole),,TRUE,1,413,474.95,369,424.35,,,,,,,,,,,FALSE,FALSE,FALSE,Standard Rate,Standard Rate,,10,,
13-AUSTK-7-BLK,Pinnacle Austra Chelsea Boots (Steel Toe & Midsole),,TRUE,1,413,474.95,369,424.35,,,,,,,,,,,FALSE,FALSE,FALSE,Standard Rate,Standard Rate,,10,,
13-AUSTK-8-BLK,Pinnacle Austra Chelsea Boots (Steel Toe & Midsole),,TRUE,1,413,474.95,369,424.35,,,,,,,,,,,FALSE,FALSE,FALSE,Standard Rate,Standard Rate,,10,,
13-AUSTK-9-BLK,Pinnacle Austra Chelsea Boots (Steel Toe & Midsole),,TRUE,1,413,474.95,369,424.35,,,,,,,,,,,FALSE,FALSE,FALSE,Standard Rate,Standard Rate,,10,,
13-AUSTK-10-BLK,Pinnacle Austra Chelsea Boots (Steel Toe & Midsole),,TRUE,1,413,474.95,369,424.35,,,,,,,,,,,FALSE,FALSE,FALSE,Standard Rate,Standard Rate,,10,,
13-AUSTK-11-BLK,Pinnacle Austra Chelsea Boots (Steel Toe & Midsole),,TRUE,1,413,474.95,369,424.35,,,,,,,,,,,FALSE,FALSE,FALSE,Standard Rate,Standard Rate,,10,,
13-AUSTK-12-BLK,Pinnacle Austra Chelsea Boots (Steel Toe & Midsole),,TRUE,1,413,474.95,369,424.35,,,,,,,,,,,FALSE,FALSE,FALSE,Standard Rate,Standard Rate,,10,,
13-ROKL-3-BLK,Pinnacle Rokolo Safety Shoe,,TRUE,1,245,281.75,219,251.85,,,,,,,,,,,FALSE,FALSE,FALSE,Standard Rate,Standard Rate,,10,,
13-ROKL-4-BLK,Pinnacle Rokolo Safety Shoe,,TRUE,1,245,281.75,219,251.85,,,,,,,,,,,FALSE,FALSE,FALSE,Standard Rate,Standard Rate,,10,,
13-ROKL-5-BLK,Pinnacle Rokolo Safety Shoe,,TRUE,1,245,281.75,219,251.85,,,,,,,,,,,FALSE,FALSE,FALSE,Standard Rate,Standard Rate,,10,,
13-ROKL-6-BLK,Pinnacle Rokolo Safety Shoe,,TRUE,1,245,281.75,219,251.85,,,,,,,,,,,FALSE,FALSE,FALSE,Standard Rate,Standard Rate,,10,,
13-ROKL-7-BLK,Pinnacle Rokolo Safety Shoe,,TRUE,1,245,281.75,219,251.85,,,,,,,,,,,FALSE,FALSE,FALSE,Standard Rate,Standard Rate,,10,,
13-ROKL-8-BLK,Pinnacle Rokolo Safety Shoe,,TRUE,1,245,281.75,219,251.85,,,,,,,,,,,FALSE,FALSE,FALSE,Standard Rate,Standard Rate,,10,,
13-ROKL-9-BLK,Pinnacle Rokolo Safety Shoe,,TRUE,1,245,281.75,219,251.85,,,,,,,,,,,FALSE,FALSE,FALSE,Standard Rate,Standard Rate,,10,,
13-ROKL-10-BLK,Pinnacle Rokolo Safety Shoe,,TRUE,1,245,281.75,219,251.85,,,,,,,,,,,FALSE,FALSE,FALSE,Standard Rate,Standard Rate,,10,,
13-ROKL-11-BLK,Pinnacle Rokolo Safety Shoe,,TRUE,1,245,281.75,219,251.85,,,,,,,,,,,FALSE,FALSE,FALSE,Standard Rate,Standard Rate,,10,,
13-ROKL-12-BLK,Pinnacle Rokolo Safety Shoe,,TRUE,1,245,281.75,219,251.85,,,,,,,,,,,FALSE,FALSE,FALSE,Standard Rate,Standard Rate,,10,,
13-ROKO-3-BLK,Pinnacle Roko Chukka Boots (Steel Toe & Midsole) SBP,,TRUE,1,259,297.85,231,265.65,,,,,,,,,,,FALSE,FALSE,FALSE,Standard Rate,Standard Rate,,10,,
13-ROKO-4-BLK,Pinnacle Roko Chukka Boots (Steel Toe & Midsole) SBP,,TRUE,1,259,297.85,231,265.65,,,,,,,,,,,FALSE,FALSE,FALSE,Standard Rate,Standard Rate,,10,,
13-ROKO-5-BLK,Pinnacle Roko Chukka Boots (Steel Toe & Midsole) SBP,,TRUE,1,259,297.85,231,265.65,,,,,,,,,,,FALSE,FALSE,FALSE,Standard Rate,Standard Rate,,10,,
13-ROKO-6-BLK,Pinnacle Roko Chukka Boots (Steel Toe & Midsole) SBP,,TRUE,1,259,297.85,231,265.65,,,,,,,,,,,FALSE,FALSE,FALSE,Standard Rate,Standard Rate,,10,,
13-ROKO-7-BLK,Pinnacle Roko Chukka Boots (Steel Toe & Midsole) SBP,,TRUE,1,259,297.85,231,265.65,,,,,,,,,,,FALSE,FALSE,FALSE,Standard Rate,Standard Rate,,10,,
13-ROKO-8-BLK,Pinnacle Roko Chukka Boots (Steel Toe & Midsole) SBP,,TRUE,1,259,297.85,231,265.65,,,,,,,,,,,FALSE,FALSE,FALSE,Standard Rate,Standard Rate,,10,,
13-ROKO-9-BLK,Pinnacle Roko Chukka Boots (Steel Toe & Midsole) SBP,,TRUE,1,259,297.85,231,265.65,,,,,,,,,,,FALSE,FALSE,FALSE,Standard Rate,Standard Rate,,10,,
13-ROKO-10-BLK,Pinnacle Roko Chukka Boots (Steel Toe & Midsole) SBP,,TRUE,1,259,297.85,231,265.65,,,,,,,,,,,FALSE,FALSE,FALSE,Standard Rate,Standard Rate,,10,,
13-ROKO-11-BLK,Pinnacle Roko Chukka Boots (Steel Toe & Midsole) SBP,,TRUE,1,259,297.85,231,265.65,,,,,,,,,,,FALSE,FALSE,FALSE,Standard Rate,Standard Rate,,10,,
13-ROKO-12-BLK,Pinnacle Roko Chukka Boots (Steel Toe & Midsole) SBP,,TRUE,1,259,297.85,231,265.65,,,,,,,,,,,FALSE,FALSE,FALSE,Standard Rate,Standard Rate,,10,,
13-KIRI-3-BLK,Kirin Safety Boots SB,,TRUE,1,237,272.55,211,242.65,,,,,,,,,,,FALSE,FALSE,FALSE,Standard Rate,Standard Rate,,10,,
13-KIRI-4-BLK,Kirin Safety Boots SB,,TRUE,1,237,272.55,211,242.65,,,,,,,,,,,FALSE,FALSE,FALSE,Standard Rate,Standard Rate,,10,,
13-KIRI-5-BLK,Kirin Safety Boots SB,,TRUE,1,237,272.55,211,242.65,,,,,,,,,,,FALSE,FALSE,FALSE,Standard Rate,Standard Rate,,10,,
13-KIRI-6-BLK,Kirin Safety Boots SB,,TRUE,1,237,272.55,211,242.65,,,,,,,,,,,FALSE,FALSE,FALSE,Standard Rate,Standard Rate,,10,,
13-KIRI-7-BLK,Kirin Safety Boots SB,,TRUE,1,237,272.55,211,242.65,,,,,,,,,,,FALSE,FALSE,FALSE,Standard Rate,Standard Rate,,10,,
13-KIRI-8-BLK,Kirin Safety Boots SB,,TRUE,1,237,272.55,211,242.65,,,,,,,,,,,FALSE,FALSE,FALSE,Standard Rate,Standard Rate,,10,,
13-KIRI-9-BLK,Kirin Safety Boots SB,,TRUE,1,237,272.55,211,242.65,,,,,,,,,,,FALSE,FALSE,FALSE,Standard Rate,Standard Rate,,10,,
13-KIRI-10-BLK,Kirin Safety Boots SB,,TRUE,1,237,272.55,211,242.65,,,,,,,,,,,FALSE,FALSE,FALSE,Standard Rate,Standard Rate,,10,,
13-KIRI-11-BLK,Kirin Safety Boots SB,,TRUE,1,237,272.55,211,242.65,,,,,,,,,,,FALSE,FALSE,FALSE,Standard Rate,Standard Rate,,10,,
13-KIRI-12-BLK,Kirin Safety Boots SB,,TRUE,1,237,272.55,211,242.65,,,,,,,,,,,FALSE,FALSE,FALSE,Standard Rate,Standard Rate,,10,,
13-SOLO-3-BLKO,Solobon Sport Safety Shoe,,TRUE,1,588,676.2,525,603.75,,,,,,,,,,,FALSE,FALSE,FALSE,Standard Rate,Standard Rate,,10,,
13-SOLO-4-BLKO,Solobon Sport Safety Shoe,,TRUE,1,588,676.2,525,603.75,,,,,,,,,,,FALSE,FALSE,FALSE,Standard Rate,Standard Rate,,10,,
13-SOLO-5-BLKO,Solobon Sport Safety Shoe,,TRUE,1,588,676.2,525,603.75,,,,,,,,,,,FALSE,FALSE,FALSE,Standard Rate,Standard Rate,,10,,
13-SOLO-6-BLKO,Solobon Sport Safety Shoe,,TRUE,1,588,676.2,525,603.75,,,,,,,,,,,FALSE,FALSE,FALSE,Standard Rate,Standard Rate,,10,,
13-SOLO-7-BLKO,Solobon Sport Safety Shoe,,TRUE,1,588,676.2,525,603.75,,,,,,,,,,,FALSE,FALSE,FALSE,Standard Rate,Standard Rate,,10,,
13-SOLO-8-BLKO,Solobon Sport Safety Shoe,,TRUE,1,588,676.2,525,603.75,,,,,,,,,,,FALSE,FALSE,FALSE,Standard Rate,Standard Rate,,10,,
13-SOLO-9-BLKO,Solobon Sport Safety Shoe,,TRUE,1,588,676.2,525,603.75,,,,,,,,,,,FALSE,FALSE,FALSE,Standard Rate,Standard Rate,,10,,
13-SOLO-10-BLKO,Solobon Sport Safety Shoe,,TRUE,1,588,676.2,525,603.75,,,,,,,,,,,FALSE,FALSE,FALSE,Standard Rate,Standard Rate,,10,,
13-SOLO-11-BLKO,Solobon Sport Safety Shoe,,TRUE,1,588,676.2,525,603.75,,,,,,,,,,,FALSE,FALSE,FALSE,Standard Rate,Standard Rate,,10,,
13-SOLO-12-BLKO,Solobon Sport Safety Shoe,,TRUE,1,588,676.2,525,603.75,,,,,,,,,,,FALSE,FALSE,FALSE,Standard Rate,Standard Rate,,10,,
13-ROXI-3-BLKP,Pinnacle Roxie Ladys Safety Shoe,,TRUE,1,364,418.6,325,373.75,,,,,,,,,,,FALSE,FALSE,FALSE,Standard Rate,Standard Rate,,10,,
13-ROXI-4-BLKP,Pinnacle Roxie Ladys Safety Shoe,,TRUE,1,364,418.6,325,373.75,,,,,,,,,,,FALSE,FALSE,FALSE,Standard Rate,Standard Rate,,10,,
13-ROXI-5-BLKP,Pinnacle Roxie Ladys Safety Shoe,,TRUE,1,364,418.6,325,373.75,,,,,,,,,,,FALSE,FALSE,FALSE,Standard Rate,Standard Rate,,10,,
13-ROXI-6-BLKP,Pinnacle Roxie Ladys Safety Shoe,,TRUE,1,364,418.6,325,373.75,,,,,,,,,,,FALSE,FALSE,FALSE,Standard Rate,Standard Rate,,10,,
13-ROXI-7-BLKP,Pinnacle Roxie Ladys Safety Shoe,,TRUE,1,364,418.6,325,373.75,,,,,,,,,,,FALSE,FALSE,FALSE,Standard Rate,Standard Rate,,10,,
13-ROXI-8-BLKP,Pinnacle Roxie Ladys Safety Shoe,,TRUE,1,364,418.6,325,373.75,,,,,,,,,,,FALSE,FALSE,FALSE,Standard Rate,Standard Rate,,10,,
13-KUKKA-4-BLK,Pinnacle Kukka Welding Boots,,TRUE,1,315,362.25,281,323.15,,,,,,,,,,,FALSE,FALSE,FALSE,Standard Rate,Standard Rate,,10,,
13-KUKKA-5-BLK,Pinnacle Kukka Welding Boots,,TRUE,1,315,362.25,281,323.15,,,,,,,,,,,FALSE,FALSE,FALSE,Standard Rate,Standard Rate,,10,,
13-KUKKA-6-BLK,Pinnacle Kukka Welding Boots,,TRUE,1,315,362.25,281,323.15,,,,,,,,,,,FALSE,FALSE,FALSE,Standard Rate,Standard Rate,,10,,
13-KUKKA-7-BLK,Pinnacle Kukka Welding Boots,,TRUE,1,315,362.25,281,323.15,,,,,,,,,,,FALSE,FALSE,FALSE,Standard Rate,Standard Rate,,10,,
13-KUKKA-8-BLK,Pinnacle Kukka Welding Boots,,TRUE,1,315,362.25,281,323.15,,,,,,,,,,,FALSE,FALSE,FALSE,Standard Rate,Standard Rate,,10,,
13-KUKKA-9-BLK,Pinnacle Kukka Welding Boots,,TRUE,1,315,362.25,281,323.15,,,,,,,,,,,FALSE,FALSE,FALSE,Standard Rate,Standard Rate,,10,,
13-KUKKA-10-BLK,Pinnacle Kukka Welding Boots,,TRUE,1,315,362.25,281,323.15,,,,,,,,,,,FALSE,FALSE,FALSE,Standard Rate,Standard Rate,,10,,
13-KUKKA-11-BLK,Pinnacle Kukka Welding Boots,,TRUE,1,315,362.25,281,323.15,,,,,,,,,,,FALSE,FALSE,FALSE,Standard Rate,Standard Rate,,10,,
13-KUKKA-12-BLK,Pinnacle Kukka Welding Boots,,TRUE,1,315,362.25,281,323.15,,,,,,,,,,,FALSE,FALSE,FALSE,Standard Rate,Standard Rate,,10,,
13-SOBR-4-BLK,Sobrie Hiker Safety Boots,,TRUE,1,630,724.5,563,647.45,,,,,,,,,,,FALSE,FALSE,FALSE,Standard Rate,Standard Rate,,10,,
13-SOBR-5-BLK,Sobrie Hiker Safety Boots,,TRUE,1,630,724.5,563,647.45,,,,,,,,,,,FALSE,FALSE,FALSE,Standard Rate,Standard Rate,,10,,
13-SOBR-6-BLK,Sobrie Hiker Safety Boots,,TRUE,1,630,724.5,563,647.45,,,,,,,,,,,FALSE,FALSE,FALSE,Standard Rate,Standard Rate,,10,,
13-SOBR-7-BLK,Sobrie Hiker Safety Boots,,TRUE,1,630,724.5,563,647.45,,,,,,,,,,,FALSE,FALSE,FALSE,Standard Rate,Standard Rate,,10,,
13-SOBR-8-BLK,Sobrie Hiker Safety Boots,,TRUE,1,630,724.5,563,647.45,,,,,,,,,,,FALSE,FALSE,FALSE,Standard Rate,Standard Rate,,10,,
13-SOBR-9-BLK,Sobrie Hiker Safety Boots,,TRUE,1,630,724.5,563,647.45,,,,,,,,,,,FALSE,FALSE,FALSE,Standard Rate,Standard Rate,,10,,
13-SOBR-10-BLK,Sobrie Hiker Safety Boots,,TRUE,1,630,724.5,563,647.45,,,,,,,,,,,FALSE,FALSE,FALSE,Standard Rate,Standard Rate,,10,,
13-SOBR-11-BLK,Sobrie Hiker Safety Boots,,TRUE,1,630,724.5,563,647.45,,,,,,,,,,,FALSE,FALSE,FALSE,Standard Rate,Standard Rate,,10,,
13-SOBR-12-BLK,Sobrie Hiker Safety Boots,,TRUE,1,630,724.5,563,647.45,,,,,,,,,,,FALSE,FALSE,FALSE,Standard Rate,Standard Rate,,10,,
13-5-BLK,Clobber Security Combat Canvas Boots,,TRUE,1,265,304.75,236,271.4,,,,,,,,,,,FALSE,FALSE,FALSE,Standard Rate,Standard Rate,,10,,
13-6-BLK,Clobber Security Combat Canvas Boots,,TRUE,1,265,304.75,236,271.4,,,,,,,,,,,FALSE,FALSE,FALSE,Standard Rate,Standard Rate,,10,,
13-7-BLK,Clobber Security Combat Canvas Boots,,TRUE,1,265,304.75,236,271.4,,,,,,,,,,,FALSE,FALSE,FALSE,Standard Rate,Standard Rate,,10,,
13-8-BLK,Clobber Security Combat Canvas Boots,,TRUE,1,265,304.75,236,271.4,,,,,,,,,,,FALSE,FALSE,FALSE,Standard Rate,Standard Rate,,10,,
13-9-BLK,Clobber Security Combat Canvas Boots,,TRUE,1,265,304.75,236,271.4,,,,,,,,,,,FALSE,FALSE,FALSE,Standard Rate,Standard Rate,,10,,
13-10-BLK,Clobber Security Combat Canvas Boots,,TRUE,1,265,304.75,236,271.4,,,,,,,,,,,FALSE,FALSE,FALSE,Standard Rate,Standard Rate,,10,,
13-11-BLK,Clobber Security Combat Canvas Boots,,TRUE,1,265,304.75,236,271.4,,,,,,,,,,,FALSE,FALSE,FALSE,Standard Rate,Standard Rate,,10,,
13-12-BLK,Clobber Security Combat Canvas Boots,,TRUE,1,265,304.75,236,271.4,,,,,,,,,,,FALSE,FALSE,FALSE,Standard Rate,Standard Rate,,10,,
13-KURT-5-BR,Kurt Outdoor Boots,,TRUE,1,854,982.1,763,877.45,,,,,,,,,,,FALSE,FALSE,FALSE,Standard Rate,Standard Rate,,10,,
13-KURT-6-BR,Kurt Outdoor Boots,,TRUE,1,854,982.1,763,877.45,,,,,,,,,,,FALSE,FALSE,FALSE,Standard Rate,Standard Rate,,10,,
13-KURT-7-BR,Kurt Outdoor Boots,,TRUE,1,854,982.1,763,877.45,,,,,,,,,,,FALSE,FALSE,FALSE,Standard Rate,Standard Rate,,10,,
13-KURT-8-BR,Kurt Outdoor Boots,,TRUE,1,854,982.1,763,877.45,,,,,,,,,,,FALSE,FALSE,FALSE,Standard Rate,Standard Rate,,10,,
13-KURT-9-BR,Kurt Outdoor Boots,,TRUE,1,854,982.1,763,877.45,,,,,,,,,,,FALSE,FALSE,FALSE,Standard Rate,Standard Rate,,10,,
13-KURT-10-BR,Kurt Outdoor Boots,,TRUE,1,854,982.1,763,877.45,,,,,,,,,,,FALSE,FALSE,FALSE,Standard Rate,Standard Rate,,10,,
13-KURT-11-BR,Kurt Outdoor Boots,,TRUE,1,854,982.1,763,877.45,,,,,,,,,,,FALSE,FALSE,FALSE,Standard Rate,Standard Rate,,10,,
13-RAM-3-GY,Ram Sport Shoe,,TRUE,1,462,531.3,413,474.95,,,,,,,,,,,FALSE,FALSE,FALSE,Standard Rate,Standard Rate,,10,,
13-RAM-4-GY,Ram Sport Shoe,,TRUE,1,462,531.3,413,474.95,,,,,,,,,,,FALSE,FALSE,FALSE,Standard Rate,Standard Rate,,10,,
13-RAM-5-GY,Ram Sport Shoe,,TRUE,1,462,531.3,413,474.95,,,,,,,,,,,FALSE,FALSE,FALSE,Standard Rate,Standard Rate,,10,,
13-RAM-6-GY,Ram Sport Shoe,,TRUE,1,462,531.3,413,474.95,,,,,,,,,,,FALSE,FALSE,FALSE,Standard Rate,Standard Rate,,10,,
13-RAM-7-GY,Ram Sport Shoe,,TRUE,1,462,531.3,413,474.95,,,,,,,,,,,FALSE,FALSE,FALSE,Standard Rate,Standard Rate,,10,,
13-RAM-8-GY,Ram Sport Shoe,,TRUE,1,462,531.3,413,474.95,,,,,,,,,,,FALSE,FALSE,FALSE,Standard Rate,Standard Rate,,10,,
13-RAM-9-GY,Ram Sport Shoe,,TRUE,1,462,531.3,413,474.95,,,,,,,,,,,FALSE,FALSE,FALSE,Standard Rate,Standard Rate,,10,,
13-RAM-10-GY,Ram Sport Shoe,,TRUE,1,462,531.3,413,474.95,,,,,,,,,,,FALSE,FALSE,FALSE,Standard Rate,Standard Rate,,10,,
13-RAM-11-GY,Ram Sport Shoe,,TRUE,1,462,531.3,413,474.95,,,,,,,,,,,FALSE,FALSE,FALSE,Standard Rate,Standard Rate,,10,,
13-RAM-12-GY,Ram Sport Shoe,,TRUE,1,462,531.3,413,474.95,,,,,,,,,,,FALSE,FALSE,FALSE,Standard Rate,Standard Rate,,10,,
13-STEIN-5-BR,Stein Outdoor Boots,,TRUE,1,644,740.6,575,661.25,,,,,,,,,,,FALSE,FALSE,FALSE,Standard Rate,Standard Rate,,10,,
13-STEIN-6-BR,Stein Outdoor Boots,,TRUE,1,644,740.6,575,661.25,,,,,,,,,,,FALSE,FALSE,FALSE,Standard Rate,Standard Rate,,10,,
13-STEIN-7-BR,Stein Outdoor Boots,,TRUE,1,644,740.6,575,661.25,,,,,,,,,,,FALSE,FALSE,FALSE,Standard Rate,Standard Rate,,10,,
13-STEIN-8-BR,Stein Outdoor Boots,,TRUE,1,644,740.6,575,661.25,,,,,,,,,,,FALSE,FALSE,FALSE,Standard Rate,Standard Rate,,10,,
13-STEIN-9-BR,Stein Outdoor Boots,,TRUE,1,644,740.6,575,661.25,,,,,,,,,,,FALSE,FALSE,FALSE,Standard Rate,Standard Rate,,10,,
13-STEIN-10-BR,Stein Outdoor Boots,,TRUE,1,644,740.6,575,661.25,,,,,,,,,,,FALSE,FALSE,FALSE,Standard Rate,Standard Rate,,10,,
13-STEIN-11-BR,Stein Outdoor Boots,,TRUE,1,644,740.6,575,661.25,,,,,,,,,,,FALSE,FALSE,FALSE,Standard Rate,Standard Rate,,10,,
13-DOTGE-4-BLK,Gum Boots Gemini (NSTC),,TRUE,1,98,112.7,84,96.6,,,,,,,,,,,FALSE,FALSE,FALSE,Standard Rate,Standard Rate,,10,,
13-DOTGE-5-BLK,Gum Boots Gemini (NSTC),,TRUE,1,98,112.7,84,96.6,,,,,,,,,,,FALSE,FALSE,FALSE,Standard Rate,Standard Rate,,10,,
13-DOTGE-6-BLK,Gum Boots Gemini (NSTC),,TRUE,1,98,112.7,84,96.6,,,,,,,,,,,FALSE,FALSE,FALSE,Standard Rate,Standard Rate,,10,,
13-DOTGE-7-BLK,Gum Boots Gemini (NSTC),,TRUE,1,98,112.7,84,96.6,,,,,,,,,,,FALSE,FALSE,FALSE,Standard Rate,Standard Rate,,10,,
13-DOTGE-8-BLK,Gum Boots Gemini (NSTC),,TRUE,1,98,112.7,84,96.6,,,,,,,,,,,FALSE,FALSE,FALSE,Standard Rate,Standard Rate,,10,,
13-DOTGE-9-BLK,Gum Boots Gemini (NSTC),,TRUE,1,98,112.7,84,96.6,,,,,,,,,,,FALSE,FALSE,FALSE,Standard Rate,Standard Rate,,10,,
13-DOTGE-10-BLK,Gum Boots Gemini (NSTC),,TRUE,1,98,112.7,84,96.6,,,,,,,,,,,FALSE,FALSE,FALSE,Standard Rate,Standard Rate,,10,,
13-DOTGE-11-BLK,Gum Boots Gemini (NSTC),,TRUE,1,98,112.7,84,96.6,,,,,,,,,,,FALSE,FALSE,FALSE,Standard Rate,Standard Rate,,10,,
13-DOTGE-12-BLK,Gum Boots Gemini (NSTC),,TRUE,1,98,112.7,84,96.6,,,,,,,,,,,FALSE,FALSE,FALSE,Standard Rate,Standard Rate,,10,,
13-DOTLEO-6-BLK,Gum Boots Leo (STC),,TRUE,1,133,152.95,119,136.85,,,,,,,,,,,FALSE,FALSE,FALSE,Standard Rate,Standard Rate,,10,,
13-DOTLEO-7-BLK,Gum Boots Leo (STC),,TRUE,1,133,152.95,119,136.85,,,,,,,,,,,FALSE,FALSE,FALSE,Standard Rate,Standard Rate,,10,,
13-DOTLEO-8-BLK,Gum Boots Leo (STC),,TRUE,1,133,152.95,119,136.85,,,,,,,,,,,FALSE,FALSE,FALSE,Standard Rate,Standard Rate,,10,,
13-DOTLEO-9-BLK,Gum Boots Leo (STC),,TRUE,1,133,152.95,119,136.85,,,,,,,,,,,FALSE,FALSE,FALSE,Standard Rate,Standard Rate,,10,,
13-DOTLEO-10-BLK,Gum Boots Leo (STC),,TRUE,1,133,152.95,119,136.85,,,,,,,,,,,FALSE,FALSE,FALSE,Standard Rate,Standard Rate,,10,,
13-DOTLEO-11-BLK,Gum Boots Leo (STC),,TRUE,1,133,152.95,119,136.85,,,,,,,,,,,FALSE,FALSE,FALSE,Standard Rate,Standard Rate,,10,,
13-DOTLEO-12-BLK,Gum Boots Leo (STC),,TRUE,1,133,152.95,119,136.85,,,,,,,,,,,FALSE,FALSE,FALSE,Standard Rate,Standard Rate,,10,,
13-DOTSCO-6-W,Gum Boots Scorpio with Sole (NSTC),,TRUE,1,140,161,125,143.75,,,,,,,,,,,FALSE,FALSE,FALSE,Standard Rate,Standard Rate,,10,,
13-DOTSCO-7-W,Gum Boots Scorpio with Sole (NSTC),,TRUE,1,140,161,125,143.75,,,,,,,,,,,FALSE,FALSE,FALSE,Standard Rate,Standard Rate,,10,,
13-DOTSCO-8-W,Gum Boots Scorpio with Sole (NSTC),,TRUE,1,140,161,125,143.75,,,,,,,,,,,FALSE,FALSE,FALSE,Standard Rate,Standard Rate,,10,,
13-DOTSCO-9-W,Gum Boots Scorpio with Sole (NSTC),,TRUE,1,140,161,125,143.75,,,,,,,,,,,FALSE,FALSE,FALSE,Standard Rate,Standard Rate,,10,,
13-DOTSCO-10-W,Gum Boots Scorpio with Sole (NSTC),,TRUE,1,140,161,125,143.75,,,,,,,,,,,FALSE,FALSE,FALSE,Standard Rate,Standard Rate,,10,,
13-DOTSCO-11-W,Gum Boots Scorpio with Sole (NSTC),,TRUE,1,140,161,125,143.75,,,,,,,,,,,FALSE,FALSE,FALSE,Standard Rate,Standard Rate,,10,,
13-DOTSCO-12-W,Gum Boots Scorpio with Sole (NSTC),,TRUE,1,140,161,125,143.75,,,,,,,,,,,FALSE,FALSE,FALSE,Standard Rate,Standard Rate,,10,,
13-100486,Workwear Cushion Socks,,TRUE,1,33.6,38.64,30,34.5,,,,,,,,,,,FALSE,FALSE,FALSE,Standard Rate,Standard Rate,,10,,
13-1004861,Anti Static Cushion Socks,,TRUE,1,40.6,46.69,36.25,41.69,,,,,,,,,,,FALSE,FALSE,FALSE,Standard Rate,Standard Rate,,10,,
13-1004862,Flame Retardant Cushion Sock,,TRUE,1,130.2,149.73,116.25,133.69,,,,,,,,,,,FALSE,FALSE,FALSE,Standard Rate,Standard Rate,,10,,
13-1004863,Mining Socks Calf Length,,TRUE,1,33.6,38.64,30,34.5,,,,,,,,,,,FALSE,FALSE,FALSE,Standard Rate,Standard Rate,,10,,
13-100265,Beard Cover ( Min Order 1000/Box),,TRUE,1,0.462,0.5313,0.4125,0.47,,,,,,,,,,,FALSE,FALSE,FALSE,Standard Rate,Standard Rate,,10,,
13-100501,Polo Rag 100% Cotton ( 5KG Pack),,TRUE,1,51.8,59.57,46.25,53.19,,,,,,,,,,,FALSE,FALSE,FALSE,Standard Rate,Standard Rate,,10,,
13-100070-SVY,Aluminium Kevlar Fire & Heat Resist Glove,,TRUE,1,315,362.25,281.25,323.44,,,,,,,,,,,FALSE,FALSE,FALSE,Standard Rate,Standard Rate,,10,,
K-MSK-FFP1-Pion,FFP1 (20 Per Box),,TRUE,1,6345,7296.75,5875,6756.25,,,,,,,,,,,FALSE,FALSE,FALSE,Standard Rate,Standard Rate,,10,,
K-MSK-FFP2-Pion,FFP2 (20 Per Box),,TRUE,1,81,93.15,75,86.25,,,,,,,,,,,FALSE,FALSE,FALSE,Standard Rate,Standard Rate,,10,,
K-MSK-FFP2V-Pion,FFP2V (20 Per Box),,TRUE,1,1135,1305.25,105,120.75,,,,,,,,,,,FALSE,FALSE,FALSE,Standard Rate,Standard Rate,,10,,
K-MSK-FFP2FF-Pion,Flat Fold FFP 2 (40 Per Box),,TRUE,1,100,115,925,1063.75,,,,,,,,,,,FALSE,FALSE,FALSE,Standard Rate,Standard Rate,,10,,
K-MSK-FFP2FFV-Pion,Flat Fold FFP 2 V (20 Per Box),,TRUE,1,702,807.3,65,74.75,,,,,,,,,,,FALSE,FALSE,FALSE,Standard Rate,Standard Rate,,10,,
K-MSK-FFP3FF-Pion,Flat Fold 3 (20 Per Box),,TRUE,1,145,166.75,135,155.25,,,,,,,,,,,FALSE,FALSE,FALSE,Standard Rate,Standard Rate,,10,,
K-MSK-FFP3FFV-Pion,Flat Fold 3 V (20 Per Box),,TRUE,1,159,182.85,145,166.75,,,,,,,,,,,FALSE,FALSE,FALSE,Standard Rate,Standard Rate,,10,,
K-MSK-FFP2FFAC-Pion,Flat Fold FFP 2 Active Carbon (20 Per Box),,TRUE,1,27864,32043.6,258,296.7,,,,,,,,,,,FALSE,FALSE,FALSE,Standard Rate,Standard Rate,,10,,
K-MSK-FFP3FFAC-Pion,Flat Fold FFP 3 Active Carbon Valve Per Mask,,TRUE,1,45,51.75,42,48.3,,,,,,,,,,,FALSE,FALSE,FALSE,Standard Rate,Standard Rate,,10,,
BWF001-O,Buggy Whip Flag,,TRUE,1,46.2,53.13,41.25,47.44,,,,,,,,,,,FALSE,FALSE,FALSE,Standard Rate,Standard Rate,,10,,
BWS001-R,Buggy Whip Flag,,TRUE,1,46.2,53.13,41.25,47.44,,,,,,,,,,,FALSE,FALSE,FALSE,Standard Rate,Standard Rate,,10,,
RFR-001-R,Flag Wooden Handle,,TRUE,1,64.4,74.06,57.5,66.13,,,,,,,,,,,FALSE,FALSE,FALSE,Standard Rate,Standard Rate,,10,,
RFR-002-R,Flag Wooden Handle with Reflective Tape,,TRUE,1,78.4,90.16,70,80.5,,,,,,,,,,,FALSE,FALSE,FALSE,Standard Rate,Standard Rate,,10,,
V014-Y-L,Reflective Mesh Maxi Bib,,TRUE,1,27,31.05,21.9125,25.2,,,,,,,,,,,FALSE,FALSE,FALSE,Standard Rate,Standard Rate,,10,,
V014-O,Reflective Mesh Maxi Bib,,TRUE,1,27,31.05,21.9125,25.2,,,,,,,,,,,FALSE,FALSE,FALSE,Standard Rate,Standard Rate,,10,,
V015-Y-L,Reflective Solid Material Bib,,TRUE,1,29,33.35,25.175,28.95,,,,,,,,,,,FALSE,FALSE,FALSE,Standard Rate,Standard Rate,,10,,
V015-O,Reflective Solid Material Bib,,TRUE,1,29,33.35,25.175,28.95,,,,,,,,,,,FALSE,FALSE,FALSE,Standard Rate,Standard Rate,,10,,
V016-Y-L,Refective Bib with Adjustable Velcro Attatch Mining Style,,TRUE,1,79,90.85,68.425,78.69,,,,,,,,,,,FALSE,FALSE,FALSE,Standard Rate,Standard Rate,,10,,
V017-Y-L,Refective Bib - Adjustable Velcro Attatch Government(EPWP) Style,,TRUE,1,39,44.85,33.575,38.61,,,,,,,,,,,FALSE,FALSE,FALSE,Standard Rate,Standard Rate,,10,,
V040-L,Hi-Vis Brace with Elastic,,TRUE,1,69,79.35,59.8375,68.81,,,,,,,,,,,FALSE,FALSE,FALSE,Standard Rate,Standard Rate,,10,,
V023O-O,Pioneer ® Reflective Vest with Zip & ID Pouch,,TRUE,1,55,63.25,47.5375,54.67,,,,,,,,,,,FALSE,FALSE,FALSE,Standard Rate,Standard Rate,,10,,
V020-P,Pioneer ® Reflective Vest with Zip & ID Pouch,,TRUE,1,69,79.35,59.575,68.51,,,,,,,,,,,FALSE,FALSE,FALSE,Standard Rate,Standard Rate,,10,,
V021-R,Pioneer ® Reflective Vest with Zip & ID Pouch,,TRUE,1,69,79.35,59.575,68.51,,,,,,,,,,,FALSE,FALSE,FALSE,Standard Rate,Standard Rate,,10,,
V022-B,Pioneer ® Reflective Vest with Zip & ID Pouch,,TRUE,1,69,79.35,59.575,68.51,,,,,,,,,,,FALSE,FALSE,FALSE,Standard Rate,Standard Rate,,10,,
V013-N,Pioneer ® Reflective Vest with Zip & ID Pouch,,TRUE,1,69,79.35,59.575,68.51,,,,,,,,,,,FALSE,FALSE,FALSE,Standard Rate,Standard Rate,,10,,
V018-EMG,Pioneer ® Reflective Vest with Zip & ID Pouch,,TRUE,1,69,79.35,59.575,68.51,,,,,,,,,,,FALSE,FALSE,FALSE,Standard Rate,Standard Rate,,10,,
V033-Y,Pioneer ® Reflective Vest with Zip & ID Pouch,,TRUE,1,69,79.35,59.575,68.51,,,,,,,,,,,FALSE,FALSE,FALSE,Standard Rate,Standard Rate,,10,,
V034-BKG,Pioneer ® Reflective Vest with Zip & ID Pouch,,TRUE,1,69,79.35,59.575,68.51,,,,,,,,,,,FALSE,FALSE,FALSE,Standard Rate,Standard Rate,,10,,
V041-BLK,Pioneer ® Reflective Vest with Zip & ID Pouch,,TRUE,1,69,79.35,59.575,68.51,,,,,,,,,,,FALSE,FALSE,FALSE,Standard Rate,Standard Rate,,10,,
V032-LO,Pioneer ® Two Tone Reflective Vest Zip & ID Pouch,,TRUE,1,69,79.35,59.6125,68.55,,,,,,,,,,,FALSE,FALSE,FALSE,Standard Rate,Standard Rate,,10,,
V042-L,Pioneer ®Flame Retardant and Antistatic Safety Vest New,,TRUE,1,198,227.7,172.975,198.92,,,,,,,,,,,FALSE,FALSE,FALSE,Standard Rate,Standard Rate,,10,,
V024Y-L,Pioneer ® Mesh Reflective Vest Zip with Zip & ID Pouch,,TRUE,1,65,74.75,56.1875,64.62,,,,,,,,,,,FALSE,FALSE,FALSE,Standard Rate,Standard Rate,,10,,
V031Y-L,Pioneer ® Mesh Reflective Vest Zip with PVC Tape,,TRUE,1,65,74.75,56.1875,64.62,,,,,,,,,,,FALSE,FALSE,FALSE,Standard Rate,Standard Rate,,10,,
V037,Reflective Vest with PVC Tape Velcro Close Special,,TRUE,1,47,54.05,40,46,,,,,,,,,,,FALSE,FALSE,FALSE,Standard Rate,Standard Rate,,10,,
V038,Air Field Waist Coat PVC Tape Velcro Close Premium(Airport),,TRUE,1,98,112.7,83,95.45,,,,,,,,,,,FALSE,FALSE,FALSE,Standard Rate,Standard Rate,,10,,
V035-ON,Pioneer ® Signalling Vest,,TRUE,1,189,217.35,165.2875,190.08,,,,,,,,,,,FALSE,FALSE,FALSE,Standard Rate,Standard Rate,,10,,
V036-LN,Pioneer ® Signalling Vest,,TRUE,1,189,217.35,165.2875,190.08,,,,,,,,,,,FALSE,FALSE,FALSE,Standard Rate,Standard Rate,,10,,
V050-L,Pioneer ® Neo Explorer Vest with Multi Pocket,,TRUE,1,459,527.85,406.25,467.19,,,,,,,,,,,FALSE,FALSE,FALSE,Standard Rate,Standard Rate,,10,,
V051-LO,Pioneer ® Two Tone Neo Explorer Vest with Multi Pocket,,TRUE,1,495,569.25,437.5,503.13,,,,,,,,,,,FALSE,FALSE,FALSE,Standard Rate,Standard Rate,,10,,
V025-LO,Pioneer ® Reflective Jacket with Long Sleeve,,TRUE,1,198,227.7,172.975,198.92,,,,,,,,,,,FALSE,FALSE,FALSE,Standard Rate,Standard Rate,,10,,
V027-LO,Pioneer ® Reflective Jacket Sleeveless,,TRUE,1,189,217.35,165.2875,190.08,,,,,,,,,,,FALSE,FALSE,FALSE,Standard Rate,Standard Rate,,10,,
V030,Pioneer ®Metro Reflective Jacket Detachable Sleeve,,TRUE,1,279,320.85,244.725,281.43,,,,,,,,,,,FALSE,FALSE,FALSE,Standard Rate,Standard Rate,,10,,
V039-LN,Pioneer ®Metro Reflective Jacket Detachable Sleeve,,TRUE,1,289,332.35,253.6875,291.74,,,,,,,,,,,FALSE,FALSE,FALSE,Standard Rate,Standard Rate,,10,,
V026-O,Reflective Vest with LED Light,,TRUE,1,193,221.95,169.125,194.49,,,,,,,,,,,FALSE,FALSE,FALSE,Standard Rate,Standard Rate,,10,,
V026Lime-L,Econo Reflective Vest with Zip&ID Pouch,,TRUE,1,193,221.95,169.125,194.49,,,,,,,,,,,FALSE,FALSE,FALSE,Standard Rate,Standard Rate,,10,,
O-O,Econo Reflective Vest with Zip&ID Pouch,,TRUE,1,49.9,57.385,43.5625,50.1,,,,,,,,,,,FALSE,FALSE,FALSE,Standard Rate,Standard Rate,,10,,
V003-O,Winter Bunny Jacket Zip Off Sleeve,,TRUE,1,798,917.7,717.5,825.13,,,,,,,,,,,FALSE,FALSE,FALSE,Standard Rate,Standard Rate,,10,,
V004-L,Winter Bunny Jacket Zip Off Sleeve,,TRUE,1,798,917.7,717.5,825.13,,,,,,,,,,,FALSE,FALSE,FALSE,Standard Rate,Standard Rate,,10,,
V005-N,Winter Bunny Jacket Zip Off Sleeve,,TRUE,1,798,917.7,717.5,825.13,,,,,,,,,,,FALSE,FALSE,FALSE,Standard Rate,Standard Rate,,10,,
V043-ON,Winter Bunny Jacket Zip Off Sleeve Two Tone,,TRUE,1,839,964.85,743.75,855.31,,,,,,,,,,,FALSE,FALSE,FALSE,Standard Rate,Standard Rate,,10,,
V044-LN,Winter Bunny Jacket Zip Off Sleeve Two Tone,,TRUE,1,839,964.85,743.75,855.31,,,,,,,,,,,FALSE,FALSE,FALSE,Standard Rate,Standard Rate,,10,,
V045-P,Winter Bunny Jacket Zip Off Sleeve,,TRUE,1,839,964.85,743.75,855.31,,,,,,,,,,,FALSE,FALSE,FALSE,Standard Rate,Standard Rate,,10,,
V046-BLK,Winter Bunny Jacket Zip Off Sleeve,,TRUE,1,839,964.85,743.75,855.31,,,,,,,,,,,FALSE,FALSE,FALSE,Standard Rate,Standard Rate,,10,,
V001-L,Parka Jacket with Reflective Tape,,TRUE,1,765,879.75,680,782,,,,,,,,,,,FALSE,FALSE,FALSE,Standard Rate,Standard Rate,,10,,
V002-N,Parka Jacket with Reflective Tape,,TRUE,1,765,879.75,680,782,,,,,,,,,,,FALSE,FALSE,FALSE,Standard Rate,Standard Rate,,10,,
V006-ON,High Visibility Two Tone Freezer Traffic Jacket,,TRUE,1,795,914.25,708.75,815.06,,,,,,,,,,,FALSE,FALSE,FALSE,Standard Rate,Standard Rate,,10,,
V007-LN,High Visibility Two Tone Freezer Traffic Jacket,,TRUE,1,795,914.25,708.75,815.06,,,,,,,,,,,FALSE,FALSE,FALSE,Standard Rate,Standard Rate,,10,,
V010-L,High - Vis 3 in 1 Parka Jacket New,,TRUE,1,1290,1483.5,1203.75,1384.31,,,,,,,,,,,FALSE,FALSE,FALSE,Standard Rate,Standard Rate,,10,,
V008-NVB,Oxford Freezer Jacket,,TRUE,1,498,572.7,452.5,520.38,,,,,,,,,,,FALSE,FALSE,FALSE,Standard Rate,Standard Rate,,10,,
V009-NVB,Oxford Freezer Trouser,,TRUE,1,298,342.7,268.75,309.06,,,,,,,,,,,FALSE,FALSE,FALSE,Standard Rate,Standard Rate,,10,,
PW001-BLK,Everest® Softshell Jacket,,TRUE,1,629,723.35,563.75,648.31,,,,,,,,,,,FALSE,FALSE,FALSE,Standard Rate,Standard Rate,,10,,
PW002-N,Everest® Softshell Jacket,,TRUE,1,629,723.35,563.75,648.31,,,,,,,,,,,FALSE,FALSE,FALSE,Standard Rate,Standard Rate,,10,,
EV001-BLK,Everest® Puffer Jacket,,TRUE,1,659,757.85,593.75,682.81,,,,,,,,,,,FALSE,FALSE,FALSE,Standard Rate,Standard Rate,,10,,
PT001-K,Everest® Trekkercomfort Pant,,TRUE,1,739,849.85,658.75,757.56,,,,,,,,,,,FALSE,FALSE,FALSE,Standard Rate,Standard Rate,,10,,
PT002-N,Everest® Trekkercomfort Pant,,TRUE,1,739,849.85,658.75,757.56,,,,,,,,,,,FALSE,FALSE,FALSE,Standard Rate,Standard Rate,,10,,
PT003,Everest® Protrek Trousers,,TRUE,1,879,1010.85,791.25,909.94,,,,,,,,,,,FALSE,FALSE,FALSE,Standard Rate,Standard Rate,,10,,
EV003-YN,Everest® Hivispro Shirts Long Sleeve,,TRUE,1,415,477.25,368.75,424.06,,,,,,,,,,,FALSE,FALSE,FALSE,Standard Rate,Standard Rate,,10,,
EV004-ON,Everest® Hivispro Shirts Long Sleeve,,TRUE,1,415,477.25,368.75,424.06,,,,,,,,,,,FALSE,FALSE,FALSE,Standard Rate,Standard Rate,,10,,
R005-Y,Hydro Premium Heavy Duty PVC Rain Suit,,TRUE,1,249,286.35,220,253,,,,,,,,,,,FALSE,FALSE,FALSE,Standard Rate,Standard Rate,,10,,
R004-N,Hydro Premium Heavy Duty PVC Rain Suit New,,TRUE,1,249,286.35,220,253,,,,,,,,,,,FALSE,FALSE,FALSE,Standard Rate,Standard Rate,,10,,
R006-N,Pioneer Storm Guard PU Rain Suit,,TRUE,1,498,572.7,466.25,536.19,,,,,,,,,,,FALSE,FALSE,FALSE,Standard Rate,Standard Rate,,10,,
R007-NO,Pioneer Storm Guard PU Rain Suit with Ref Tape New,,TRUE,1,750,862.5,687.5,790.63,,,,,,,,,,,FALSE,FALSE,FALSE,Standard Rate,Standard Rate,,10,,
RN-N,Rubberrised Rainsuit,,TRUE,1,169,194.35,147.375,169.48,,,,,,,,,,,FALSE,FALSE,FALSE,Standard Rate,Standard Rate,,10,,
RY-Y,Rubberrised Rainsuit,,TRUE,1,169,194.35,147.375,169.48,,,,,,,,,,,FALSE,FALSE,FALSE,Standard Rate,Standard Rate,,10,,
RG-OLG,Rubberrised Rainsuit,,TRUE,1,169,194.35,147.375,169.48,,,,,,,,,,,FALSE,FALSE,FALSE,Standard Rate,Standard Rate,,10,,
RBK-BLK,Rubberrised Rainsuit,,TRUE,1,169,194.35,147.375,169.48,,,,,,,,,,,FALSE,FALSE,FALSE,Standard Rate,Standard Rate,,10,,
PONCHO-N,Rubberrised Poncho New,,TRUE,1,95,109.25,81,93.15,,,,,,,,,,,FALSE,FALSE,FALSE,Standard Rate,Standard Rate,,10,,
RRN-N,Rubberrised Rain Suit with Reflective Tape,,TRUE,1,195,224.25,171.75,197.51,,,,,,,,,,,FALSE,FALSE,FALSE,Standard Rate,Standard Rate,,10,,
RRY-Y,Rubberrised Rain Suit with Reflective Tape,,TRUE,1,195,224.25,171.75,197.51,,,,,,,,,,,FALSE,FALSE,FALSE,Standard Rate,Standard Rate,,10,,
RRL-L,Rubberrised Rainsuit with Reflective Tape,,TRUE,1,198,227.7,175.5,201.83,,,,,,,,,,,FALSE,FALSE,FALSE,Standard Rate,Standard Rate,,10,,
RRO-O,Rubberrised Rainsuit with Reflective Tape,,TRUE,1,198,227.7,175.5,201.83,,,,,,,,,,,FALSE,FALSE,FALSE,Standard Rate,Standard Rate,,10,,
RCY-Y,Rubberrised Rain Coat,,TRUE,1,125,143.75,109.875,126.36,,,,,,,,,,,FALSE,FALSE,FALSE,Standard Rate,Standard Rate,,10,,
RCO-O,Rubberrised Rain Coat,,TRUE,1,125,143.75,109.875,126.36,,,,,,,,,,,FALSE,FALSE,FALSE,Standard Rate,Standard Rate,,10,,
RCN-N,Rubberrised Rain Coat,,TRUE,1,125,143.75,109.875,126.36,,,,,,,,,,,FALSE,FALSE,FALSE,Standard Rate,Standard Rate,,10,,
R001-Y,PVC Rainsuit,,TRUE,1,159,182.85,139.875,160.86,,,,,,,,,,,FALSE,FALSE,FALSE,Standard Rate,Standard Rate,,10,,
V019-L,Hi-Viz Rain Jacket,,TRUE,1,109,125.35,93.875,107.96,,,,,,,,,,,FALSE,FALSE,FALSE,Standard Rate,Standard Rate,,10,,
A016,Chrome Leather Knee Spats,,TRUE,1,105,120.75,88.375,101.63,,,,,,,,,,,FALSE,FALSE,FALSE,Standard Rate,Standard Rate,,10,,
A017,Chrome Leather Ankle Spats,,TRUE,1,55,63.25,46.125,53.04,,,,,,,,,,,FALSE,FALSE,FALSE,Standard Rate,Standard Rate,,10,,
A015-M-XL,Chrome Leather Yoke,,TRUE,1,249,286.35,220.375,253.43,,,,,,,,,,,FALSE,FALSE,FALSE,Standard Rate,Standard Rate,,10,,
A015-2XL,Chrome Leather Yoke,,TRUE,1,249,286.35,220.375,253.43,,,,,,,,,,,FALSE,FALSE,FALSE,Standard Rate,Standard Rate,,10,,
A015-3XL,Chrome Leather Yoke,,TRUE,1,249,286.35,220.375,253.43,,,,,,,,,,,FALSE,FALSE,FALSE,Standard Rate,Standard Rate,,10,,
A015-4XL,Chrome Leather Yoke,,TRUE,1,249,286.35,220.375,253.43,,,,,,,,,,,FALSE,FALSE,FALSE,Standard Rate,Standard Rate,,10,,
A018,Chrome Leather Apron 60 X 90 One Piece,,TRUE,1,139,159.85,125.625,144.47,,,,,,,,,,,FALSE,FALSE,FALSE,Standard Rate,Standard Rate,,10,,
A018B,Chrome Leather Apron 60 X 120 One Piece,,TRUE,1,159,182.85,139.625,160.57,,,,,,,,,,,FALSE,FALSE,FALSE,Standard Rate,Standard Rate,,10,,
A023-L,Pioneer Tough Welders Jacket,,TRUE,1,1350,1552.5,1312,1508.8,,,,,,,,,,,FALSE,FALSE,FALSE,Standard Rate,Standard Rate,,10,,
A023-XL,Pioneer Tough Welders Jacket,,TRUE,1,1350,1552.5,1312,1508.8,,,,,,,,,,,FALSE,FALSE,FALSE,Standard Rate,Standard Rate,,10,,
A023-2XL,Pioneer Tough Welders Jacket,,TRUE,1,1350,1552.5,1312,1508.8,,,,,,,,,,,FALSE,FALSE,FALSE,Standard Rate,Standard Rate,,10,,
A023-3XL,Pioneer Tough Welders Jacket,,TRUE,1,1350,1552.5,1312,1508.8,,,,,,,,,,,FALSE,FALSE,FALSE,Standard Rate,Standard Rate,,10,,
A013-RBLK,Pioneer Tough Flame Retardant Sleeve,,TRUE,1,259,297.85,229.375,263.78,,,,,,,,,,,FALSE,FALSE,FALSE,Standard Rate,Standard Rate,,10,,
A014-Y,Pioneer Tough Leather Sleeve Velcro Close,,TRUE,1,329,378.35,294.75,338.96,,,,,,,,,,,FALSE,FALSE,FALSE,Standard Rate,Standard Rate,,10,,
A022M-XL,Chrome Leather Welding Jacket,,TRUE,1,439,504.85,397.25,456.84,,,,,,,,,,,FALSE,FALSE,FALSE,Standard Rate,Standard Rate,,10,,
A022XXL-3XL,Chrome Leather Welding Jacket,,TRUE,1,439,504.85,397.25,456.84,,,,,,,,,,,FALSE,FALSE,FALSE,Standard Rate,Standard Rate,,10,,
A022-4XL,Chrome Leather Welding Jacket,,TRUE,1,439,504.85,397.25,456.84,,,,,,,,,,,FALSE,FALSE,FALSE,Standard Rate,Standard Rate,,10,,
A012M-XL,Chrome Leathertrouser,,TRUE,1,439,504.85,397.25,456.84,,,,,,,,,,,FALSE,FALSE,FALSE,Standard Rate,Standard Rate,,10,,
A012-2XL-3XL,Chrome LEATHERTROUSER2XL,,TRUE,1,439,504.85,397.25,456.84,,,,,,,,,,,FALSE,FALSE,FALSE,Standard Rate,Standard Rate,,10,,
A100-2XL-B,Leather Welder'S Jacket Super Heavy Duty,,TRUE,1,850,977.5,812.5,934.38,,,,,,,,,,,FALSE,FALSE,FALSE,Standard Rate,Standard Rate,,10,,
PVC-APRON-HD-ARG,PVC Apron,,TRUE,1,49.021,56.37415,41.125,47.29,,,,,,,,,,,FALSE,FALSE,FALSE,Standard Rate,Standard Rate,,10,,
PVC-APRON-HDY-Y,PVC Apron,,TRUE,1,49.021,56.37415,41.125,47.29,,,,,,,,,,,FALSE,FALSE,FALSE,Standard Rate,Standard Rate,,10,,
PVC-APRON-600G-W,PVC Apron,,TRUE,1,49.021,56.37415,41.125,47.29,,,,,,,,,,,FALSE,FALSE,FALSE,Standard Rate,Standard Rate,,10,,
PVC-APRON-B,PVC Apron,,TRUE,1,49,56.35,41,47.15,,,,,,,,,,,FALSE,FALSE,FALSE,Standard Rate,Standard Rate,,10,,
PVC-APRON-ORG-O,PVC Apron,,TRUE,1,49.021,56.37415,41.125,47.29,,,,,,,,,,,FALSE,FALSE,FALSE,Standard Rate,Standard Rate,,10,,
PVC-APRON-B&F-W,PVC Apron Blood and Fat Resistant,,TRUE,1,113.0165,129.968975,94.8125,109.03,,,,,,,,,,,FALSE,FALSE,FALSE,Standard Rate,Standard Rate,,10,,
A025-W,Mop Cap,,TRUE,1,44,50.6,35.75,41.11,,,,,,,,,,,FALSE,FALSE,FALSE,Standard Rate,Standard Rate,,10,,
A025-B,Mop Cap,,TRUE,1,44,50.6,35.75,41.11,,,,,,,,,,,FALSE,FALSE,FALSE,Standard Rate,Standard Rate,,10,,
A025-R,Mop Cap,,TRUE,1,44,50.6,35.75,41.11,,,,,,,,,,,FALSE,FALSE,FALSE,Standard Rate,Standard Rate,,10,,
A025-P,Mop Cap,,TRUE,1,44,50.6,35.75,41.11,,,,,,,,,,,FALSE,FALSE,FALSE,Standard Rate,Standard Rate,,10,,
A025-G,Mop Cap,,TRUE,1,44,50.6,35.75,41.11,,,,,,,,,,,FALSE,FALSE,FALSE,Standard Rate,Standard Rate,,10,,
A002-CL,Clear Deli Glove 100PCS Pack,,TRUE,1,17.5,20.125,15.4625,17.78,,,,,,,,,,,FALSE,FALSE,FALSE,Standard Rate,Standard Rate,,10,,
A003-B,Disposable Shoe Cover Non Woven 100PCS Pack,,TRUE,1,105,120.75,92.0625,105.87,,,,,,,,,,,FALSE,FALSE,FALSE,Standard Rate,Standard Rate,,10,,
A004,Disposable Apron 100 Pcs Pack,,TRUE,1,115,132.25,99.875,114.86,,,,,,,,,,,FALSE,FALSE,FALSE,Standard Rate,Standard Rate,,10,,
A028,Disposable Beard Cover 100PCS Pack,,TRUE,1,92,105.8,79.0625,90.92,,,,,,,,,,,FALSE,FALSE,FALSE,Standard Rate,Standard Rate,,10,,
A033-W,Disposable Overall Zip+Hood Non Woven,,TRUE,1,42,48.3,35,40.25,,,,,,,,,,,FALSE,FALSE,FALSE,Standard Rate,Standard Rate,,10,,
A033-B,Disposable Overall Zip+Hood Non Woven,,TRUE,1,42,48.3,35,40.25,,,,,,,,,,,FALSE,FALSE,FALSE,Standard Rate,Standard Rate,,10,,
A044-W,Disposable Overall Zip+Hood Non Woven 50GSM Water Repellent,,TRUE,1,42,48.3,43.75,50.31,,,,,,,,,,,FALSE,FALSE,FALSE,Standard Rate,Standard Rate,,10,,
A042,"Disposable Overall TYPE5/6 EN1149, EN13034, EN ISO13982-1",,TRUE,1,83,95.45,71.25,81.94,,,,,,,,,,,FALSE,FALSE,FALSE,Standard Rate,Standard Rate,,10,,
A043,"Disposable Overall TYPE4/5/6 EN1149, EN13034, EN ISO13982-1",,TRUE,1,89,102.35,77.5,89.13,,,,,,,,,,,FALSE,FALSE,FALSE,Standard Rate,Standard Rate,,10,,
TS-100CT145-WH-W,T-Shirts 100% Cotton Crew Neck,,TRUE,1,75,86.25,65.425,75.24,,,,,,,,,,,FALSE,FALSE,FALSE,Standard Rate,Standard Rate,,10,,
TS-100CT145-BK-BLK,T-Shirts 100% Cotton Crew Neck,,TRUE,1,75,86.25,65.425,75.24,,,,,,,,,,,FALSE,FALSE,FALSE,Standard Rate,Standard Rate,,10,,
TS-100CT145-NB-N,T-Shirts 100% Cotton Crew Neck,,TRUE,1,75,86.25,65.425,75.24,,,,,,,,,,,FALSE,FALSE,FALSE,Standard Rate,Standard Rate,,10,,
TS-100CT145-RB-RYB,T-Shirts 100% Cotton Crew Neck,,TRUE,1,75,86.25,65.425,75.24,,,,,,,,,,,FALSE,FALSE,FALSE,Standard Rate,Standard Rate,,10,,
TS-100CT145-RD-R,T-Shirts 100% Cotton Crew Neck,,TRUE,1,75,86.25,65.425,75.24,,,,,,,,,,,FALSE,FALSE,FALSE,Standard Rate,Standard Rate,,10,,
TS-100CT145-BG-G,T-Shirts 100% Cotton Crew Neck,,TRUE,1,75,86.25,65.425,75.24,,,,,,,,,,,FALSE,FALSE,FALSE,Standard Rate,Standard Rate,,10,,
TS-100CT145-LY-LMY,T-Shirts 100% Cotton Crew Neck,,TRUE,1,75,86.25,65.425,75.24,,,,,,,,,,,FALSE,FALSE,FALSE,Standard Rate,Standard Rate,,10,,
TS-100CT145-GY,T-Shirts 100% Cotton Crew Neck,,TRUE,1,75,86.25,65.425,75.24,,,,,,,,,,,FALSE,FALSE,FALSE,Standard Rate,Standard Rate,,10,,
PW003-S-4XL-N,Full Hi-Vis Shirt 100% Cotton Long Sleeve,,TRUE,1,419,481.85,368,423.2,,,,,,,,,,,FALSE,FALSE,FALSE,Standard Rate,Standard Rate,,10,,
PW004-S-4XL-NO,Hi-Vis Shirt 100% Cotton Long Sleeve,,TRUE,1,419,481.85,368,423.2,,,,,,,,,,,FALSE,FALSE,FALSE,Standard Rate,Standard Rate,,10,,
PW005-S-4XL-NSKB,Hi-Vis Shirt 100% Cotton Long Sleeve,,TRUE,1,419,481.85,368,423.2,,,,,,,,,,,FALSE,FALSE,FALSE,Standard Rate,Standard Rate,,10,,
PW006-S-4XL-NY,Hi-Vis Shirt 100% Cotton Long Sleeve,,TRUE,1,419,481.85,368,423.2,,,,,,,,,,,FALSE,FALSE,FALSE,Standard Rate,Standard Rate,,10,,
PW007-S-4XL-NL,Hi-Vis Shirt 100% Cotton Long Sleeve,,TRUE,1,419,481.85,368,423.2,,,,,,,,,,,FALSE,FALSE,FALSE,Standard Rate,Standard Rate,,10,,
PW013-S-4XL-GARG,Hi-Vis Shirt 100% Cotton Long Sleeve New,,TRUE,1,419,481.85,368,423.2,,,,,,,,,,,FALSE,FALSE,FALSE,Standard Rate,Standard Rate,,10,,
PW014-S-4XL-NELB,Hi-Vis Shirt 100% Cotton Long Sleeve New,,TRUE,1,419,481.85,368,423.2,,,,,,,,,,,FALSE,FALSE,FALSE,Standard Rate,Standard Rate,,10,,
PW008-S-4XL-N,Full Hi-Vis Shirt 100% Cotton Short Sleeve,,TRUE,1,399,458.85,355,408.25,,,,,,,,,,,FALSE,FALSE,FALSE,Standard Rate,Standard Rate,,10,,
PW009-S-4XL-NO,Hi-Vis Shirt 100% Cotton Short Sleeve,,TRUE,1,399,458.85,355,408.25,,,,,,,,,,,FALSE,FALSE,FALSE,Standard Rate,Standard Rate,,10,,
PW010-S-4XL-NSKB,Hi-Vis Shirt 100% Cotton Short Sleeve,,TRUE,1,399,458.85,355,408.25,,,,,,,,,,,FALSE,FALSE,FALSE,Standard Rate,Standard Rate,,10,,
PW011-S-4XL-NY,Hi-Vis Shirt 100% Cotton Short Sleeve,,TRUE,1,399,458.85,355,408.25,,,,,,,,,,,FALSE,FALSE,FALSE,Standard Rate,Standard Rate,,10,,
PW012-S-4XL-NL,Hi-Vis Shirt 100% Cotton Short Sleeve,,TRUE,1,399,458.85,355,408.25,,,,,,,,,,,FALSE,FALSE,FALSE,Standard Rate,Standard Rate,,10,,
D59AF-J-32-44,D59 Flame / Acid Retardant Jacket,,TRUE,1,325,373.75,287.5,330.63,,,,,,,,,,,FALSE,FALSE,FALSE,Standard Rate,Standard Rate,,10,,
D59AF-J-46,D59 Flame / Acid Retardant Jacket,,TRUE,1,325,373.75,287.5,330.63,,,,,,,,,,,FALSE,FALSE,FALSE,Standard Rate,Standard Rate,,10,,
D59AF-J-48,D59 Flame / Acid Retardant Jacket,,TRUE,1,325,373.75,287.5,330.63,,,,,,,,,,,FALSE,FALSE,FALSE,Standard Rate,Standard Rate,,10,,
D59AF-J-50,D59 Flame / Acid Retardant Jacket,,TRUE,1,325,373.75,287.5,330.63,,,,,,,,,,,FALSE,FALSE,FALSE,Standard Rate,Standard Rate,,10,,
D59AF-J-52,D59 Flame / Acid Retardant Jacket,,TRUE,1,325,373.75,287.5,330.63,,,,,,,,,,,FALSE,FALSE,FALSE,Standard Rate,Standard Rate,,10,,
D59AF-J-54,D59 Flame / Acid Retardant Jacket,,TRUE,1,325,373.75,287.5,330.63,,,,,,,,,,,FALSE,FALSE,FALSE,Standard Rate,Standard Rate,,10,,
D59AF-J-56,D59 Flame / Acid Retardant Jacket,,TRUE,1,325,373.75,287.5,330.63,,,,,,,,,,,FALSE,FALSE,FALSE,Standard Rate,Standard Rate,,10,,
D59AF-T-28-40,D59 Flame / Acid Retardant Trouser,,TRUE,1,329,378.35,287.5,330.63,,,,,,,,,,,FALSE,FALSE,FALSE,Standard Rate,Standard Rate,,10,,
D59AF-T-42,D59 Flame / Acid Retardant Trouser,,TRUE,1,329,378.35,287.5,330.63,,,,,,,,,,,FALSE,FALSE,FALSE,Standard Rate,Standard Rate,,10,,
D59AF-T-44,D59 Flame / Acid Retardant Trouser,,TRUE,1,329,378.35,287.5,330.63,,,,,,,,,,,FALSE,FALSE,FALSE,Standard Rate,Standard Rate,,10,,
D59AF-T-46,D59 Flame / Acid Retardant Trouser,,TRUE,1,329,378.35,287.5,330.63,,,,,,,,,,,FALSE,FALSE,FALSE,Standard Rate,Standard Rate,,10,,
D59AF-T-48,D59 Flame / Acid Retardant Trouser,,TRUE,1,329,378.35,287.5,330.63,,,,,,,,,,,FALSE,FALSE,FALSE,Standard Rate,Standard Rate,,10,,
D59BS-32-44,D59 Flame/Acid Retardant Boiler Suits,,TRUE,1,630,724.5,562.5,646.88,,,,,,,,,,,FALSE,FALSE,FALSE,Standard Rate,Standard Rate,,10,,
D59BS-46,D59 Flame/Acid Retardant Boiler Suits,,TRUE,1,695,799.25,618.75,711.56,,,,,,,,,,,FALSE,FALSE,FALSE,Standard Rate,Standard Rate,,10,,
D59BS-48,D59 Flame/Acid Retardant Boiler Suits,,TRUE,1,725,833.75,646.875,743.91,,,,,,,,,,,FALSE,FALSE,FALSE,Standard Rate,Standard Rate,,10,,
D59BS-50,D59 Flame/Acid Retardant Boiler Suits,,TRUE,1,760,874,675,776.25,,,,,,,,,,,FALSE,FALSE,FALSE,Standard Rate,Standard Rate,,10,,
D59BS-52,D59 Flame/Acid Retardant Boiler Suits,,TRUE,1,790,908.5,703.125,808.59,,,,,,,,,,,FALSE,FALSE,FALSE,Standard Rate,Standard Rate,,10,,
D59BS-54,D59 Flame/Acid Retardant Boiler Suits,,TRUE,1,820,943,731.25,840.94,,,,,,,,,,,FALSE,FALSE,FALSE,Standard Rate,Standard Rate,,10,,
D59BS-56,D59 Flame/Acid Retardant Boiler Suits,,TRUE,1,850,977.5,759,872.85,,,,,,,,,,,FALSE,FALSE,FALSE,Standard Rate,Standard Rate,,10,,
D59BS-58,D59 Flame/Acid Retardant Boiler Suits,,TRUE,1,970,1115.5,860.3125,989.36,,,,,,,,,,,FALSE,FALSE,FALSE,Standard Rate,Standard Rate,,10,,
CS001-32-44-KBTG,Two Tone Contisuit,,TRUE,1,229,263.35,206.25,237.19,,,,,,,,,,,FALSE,FALSE,FALSE,Standard Rate,Standard Rate,,10,,
CS001-46-KBTG,Two Tone Contisuit,,TRUE,1,255,293.25,226.875,260.91,,,,,,,,,,,FALSE,FALSE,FALSE,Standard Rate,Standard Rate,,10,,
CS001-48-KBTG,Two Tone Contisuit,,TRUE,1,265,304.75,237.1875,272.77,,,,,,,,,,,FALSE,FALSE,FALSE,Standard Rate,Standard Rate,,10,,
CS001-50-KBTG,Two Tone Contisuit,,TRUE,1,275,316.25,247.5,284.63,,,,,,,,,,,FALSE,FALSE,FALSE,Standard Rate,Standard Rate,,10,,
CS001-52-KBTG,Two Tone Contisuit,,TRUE,1,290,333.5,257.8125,296.48,,,,,,,,,,,FALSE,FALSE,FALSE,Standard Rate,Standard Rate,,10,,
CS001-54-KBTG,Two Tone Contisuit,,TRUE,1,299,343.85,268.125,308.34,,,,,,,,,,,FALSE,FALSE,FALSE,Standard Rate,Standard Rate,,10,,
CS001-56-KBTG,Two Tone Contisuit,,TRUE,1,315,362.25,278.4375,320.2,,,,,,,,,,,FALSE,FALSE,FALSE,Standard Rate,Standard Rate,,10,,
CS001-58-KBTG,Two Tone Contisuit,,TRUE,1,325,373.75,288.75,332.06,,,,,,,,,,,FALSE,FALSE,FALSE,Standard Rate,Standard Rate,,10,,
CS002-32-44-KNVB,Two Tone Contisuit,,TRUE,1,235,270.25,206.25,237.19,,,,,,,,,,,FALSE,FALSE,FALSE,Standard Rate,Standard Rate,,10,,
CS002-46-KNVB,Two Tone Contisuit,,TRUE,1,235,270.25,206.25,237.19,,,,,,,,,,,FALSE,FALSE,FALSE,Standard Rate,Standard Rate,,10,,
CS002-48-KNVB,Two Tone Contisuit,,TRUE,1,269,309.35,236.875,272.41,,,,,,,,,,,FALSE,FALSE,FALSE,Standard Rate,Standard Rate,,10,,
CS002-50-KNVB,Two Tone Contisuit,,TRUE,1,279,320.85,247.5,284.63,,,,,,,,,,,FALSE,FALSE,FALSE,Standard Rate,Standard Rate,,10,,
CS002-52-KNVB,Two Tone Contisuit,,TRUE,1,298,342.7,257.8125,296.48,,,,,,,,,,,FALSE,FALSE,FALSE,Standard Rate,Standard Rate,,10,,
CS002-54-KNVB,Two Tone Contisuit,,TRUE,1,305,350.75,268.125,308.34,,,,,,,,,,,FALSE,FALSE,FALSE,Standard Rate,Standard Rate,,10,,
CS002-56-KNVB,Two Tone Contisuit,,TRUE,1,315,362.25,278.4375,320.2,,,,,,,,,,,FALSE,FALSE,FALSE,Standard Rate,Standard Rate,,10,,
CS002-58-KNVB,Two Tone Contisuit,,TRUE,1,325,373.75,288.75,332.06,,,,,,,,,,,FALSE,FALSE,FALSE,Standard Rate,Standard Rate,,10,,
KNS-RB-32-44-RYB,Kono Conti Suits,,TRUE,1,139,159.85,123.75,142.31,,,,,,,,,,,FALSE,FALSE,FALSE,Standard Rate,Standard Rate,,10,,
KNS-RB-46-RYB,Kono Conti Suits,,TRUE,1,155,178.25,136.125,156.54,,,,,,,,,,,FALSE,FALSE,FALSE,Standard Rate,Standard Rate,,10,,
KNS-RB-48-RYB,Kono Conti Suits,,TRUE,1,159,182.85,142.3125,163.66,,,,,,,,,,,FALSE,FALSE,FALSE,Standard Rate,Standard Rate,,10,,
KNS-RB-50-RYB,Kono Conti Suits,,TRUE,1,169,194.35,148.5,170.78,,,,,,,,,,,FALSE,FALSE,FALSE,Standard Rate,Standard Rate,,10,,
KNS-RB-52-RYB,Kono Conti Suits,,TRUE,1,175,201.25,154.6875,177.89,,,,,,,,,,,FALSE,FALSE,FALSE,Standard Rate,Standard Rate,,10,,
KNS-RB-54-RYB,Kono Conti Suits,,TRUE,1,190,218.5,170.2,195.73,,,,,,,,,,,FALSE,FALSE,FALSE,Standard Rate,Standard Rate,,10,,
KNS-RB-56-RYB,Kono Conti Suits,,TRUE,1,199,228.85,177.8875,204.57,,,,,,,,,,,FALSE,FALSE,FALSE,Standard Rate,Standard Rate,,10,,
KNS-NB-32-44-NVBRWGYBLK,Kono Conti Suits,,TRUE,1,142,163.3,126.25,145.19,,,,,,,,,,,FALSE,FALSE,FALSE,Standard Rate,Standard Rate,,10,,
KNS-NB-46-NVBRWGYBLK,Kono Conti Suits,,TRUE,1,155,178.25,138.875,159.71,,,,,,,,,,,FALSE,FALSE,FALSE,Standard Rate,Standard Rate,,10,,
KNS-NB-48-NVBRWGYBLK,Kono Conti Suits,,TRUE,1,163,187.45,145.1875,166.97,,,,,,,,,,,FALSE,FALSE,FALSE,Standard Rate,Standard Rate,,10,,
KNS-NB-50-NVBRWGYBLK,Kono Conti Suits,,TRUE,1,169,194.35,151.5,174.23,,,,,,,,,,,FALSE,FALSE,FALSE,Standard Rate,Standard Rate,,10,,
KNS-NB-52-NVBRWGYBLK,Kono Conti Suits,,TRUE,1,176,202.4,157.8125,181.48,,,,,,,,,,,FALSE,FALSE,FALSE,Standard Rate,Standard Rate,,10,,
KNS-NB-54-NVBRWGYBLK,Kono Conti Suits,,TRUE,1,195,224.25,173.6,199.64,,,,,,,,,,,FALSE,FALSE,FALSE,Standard Rate,Standard Rate,,10,,
KNS-NB-56-NVBRWGYBLK,Kono Conti Suits,,TRUE,1,205,235.75,181.4875,208.71,,,,,,,,,,,FALSE,FALSE,FALSE,Standard Rate,Standard Rate,,10,,
CSB32-44-RYB,Conti Suits Poly Cotton,,TRUE,1,165,189.75,146.25,168.19,,,,,,,,,,,FALSE,FALSE,FALSE,Standard Rate,Standard Rate,,10,,
CSB46-RYB,Conti Suits Poly Cotton,,TRUE,1,180,207,160.875,185.01,,,,,,,,,,,FALSE,FALSE,FALSE,Standard Rate,Standard Rate,,10,,
CSB48-RYB,Conti Suits Poly Cotton,,TRUE,1,189,217.35,168.1875,193.42,,,,,,,,,,,FALSE,FALSE,FALSE,Standard Rate,Standard Rate,,10,,
CSB50-RYB,Conti Suits Poly Cotton,,TRUE,1,196,225.4,175.5,201.83,,,,,,,,,,,FALSE,FALSE,FALSE,Standard Rate,Standard Rate,,10,,
CSB52-RYB,Conti Suits Poly Cotton,,TRUE,1,205,235.75,182.8125,210.23,,,,,,,,,,,FALSE,FALSE,FALSE,Standard Rate,Standard Rate,,10,,
CSB54-RYB,Conti Suits Poly Cotton,,TRUE,1,215,247.25,190.125,218.64,,,,,,,,,,,FALSE,FALSE,FALSE,Standard Rate,Standard Rate,,10,,
CSB56-RYB,Conti Suits Poly Cotton,,TRUE,1,225,258.75,197.4375,227.05,,,,,,,,,,,FALSE,FALSE,FALSE,Standard Rate,Standard Rate,,10,,
CSB58-RYB,Conti Suits Poly Cotton,,TRUE,1,229,263.35,204.75,235.46,,,,,,,,,,,FALSE,FALSE,FALSE,Standard Rate,Standard Rate,,10,,
CSB60-RYB,Conti Suits Poly Cotton,,TRUE,1,238,273.7,212.0625,243.87,,,,,,,,,,,FALSE,FALSE,FALSE,Standard Rate,Standard Rate,,10,,
CSB-REF32-44-RYB,Conti Suits Poly Cotton with Ref Tape,,TRUE,1,199,228.85,180,207,,,,,,,,,,,FALSE,FALSE,FALSE,Standard Rate,Standard Rate,,10,,
CSB-REF46-RYB,Conti Suits Poly Cotton with Ref Tape,,TRUE,1,219,251.85,198,227.7,,,,,,,,,,,FALSE,FALSE,FALSE,Standard Rate,Standard Rate,,10,,
CSB-REF48-RYB,Conti Suits Poly Cotton with Ref Tape,,TRUE,1,229,263.35,207,238.05,,,,,,,,,,,FALSE,FALSE,FALSE,Standard Rate,Standard Rate,,10,,
CSB-REF50-RYB,Conti Suits Poly Cotton with Ref Tape,,TRUE,1,239,274.85,216,248.4,,,,,,,,,,,FALSE,FALSE,FALSE,Standard Rate,Standard Rate,,10,,
CSB-REF52-RYB,Conti Suits Poly Cotton with Ref Tape,,TRUE,1,255,293.25,225,258.75,,,,,,,,,,,FALSE,FALSE,FALSE,Standard Rate,Standard Rate,,10,,
CSB-REF54-RYB,Conti Suits Poly Cotton with Ref Tape,,TRUE,1,265,304.75,234,269.1,,,,,,,,,,,FALSE,FALSE,FALSE,Standard Rate,Standard Rate,,10,,
CSB-REF56-RYB,Conti Suits Poly Cotton with Ref Tape,,TRUE,1,275,316.25,243,279.45,,,,,,,,,,,FALSE,FALSE,FALSE,Standard Rate,Standard Rate,,10,,
CSB-REF58-RYB,Conti Suits Poly Cotton with Ref Tape,,TRUE,1,285,327.75,252,289.8,,,,,,,,,,,FALSE,FALSE,FALSE,Standard Rate,Standard Rate,,10,,
CSB-REF60-RYB,Conti Suits Poly Cotton with Ref Tape,,TRUE,1,295,339.25,261,300.15,,,,,,,,,,,FALSE,FALSE,FALSE,Standard Rate,Standard Rate,,10,,
COLORS-32-44,Poly Cotton Conti Suits - Colors,,TRUE,1,179,205.85,160,184,,,,,,,,,,,FALSE,FALSE,FALSE,Standard Rate,Standard Rate,,10,,
COLORS-46,Poly Cotton Conti Suits - Colors,,TRUE,1,179,205.85,160,184,,,,,,,,,,,FALSE,FALSE,FALSE,Standard Rate,Standard Rate,,10,,
COLORS-48,Poly Cotton Conti Suits - Colors,,TRUE,1,179,205.85,160,184,,,,,,,,,,,FALSE,FALSE,FALSE,Standard Rate,Standard Rate,,10,,
COLORS-50,Poly Cotton Conti Suits - Colors,,TRUE,1,179,205.85,160,184,,,,,,,,,,,FALSE,FALSE,FALSE,Standard Rate,Standard Rate,,10,,
COLORS-52,Poly Cotton Conti Suits - Colors,,TRUE,1,179,205.85,160,184,,,,,,,,,,,FALSE,FALSE,FALSE,Standard Rate,Standard Rate,,10,,
COLORS-54,Poly Cotton Conti Suits - Colors,,TRUE,1,179,205.85,160,184,,,,,,,,,,,FALSE,FALSE,FALSE,Standard Rate,Standard Rate,,10,,
COLORS-56,Poly Cotton Conti Suits - Colors,,TRUE,1,179,205.85,160,184,,,,,,,,,,,FALSE,FALSE,FALSE,Standard Rate,Standard Rate,,10,,
COLORS-58,Poly Cotton Conti Suits - Colors,,TRUE,1,179,205.85,160,184,,,,,,,,,,,FALSE,FALSE,FALSE,Standard Rate,Standard Rate,,10,,
COLORS-60,Poly Cotton Conti Suits - Colors,,TRUE,1,179,205.85,160,184,,,,,,,,,,,FALSE,FALSE,FALSE,Standard Rate,Standard Rate,,10,,
CSD32-44-NVB,Denim Conti Suits,,TRUE,1,259,297.85,227.5,261.63,,,,,,,,,,,FALSE,FALSE,FALSE,Standard Rate,Standard Rate,,10,,
CSD-46-NVB,Denim Conti Suits,,TRUE,1,280,322,250,287.5,,,,,,,,,,,FALSE,FALSE,FALSE,Standard Rate,Standard Rate,,10,,
CSD-48-NVB,Denim Conti Suits,,TRUE,1,295,339.25,262,301.3,,,,,,,,,,,FALSE,FALSE,FALSE,Standard Rate,Standard Rate,,10,,
CSD-50-NVB,Denim Conti Suits,,TRUE,1,305,350.75,273,313.95,,,,,,,,,,,FALSE,FALSE,FALSE,Standard Rate,Standard Rate,,10,,
CSD-52-NVB,Denim Conti Suits,,TRUE,1,390,448.5,347,399.05,,,,,,,,,,,FALSE,FALSE,FALSE,Standard Rate,Standard Rate,,10,,
CSD-54-NVB,Denim Conti Suits,,TRUE,1,389,447.35,296,340.4,,,,,,,,,,,FALSE,FALSE,FALSE,Standard Rate,Standard Rate,,10,,
CSD-56-NVB,Denim Conti Suits,,TRUE,1,345,396.75,307,353.05,,,,,,,,,,,FALSE,FALSE,FALSE,Standard Rate,Standard Rate,,10,,
CSD-58-NVB,Denim Conti Suits,,TRUE,1,355,408.25,319,366.85,,,,,,,,,,,FALSE,FALSE,FALSE,Standard Rate,Standard Rate,,10,,
CSD-60-NVB,Denim Conti Suits,,TRUE,1,369,424.35,330,379.5,,,,,,,,,,,FALSE,FALSE,FALSE,Standard Rate,Standard Rate,,10,,
CSJ54-32-44-RYB,J54 100% Cotton Conti Suits,,TRUE,1,309,355.35,275,316.25,,,,,,,,,,,FALSE,FALSE,FALSE,Standard Rate,Standard Rate,,10,,
CSJ54-46-RYB,J54 100% Cotton Conti Suits,,TRUE,1,339,389.85,302.5,347.88,,,,,,,,,,,FALSE,FALSE,FALSE,Standard Rate,Standard Rate,,10,,
CSJ54-48-RYB,J54 100% Cotton Conti Suits,,TRUE,1,355,408.25,316.25,363.69,,,,,,,,,,,FALSE,FALSE,FALSE,Standard Rate,Standard Rate,,10,,
CSJ54-50-RYB,J54 100% Cotton Conti Suits,,TRUE,1,369,424.35,330,379.5,,,,,,,,,,,FALSE,FALSE,FALSE,Standard Rate,Standard Rate,,10,,
CSJ54-52-RYB,J54 100% Cotton Conti Suits,,TRUE,1,385,442.75,343.75,395.31,,,,,,,,,,,FALSE,FALSE,FALSE,Standard Rate,Standard Rate,,10,,
CSJ54-54-RYB,J54 100% Cotton Conti Suits,,TRUE,1,399,458.85,357.5,411.13,,,,,,,,,,,FALSE,FALSE,FALSE,Standard Rate,Standard Rate,,10,,
CSJ54-56-RYB,J54 100% Cotton Conti Suits,,TRUE,1,415,477.25,371.25,426.94,,,,,,,,,,,FALSE,FALSE,FALSE,Standard Rate,Standard Rate,,10,,
CSJ54-58-RYB,J54 100% Cotton Conti Suits,,TRUE,1,429,493.35,385,442.75,,,,,,,,,,,FALSE,FALSE,FALSE,Standard Rate,Standard Rate,,10,,
CSJ54-60-RYB,J54 100% Cotton Conti Suits,,TRUE,1,446,512.9,398.75,458.56,,,,,,,,,,,FALSE,FALSE,FALSE,Standard Rate,Standard Rate,,10,,
CS006/7-32-44-EMGK,Contisuit Emerald,,TRUE,1,319,366.85,287.5,330.63,,,,,,,,,,,FALSE,FALSE,FALSE,Standard Rate,Standard Rate,,10,,
CS006/7-46-EMGK,Contisuit Emerald,,TRUE,1,319,366.85,287.5,330.63,,,,,,,,,,,FALSE,FALSE,FALSE,Standard Rate,Standard Rate,,10,,
CS006/7-48-EMGK,Contisuit Emerald,,TRUE,1,319,366.85,287.5,330.63,,,,,,,,,,,FALSE,FALSE,FALSE,Standard Rate,Standard Rate,,10,,
CS006/7-50-EMGK,Contisuit Emerald,,TRUE,1,319,366.85,287.5,330.63,,,,,,,,,,,FALSE,FALSE,FALSE,Standard Rate,Standard Rate,,10,,
CS006/7-52-EMGK,Contisuit Emerald,,TRUE,1,319,366.85,287.5,330.63,,,,,,,,,,,FALSE,FALSE,FALSE,Standard Rate,Standard Rate,,10,,
CS006/7-54-EMGK,Contisuit Emerald,,TRUE,1,319,366.85,287.5,330.63,,,,,,,,,,,FALSE,FALSE,FALSE,Standard Rate,Standard Rate,,10,,
CS006/7-56-EMGK,Contisuit Emerald,,TRUE,1,319,366.85,287.5,330.63,,,,,,,,,,,FALSE,FALSE,FALSE,Standard Rate,Standard Rate,,10,,
CS006/7-58-EMGK,Contisuit Emerald,,TRUE,1,319,366.85,287.5,330.63,,,,,,,,,,,FALSE,FALSE,FALSE,Standard Rate,Standard Rate,,10,,
CSN-J54-32-44-N,J54 100% Cotton Conti Suits,,TRUE,1,319,366.85,288,331.2,,,,,,,,,,,FALSE,FALSE,FALSE,Standard Rate,Standard Rate,,10,,
CSN-J54-46-N,J54 100% Cotton Conti Suits,,TRUE,1,355,408.25,316,363.4,,,,,,,,,,,FALSE,FALSE,FALSE,Standard Rate,Standard Rate,,10,,
CSN-J54-48-N,J54 100% Cotton Conti Suits,,TRUE,1,369,424.35,331,380.65,,,,,,,,,,,FALSE,FALSE,FALSE,Standard Rate,Standard Rate,,10,,
CSN-J54-50-N,J54 100% Cotton Conti Suits,,TRUE,1,385,442.75,345,396.75,,,,,,,,,,,FALSE,FALSE,FALSE,Standard Rate,Standard Rate,,10,,
CSN-J54-52-N,J54 100% Cotton Conti Suits,,TRUE,1,399,458.85,359,412.85,,,,,,,,,,,FALSE,FALSE,FALSE,Standard Rate,Standard Rate,,10,,
CSN-J54-54-N,J54 100% Cotton Conti Suits,,TRUE,1,419,481.85,374,430.1,,,,,,,,,,,FALSE,FALSE,FALSE,Standard Rate,Standard Rate,,10,,
CSN-J54-56-N,J54 100% Cotton Conti Suits,,TRUE,1,435,500.25,388,446.2,,,,,,,,,,,FALSE,FALSE,FALSE,Standard Rate,Standard Rate,,10,,
CSN-J54-58-N,J54 100% Cotton Conti Suits,,TRUE,1,449,516.35,403,463.45,,,,,,,,,,,FALSE,FALSE,FALSE,Standard Rate,Standard Rate,,10,,
CSN-J54-60-N,J54 100% Cotton Conti Suits,,TRUE,1,469,539.35,417,479.55,,,,,,,,,,,FALSE,FALSE,FALSE,Standard Rate,Standard Rate,,10,,
CSGF32-44-G,Flame Retardent Conti Suits,,TRUE,1,539,619.85,481.25,553.44,,,,,,,,,,,FALSE,FALSE,FALSE,Standard Rate,Standard Rate,,10,,
CSGF46-G,Flame Retardent Conti Suits,,TRUE,1,592,680.8,529.375,608.78,,,,,,,,,,,FALSE,FALSE,FALSE,Standard Rate,Standard Rate,,10,,
CSGF48-G,Flame Retardent Conti Suits,,TRUE,1,619,711.85,553.4375,636.45,,,,,,,,,,,FALSE,FALSE,FALSE,Standard Rate,Standard Rate,,10,,
CSGF50-G,Flame Retardent Conti Suits,,TRUE,1,645,741.75,577.5,664.13,,,,,,,,,,,FALSE,FALSE,FALSE,Standard Rate,Standard Rate,,10,,
CSGF52-G,Flame Retardent Conti Suits,,TRUE,1,675,776.25,601.5625,691.8,,,,,,,,,,,FALSE,FALSE,FALSE,Standard Rate,Standard Rate,,10,,
CSGF54-G,Flame Retardent Conti Suits,,TRUE,1,699,803.85,625.625,719.47,,,,,,,,,,,FALSE,FALSE,FALSE,Standard Rate,Standard Rate,,10,,
CSGF56-G,Flame Retardent Conti Suits,,TRUE,1,729,838.35,649.6875,747.14,,,,,,,,,,,FALSE,FALSE,FALSE,Standard Rate,Standard Rate,,10,,
CSGF58-G,Flame Retardent Conti Suits,,TRUE,1,755,868.25,673.75,774.81,,,,,,,,,,,FALSE,FALSE,FALSE,Standard Rate,Standard Rate,,10,,
CSGF60-G,Flame Retardent Conti Suits,,TRUE,1,782,899.3,697.8125,802.48,,,,,,,,,,,FALSE,FALSE,FALSE,Standard Rate,Standard Rate,,10,,
CSA32-44-G,Acid Resistant Conti Suits,,TRUE,1,249,286.35,225,258.75,,,,,,,,,,,FALSE,FALSE,FALSE,Standard Rate,Standard Rate,,10,,
CSA46-G,Acid Resistant Conti Suits,,TRUE,1,279,320.85,247.5,284.63,,,,,,,,,,,FALSE,FALSE,FALSE,Standard Rate,Standard Rate,,10,,
CSA48-G,Acid Resistant Conti Suits,,TRUE,1,289,332.35,258.75,297.56,,,,,,,,,,,FALSE,FALSE,FALSE,Standard Rate,Standard Rate,,10,,
CSA50-G,Acid Resistant Conti Suits,,TRUE,1,299,343.85,270,310.5,,,,,,,,,,,FALSE,FALSE,FALSE,Standard Rate,Standard Rate,,10,,
CSA52-G,Acid Resistant Conti Suits,,TRUE,1,315,362.25,281.25,323.44,,,,,,,,,,,FALSE,FALSE,FALSE,Standard Rate,Standard Rate,,10,,
CSA54-G,Acid Resistant Conti Suits,,TRUE,1,329,378.35,292.5,336.38,,,,,,,,,,,FALSE,FALSE,FALSE,Standard Rate,Standard Rate,,10,,
CSA56-G,Acid Resistant Conti Suits,,TRUE,1,339,389.85,303.75,349.31,,,,,,,,,,,FALSE,FALSE,FALSE,Standard Rate,Standard Rate,,10,,
CSA58-G,Acid Resistant Conti Suits,,TRUE,1,355,408.25,315,362.25,,,,,,,,,,,FALSE,FALSE,FALSE,Standard Rate,Standard Rate,,10,,
CSA60-G,Acid Resistant Conti Suits,,TRUE,1,365,419.75,326.25,375.19,,,,,,,,,,,FALSE,FALSE,FALSE,Standard Rate,Standard Rate,,10,,
CS004,Acid Resistant Conti Suits with Ref Tape,,TRUE,1,294,338.1,262.5,301.88,,,,,,,,,,,FALSE,FALSE,FALSE,Standard Rate,Standard Rate,,10,,
BSRB,Boiler Suits,,TRUE,1,195,224.25,173.75,199.81,,,,,,,,,,,FALSE,FALSE,FALSE,Standard Rate,Standard Rate,,10,,
CS005-32-44-RYB,Dust Coat,,TRUE,1,115,132.25,118.75,136.56,,,,,,,,,,,FALSE,FALSE,FALSE,Standard Rate,Standard Rate,,10,,
CS005-46-RYB,Dust Coat,,TRUE,1,146,167.9,130.625,150.22,,,,,,,,,,,FALSE,FALSE,FALSE,Standard Rate,Standard Rate,,10,,
CS005-48-RYB,Dust Coat,,TRUE,1,152,174.8,136.5625,157.05,,,,,,,,,,,FALSE,FALSE,FALSE,Standard Rate,Standard Rate,,10,,
CS005-50-RYB,Dust Coat,,TRUE,1,159,182.85,142.5,163.88,,,,,,,,,,,FALSE,FALSE,FALSE,Standard Rate,Standard Rate,,10,,
CS005-52-RYB,Dust Coat,,TRUE,1,165,189.75,148.4375,170.7,,,,,,,,,,,FALSE,FALSE,FALSE,Standard Rate,Standard Rate,,10,,
CS010/11/14-32-44-GGYN,Dust Coat Emerald,,TRUE,1,155,178.25,137.5,158.13,,,,,,,,,,,FALSE,FALSE,FALSE,Standard Rate,Standard Rate,,10,,
CS010/11/14-46-GGYN,Dust Coat Emerald,,TRUE,1,155,178.25,137.5,158.13,,,,,,,,,,,FALSE,FALSE,FALSE,Standard Rate,Standard Rate,,10,,
CS010/11/14-48-GGYN,Dust Coat Emerald,,TRUE,1,155,178.25,137.5,158.13,,,,,,,,,,,FALSE,FALSE,FALSE,Standard Rate,Standard Rate,,10,,
CS010/11/14-50-GGYN,Dust Coat Emerald,,TRUE,1,155,178.25,137.5,158.13,,,,,,,,,,,FALSE,FALSE,FALSE,Standard Rate,Standard Rate,,10,,
CS008-32-44-W,Dust Coat,,TRUE,1,155,178.25,137.5,158.13,,,,,,,,,,,FALSE,FALSE,FALSE,Standard Rate,Standard Rate,,10,,
CS008-46-W,Dust Coat,,TRUE,1,169,194.35,151.25,173.94,,,,,,,,,,,FALSE,FALSE,FALSE,Standard Rate,Standard Rate,,10,,
CS008-48-W,Dust Coat,,TRUE,1,179,205.85,158.125,181.84,,,,,,,,,,,FALSE,FALSE,FALSE,Standard Rate,Standard Rate,,10,,
CS008-50-W,Dust Coat,,TRUE,1,185,212.75,165,189.75,,,,,,,,,,,FALSE,FALSE,FALSE,Standard Rate,Standard Rate,,10,,
PNBT,Pioneer ® Safety Boot STC + Steel Midsole SBP,,TRUE,1,425,488.75,377.5,434.13,,,,,,,,,,,FALSE,FALSE,FALSE,Standard Rate,Standard Rate,,10,,
LMD600,Pioneer ® Safety Shoe STC SB,,TRUE,1,419,481.85,372.5,428.38,,,,,,,,,,,FALSE,FALSE,FALSE,Standard Rate,Standard Rate,,10,,
PB001-BLK,Pioneer ® Commander STC S1,,TRUE,1,599,688.85,539,619.85,,,,,,,,,,,FALSE,FALSE,FALSE,Standard Rate,Standard Rate,,10,,
PB001-BR,Pioneer ® Commander STC S1,,TRUE,1,599,688.85,539,619.85,,,,,,,,,,,FALSE,FALSE,FALSE,Standard Rate,Standard Rate,,10,,
KONO,Kono Safety Boots SB,,TRUE,1,395,454.25,353.75,406.81,,,,,,,,,,,FALSE,FALSE,FALSE,Standard Rate,Standard Rate,,10,,
PB003,Pioneer ® Guardian Security Boots NSTC,,TRUE,1,465,534.75,417.5,480.13,,,,,,,,,,,FALSE,FALSE,FALSE,Standard Rate,Standard Rate,,10,,
EVBT001,Everest Summit Boots Chukka S3,,TRUE,1,649,746.35,581.25,668.44,,,,,,,,,,,FALSE,FALSE,FALSE,Standard Rate,Standard Rate,,10,,
EVBT002,Everest Workmate Shoe S1,,TRUE,1,639,734.85,568.75,654.06,,,,,,,,,,,FALSE,FALSE,FALSE,Standard Rate,Standard Rate,,10,,
EVBT003-BLK,Everest Craftsman (Crazy Horse Leather) S3,,TRUE,1,1250,1437.5,1146.25,1318.19,,,,,,,,,,,FALSE,FALSE,FALSE,Standard Rate,Standard Rate,,10,,
EVBT003-BRN-BR,Everest Craftsman (Crazy Horse Leather) S3,,TRUE,1,1250,1437.5,1146.25,1318.19,,,,,,,,,,,FALSE,FALSE,FALSE,Standard Rate,Standard Rate,,10,,
BG-BATA,Bata Gumboots NSTC,,TRUE,1,149,171.35,131.25,150.94,,,,,,,,,,,FALSE,FALSE,FALSE,Standard Rate,Standard Rate,,10,,
BGS,Kono Gumboot Steel Toe Cap,,TRUE,1,274.4,315.56,245,281.75,,,,,,,,,,,FALSE,FALSE,FALSE,Standard Rate,Standard Rate,,10,,
BGWR,Pioneer with Sole Gumboots,,TRUE,1,203,233.45,181.25,208.44,,,,,,,,,,,FALSE,FALSE,FALSE,Standard Rate,Standard Rate,,10,,
7863A,Heavy Duty Socks Full Length with Tiebacks,,TRUE,1,38,43.7,33.4375,38.45,,,,,,,,,,,FALSE,FALSE,FALSE,Standard Rate,Standard Rate,,10,,
7863B,Heavy Duty Socks Calf Length,,TRUE,1,35,40.25,30.8125,35.43,,,,,,,,,,,FALSE,FALSE,FALSE,Standard Rate,Standard Rate,,10,,
EP004,Pioneer ® Dust Mask FFP1,,TRUE,1,3.1725,3.648375,2.9375,3.38,,,,,,,,,,,FALSE,FALSE,FALSE,Standard Rate,Standard Rate,,10,,
EP005,Pioneer ® Dust Mask FFP2,,TRUE,1,4.05,4.6575,3.75,4.31,,,,,,,,,,,FALSE,FALSE,FALSE,Standard Rate,Standard Rate,,10,,
AT7000,Airtech Dust Mask FFP2,,TRUE,1,90,103.5,80.2125,92.24,,,,,,,,,,,FALSE,FALSE,FALSE,Standard Rate,Standard Rate,,10,,
EP006-1,Pioneer ® Dust Mask FFP2 with Valve,,TRUE,1,5.67,6.5205,5.25,6.04,,,,,,,,,,,FALSE,FALSE,FALSE,Standard Rate,Standard Rate,,10,,
EP021,Pioneer ® Dust Mask FFP2 Foldable,,TRUE,1,2.4975,2.872125,2.3125,2.66,,,,,,,,,,,FALSE,FALSE,FALSE,Standard Rate,Standard Rate,,10,,
EP022,Pioneer ® Dust Mask FFP2 Foldable with Valve,,TRUE,1,3.51,4.0365,3.25,3.74,,,,,,,,,,,FALSE,FALSE,FALSE,Standard Rate,Standard Rate,,10,,
EP023,Pioneer ® Dust Mask FFP3 with Valve,,TRUE,1,21.5325,24.762375,19.9375,22.93,,,,,,,,,,,FALSE,FALSE,FALSE,Standard Rate,Standard Rate,,10,,
EP024,Pioneer ® Dust Mask FFP3 Valve with Active Carbon,,TRUE,1,40.5,46.575,37.5,43.13,,,,,,,,,,,FALSE,FALSE,FALSE,Standard Rate,Standard Rate,,10,,
RS001,Msa Full Face Mask Respirator NRCS Approved,,TRUE,1,3850,4427.5,3437.5,3953.13,,,,,,,,,,,FALSE,FALSE,FALSE,Standard Rate,Standard Rate,,10,,
RS006,Cartridge for Full Face Mask Respirator NRCS Approved,,TRUE,1,602.7,693.105,538.125,618.84,,,,,,,,,,,FALSE,FALSE,FALSE,Standard Rate,Standard Rate,,10,,
RS005,Single Cartridge Respirator NRCS Approved,,TRUE,1,89.6,103.04,80,92,,,,,,,,,,,FALSE,FALSE,FALSE,Standard Rate,Standard Rate,,10,,
RS002,Double Cartridge Respirator NRCS Approved,,TRUE,1,99.4,114.31,88.75,102.06,,,,,,,,,,,FALSE,FALSE,FALSE,Standard Rate,Standard Rate,,10,,
RS003,A1 Organic Vapors & Acid Gases - Spray Paint,,TRUE,1,71.4,82.11,63.75,73.31,,,,,,,,,,,FALSE,FALSE,FALSE,Standard Rate,Standard Rate,,10,,
RS004,P2 Dust Particles,,TRUE,1,72.8,83.72,65,74.75,,,,,,,,,,,FALSE,FALSE,FALSE,Standard Rate,Standard Rate,,10,,
RS007,B1 Inorganic Vapors & Acid Gases,,TRUE,1,113.4,130.41,101.25,116.44,,,,,,,,,,,FALSE,FALSE,FALSE,Standard Rate,Standard Rate,,10,,
RS008,A1P2 Organic Vapors & Acid Gases in the Presence of Dust,,TRUE,1,142.8,164.22,127.5,146.63,,,,,,,,,,,FALSE,FALSE,FALSE,Standard Rate,Standard Rate,,10,,
RS010,BIP2 Inorganic Vapors & Acid Gases in the Presence of Dust,,TRUE,1,263.2,302.68,235,270.25,,,,,,,,,,,FALSE,FALSE,FALSE,Standard Rate,Standard Rate,,10,,
H001-W,Hard Hat,,TRUE,1,19.53,22.4595,17.4375,20.05,,,,,,,,,,,FALSE,FALSE,FALSE,Standard Rate,Standard Rate,,10,,
H001-B,Hard Hat,,TRUE,1,19.53,22.4595,17.4375,20.05,,,,,,,,,,,FALSE,FALSE,FALSE,Standard Rate,Standard Rate,,10,,
H001-Y,Hard Hat,,TRUE,1,19.53,22.4595,17.4375,20.05,,,,,,,,,,,FALSE,FALSE,FALSE,Standard Rate,Standard Rate,,10,,
H001-R,Hard Hat,,TRUE,1,19.53,22.4595,17.4375,20.05,,,,,,,,,,,FALSE,FALSE,FALSE,Standard Rate,Standard Rate,,10,,
H001-G,Hard Hat,,TRUE,1,19.53,22.4595,17.4375,20.05,,,,,,,,,,,FALSE,FALSE,FALSE,Standard Rate,Standard Rate,,10,,
H001-O,Hard Hat,,TRUE,1,19.53,22.4595,17.4375,20.05,,,,,,,,,,,FALSE,FALSE,FALSE,Standard Rate,Standard Rate,,10,,
H001-GL,Hard Hat,,TRUE,1,19.53,22.4595,17.4375,20.05,,,,,,,,,,,FALSE,FALSE,FALSE,Standard Rate,Standard Rate,,10,,
H001-BLK,Hard Hat,,TRUE,1,19.53,22.4595,17.4375,20.05,,,,,,,,,,,FALSE,FALSE,FALSE,Standard Rate,Standard Rate,,10,,
H001-SAB,Hard Hat,,TRUE,1,15.442,17.7583,13.7875,15.86,,,,,,,,,,,FALSE,FALSE,FALSE,Standard Rate,Standard Rate,,10,,
H001-P,Hard Hat,,TRUE,1,15.442,17.7583,13.7875,15.86,,,,,,,,,,,FALSE,FALSE,FALSE,Standard Rate,Standard Rate,,10,,
H001-LIME,Hard Hat - High-Vis,,TRUE,1,33.74,38.801,30.125,34.64,,,,,,,,,,,FALSE,FALSE,FALSE,Standard Rate,Standard Rate,,10,,
H003,Hard Hat with Caplamp Bracket - All Colors,,TRUE,1,28.588,32.8762,25.525,29.35,,,,,,,,,,,FALSE,FALSE,FALSE,Standard Rate,Standard Rate,,10,,
H001,Hard Hat 6 Point Inner,,TRUE,1,15.442,17.7583,13.7875,15.86,,,,,,,,,,,FALSE,FALSE,FALSE,Standard Rate,Standard Rate,,10,,
NIKKI,Nikki Hard Hat - All Colors,,TRUE,1,100.8,115.92,90,103.5,,,,,,,,,,,FALSE,FALSE,FALSE,Standard Rate,Standard Rate,,10,,
TUFF,Tuff Airvent Hard Hat- All Color,,TRUE,1,86.8,99.82,77.5,89.13,,,,,,,,,,,FALSE,FALSE,FALSE,Standard Rate,Standard Rate,,10,,
H017,Chainsaw Helmet,,TRUE,1,490,563.5,437.5,503.13,,,,,,,,,,,FALSE,FALSE,FALSE,Standard Rate,Standard Rate,,10,,
H001-FACE,Clear Face Cover for Hard Hat ( Clip On),,TRUE,1,44.1,50.715,39.375,45.28,,,,,,,,,,,FALSE,FALSE,FALSE,Standard Rate,Standard Rate,,10,,
CHIN02,Chinstrap Elastic,,TRUE,1,14.714,16.9211,13.1375,15.11,,,,,,,,,,,FALSE,FALSE,FALSE,Standard Rate,Standard Rate,,10,,
CHIN03,Chinstrap,,TRUE,1,35.728,41.0872,31.9,36.69,,,,,,,,,,,FALSE,FALSE,FALSE,Standard Rate,Standard Rate,,10,,
CHIN04,Chinstrap,,TRUE,1,37.59,43.2285,33.5625,38.6,,,,,,,,,,,FALSE,FALSE,FALSE,Standard Rate,Standard Rate,,10,,
H006-BLK,Bump Caps,,TRUE,1,96,110.4,85,97.75,,,,,,,,,,,FALSE,FALSE,FALSE,Standard Rate,Standard Rate,,10,,
H006-N,Bump Caps,,TRUE,1,96,110.4,85,97.75,,,,,,,,,,,FALSE,FALSE,FALSE,Standard Rate,Standard Rate,,10,,
BALACAVA,Balacava,,TRUE,1,56,64.4,50,57.5,,,,,,,,,,,FALSE,FALSE,FALSE,Standard Rate,Standard Rate,,10,,
DC005,Winter Beanies,,TRUE,1,39.2,45.08,35,40.25,,,,,,,,,,,FALSE,FALSE,FALSE,Standard Rate,Standard Rate,,10,,
H012-BLK,6 Panel Baseball Cap,,TRUE,1,33.6,38.64,30,34.5,,,,,,,,,,,FALSE,FALSE,FALSE,Standard Rate,Standard Rate,,10,,
H012-NB-NVB,6 Panel Baseball Cap,,TRUE,1,33.6,38.64,30,34.5,,,,,,,,,,,FALSE,FALSE,FALSE,Standard Rate,Standard Rate,,10,,
H012-RB-RYB,6 Panel Baseball Cap,,TRUE,1,33.6,38.64,30,34.5,,,,,,,,,,,FALSE,FALSE,FALSE,Standard Rate,Standard Rate,,10,,
H012-R,6 Panel Baseball Cap,,TRUE,1,33.6,38.64,30,34.5,,,,,,,,,,,FALSE,FALSE,FALSE,Standard Rate,Standard Rate,,10,,
H007-O,With Reflective Tape,,TRUE,1,104.188,119.8162,93.025,106.98,,,,,,,,,,,FALSE,FALSE,FALSE,Standard Rate,Standard Rate,,10,,
H008-L,With Reflective Tape,,TRUE,1,104.188,119.8162,93.025,106.98,,,,,,,,,,,FALSE,FALSE,FALSE,Standard Rate,Standard Rate,,10,,
H010,Without Reflective Tape (Easy for Embroidery),,TRUE,1,105.98,121.877,94.625,108.82,,,,,,,,,,,FALSE,FALSE,FALSE,Standard Rate,Standard Rate,,10,,
H015-L,Hi-Vis Cap with Reflective New,,TRUE,1,101.892,117.1758,90.975,104.62,,,,,,,,,,,FALSE,FALSE,FALSE,Standard Rate,Standard Rate,,10,,
H016-O,Hi-Vis Cap with Reflective New,,TRUE,1,101.892,117.1758,90.975,104.62,,,,,,,,,,,FALSE,FALSE,FALSE,Standard Rate,Standard Rate,,10,,
SB001-L,Sun Protector for Hard Hat,,TRUE,1,123.2,141.68,110,126.5,,,,,,,,,,,FALSE,FALSE,FALSE,Standard Rate,Standard Rate,,10,,
SB002-L,Sun Protector with Ref Tape for Hard Hat,,TRUE,1,131.32,151.018,117.25,134.84,,,,,,,,,,,FALSE,FALSE,FALSE,Standard Rate,Standard Rate,,10,,
SB003-O,Sun Protector for Hard Hat,,TRUE,1,123.41,141.9215,110.1875,126.72,,,,,,,,,,,FALSE,FALSE,FALSE,Standard Rate,Standard Rate,,10,,
SB004-O,Sun Protector with Ref Tape for Hard Hat,,TRUE,1,131.32,151.018,117.25,134.84,,,,,,,,,,,FALSE,FALSE,FALSE,Standard Rate,Standard Rate,,10,,
SKULLCAP,Skull Cap 100% Cotton,,TRUE,1,38.752,44.5648,34.6,39.79,,,,,,,,,,,FALSE,FALSE,FALSE,Standard Rate,Standard Rate,,10,,
WHFR01,Leather Welding Monkey Face,,TRUE,1,80.595,92.68425,72.76071825,83.67,,,,,,,,,,,FALSE,FALSE,FALSE,Standard Rate,Standard Rate,,10,,
WHFR02,Welding Hood Flame Retardant,,TRUE,1,80.595,92.68425,72.76071825,83.67,,,,,,,,,,,FALSE,FALSE,FALSE,Standard Rate,Standard Rate,,10,,
EP001-O,Pioneer Resuable Earplug Corded Individual Pack 100 Per Box,,TRUE,1,4.088,4.7012,3.65,4.2,,,,,,,,,,,FALSE,FALSE,FALSE,Standard Rate,Standard Rate,,10,,
EP001-1-O,Pioneer PU Foamed Disposable Corded Individual Pack 100 Per Box,,TRUE,1,4.088,4.7012,3.65,4.2,,,,,,,,,,,FALSE,FALSE,FALSE,Standard Rate,Standard Rate,,10,,
EP-DISP,Ear Plug Dispenser (Without Earplug),,TRUE,1,627.2,721.28,560,644,,,,,,,,,,,FALSE,FALSE,FALSE,Standard Rate,Standard Rate,,10,,
EP200,Hi-Vis Bullet Disposable Earplug Uncored (Refill Pack 500PCS) SNR35DB,,TRUE,1,1097.6,1262.24,980,1127,,,,,,,,,,,FALSE,FALSE,FALSE,Standard Rate,Standard Rate,,10,,
EP201,Hi-Vis Bullet Disposable Earplug Uncored 200 Per Box SNR35DB,,TRUE,1,2.478,2.8497,2.2125,2.54,,,,,,,,,,,FALSE,FALSE,FALSE,Standard Rate,Standard Rate,,10,,
EP202,Hi-Vis Bullet Disposable Earplug Cored 100 Per Box SNR35DB,,TRUE,1,4.102,4.7173,3.6625,4.21,,,,,,,,,,,FALSE,FALSE,FALSE,Standard Rate,Standard Rate,,10,,
EP203,Hi-Vis TPR Reusable Earplug Cored 100 Per Box SNR32DB,,TRUE,1,4.102,4.7173,3.6625,4.21,,,,,,,,,,,FALSE,FALSE,FALSE,Standard Rate,Standard Rate,,10,,
EP204,Reusable Earplug Cored with Metal detectoR100 Per Box SNR32DB,,TRUE,1,7.756,8.9194,6.925,7.96,,,,,,,,,,,FALSE,FALSE,FALSE,Standard Rate,Standard Rate,,10,,
EP205,Snug Fit Silicon Reusable Earplug Cored 100 Per Box SNR26DB,,TRUE,1,7.714,8.8711,6.8875,7.92,,,,,,,,,,,FALSE,FALSE,FALSE,Standard Rate,Standard Rate,,10,,
EP206,Candy Earplug 5 Pair Retail Pack SNR38DB,,TRUE,1,50.232,57.7668,44.85,51.58,,,,,,,,,,,FALSE,FALSE,FALSE,Standard Rate,Standard Rate,,10,,
EP001-BAND,Pioneer Bell Silicon Banded Earplug 15 Per Box SNR30DB,,TRUE,1,25.326,29.1249,22.6125,26,,,,,,,,,,,FALSE,FALSE,FALSE,Standard Rate,Standard Rate,,10,,
EP002-R,Econo Universal Ear Muff,,TRUE,1,35.588,40.9262,31.775,36.54,,,,,,,,,,,FALSE,FALSE,FALSE,Standard Rate,Standard Rate,,10,,
EP040-B,Pioneer ® Ear Muff,,TRUE,1,66.01,75.9115,58.9375,67.78,,,,,,,,,,,FALSE,FALSE,FALSE,Standard Rate,Standard Rate,,10,,
EP007,Pioneer Sonic Ear Defender (SNR32DB) Neck-Attach,,TRUE,1,144.2,165.83,128.75,148.06,,,,,,,,,,,FALSE,FALSE,FALSE,Standard Rate,Standard Rate,,10,,
EP300-B,Pioneer Ear Muff SNR29DB,,TRUE,1,86.1,99.015,76.875,88.41,,,,,,,,,,,FALSE,FALSE,FALSE,Standard Rate,Standard Rate,,10,,
EP301-R,Pioneer Ear Defender SNR34DB Earmuff,,TRUE,1,150.682,173.2843,134.5375,154.72,,,,,,,,,,,FALSE,FALSE,FALSE,Standard Rate,Standard Rate,,10,,
EP302-R,Pioneer Ear Defender SNR30DB Cap Mounted Earmuff,,TRUE,1,220.99,254.1385,197.3125,226.91,,,,,,,,,,,FALSE,FALSE,FALSE,Standard Rate,Standard Rate,,10,,
EP303-ARG,Pioneer Tactical Earmuff SNR26DB Army,,TRUE,1,150.682,173.2843,134.5375,154.72,,,,,,,,,,,FALSE,FALSE,FALSE,Standard Rate,Standard Rate,,10,,
EP305-BR,Pioneer Tactical Earmuff SNR26DB,,TRUE,1,150.682,173.2843,134.5375,154.72,,,,,,,,,,,FALSE,FALSE,FALSE,Standard Rate,Standard Rate,,10,,
EP304-BBL,Pioneer Kids Earmuff SNR24DB Baby,,TRUE,1,239.652,275.5998,213.975,246.07,,,,,,,,,,,FALSE,FALSE,FALSE,Standard Rate,Standard Rate,,10,,
EP400,Echo Bluetooth Electric Earmuff SNR29DB,,TRUE,1,1231.23,1415.9145,1099.3125,1264.21,,,,,,,,,,,FALSE,FALSE,FALSE,Standard Rate,Standard Rate,,10,,
PV006,"Pioneer Vision Direct Safety Goggle Anti-Scratch,Anti-Fog",,TRUE,1,28.7,33.005,25.625,29.47,,,,,,,,,,,FALSE,FALSE,FALSE,Standard Rate,Standard Rate,,10,,
PV007,"Pioneer Vision Indirect Safety Goggle Anti-Scratch,Anti-Fog Special",,TRUE,1,21.532,24.7618,19.225,22.11,,,,,,,,,,,FALSE,FALSE,FALSE,Standard Rate,Standard Rate,,10,,
SG010,"Pioneer Vision Maxi View Goggle Anti Scratch, Anti Fog",,TRUE,1,78.848,90.6752,70.4,80.96,,,,,,,,,,,FALSE,FALSE,FALSE,Standard Rate,Standard Rate,,10,,
SG002-B,Pioneer Vision Brazing/Gas Cutting Welding Goggle Frame,,TRUE,1,92.414,106.2761,82.5125,94.89,,,,,,,,,,,FALSE,FALSE,FALSE,Standard Rate,Standard Rate,,10,,
SG013-CL,"Pioneer Vision Spoggle Clear Anti - Fog, Anti-Sractch",,TRUE,1,134.89,155.1235,120.4375,138.5,,,,,,,,,,,FALSE,FALSE,FALSE,Standard Rate,Standard Rate,,10,,
SG013GL-GY,"Pioneer Vision Spoggle Anti - Fog, Anti-Sractch",,TRUE,1,134.89,155.1235,120.4375,138.5,,,,,,,,,,,FALSE,FALSE,FALSE,Standard Rate,Standard Rate,,10,,
SG014-CL,"Pioneer Vision 3IN1 Clear Anti - Fog, Anti-Sractch",,TRUE,1,107.632,123.7768,96.1,110.52,,,,,,,,,,,FALSE,FALSE,FALSE,Standard Rate,Standard Rate,,10,,
SG014GL-GY,"Pioneer Vision 3IN1 Anti - Fog, Anti-Sractch",,TRUE,1,107.632,123.7768,96.1,110.52,,,,,,,,,,,FALSE,FALSE,FALSE,Standard Rate,Standard Rate,,10,,
SG015-CL,"Pioneer Vision Sp Goggle Clear Anti - Fog, Anti-Sractch",,TRUE,1,117.67,135.3205,105.0625,120.82,,,,,,,,,,,FALSE,FALSE,FALSE,Standard Rate,Standard Rate,,10,,
PV011,Pioneer Vision Gauzed Spectacle,,TRUE,1,49.504,56.9296,44.2,50.83,,,,,,,,,,,FALSE,FALSE,FALSE,Standard Rate,Standard Rate,,10,,
PV001-CL,Pioneer Vision Euro Clear Anti-Sractch,,TRUE,1,27.916,32.1034,24.925,28.66,,,,,,,,,,,FALSE,FALSE,FALSE,Standard Rate,Standard Rate,,10,,
PV001-G,Pioneer Vision Euro Anti-Sractch,,TRUE,1,27.916,32.1034,24.925,28.66,,,,,,,,,,,FALSE,FALSE,FALSE,Standard Rate,Standard Rate,,10,,
PV001-A-AM,Pioneer Vision Euro Amber Anti-Sractch,,TRUE,1,27.916,32.1034,24.925,28.66,,,,,,,,,,,FALSE,FALSE,FALSE,Standard Rate,Standard Rate,,10,,
PV001-GL-GY,Pioneer Vision Euro Anti-Sractch,,TRUE,1,27.916,32.1034,24.925,28.66,,,,,,,,,,,FALSE,FALSE,FALSE,Standard Rate,Standard Rate,,10,,
PV001-AFOG-CL,"Pioneer Vision Euro Clear Anti - Fog, Anti-Sractch",,TRUE,1,44.632,51.3268,39.85,45.83,,,,,,,,,,,FALSE,FALSE,FALSE,Standard Rate,Standard Rate,,10,,
PV016,Pioneer Vision Euro Weld Shade 5 Anti-Scratch New,,TRUE,1,53.676,61.7274,47.925,55.11,,,,,,,,,,,FALSE,FALSE,FALSE,Standard Rate,Standard Rate,,10,,
PV002-CL,Pioneer Vision Wrapround Clear Anti-Scratch,,TRUE,1,26.838,30.8637,23.9625,27.56,,,,,,,,,,,FALSE,FALSE,FALSE,Standard Rate,Standard Rate,,10,,
PV002-G,Pioneer Vision Wrapround Anti-Scratch,,TRUE,1,26.838,30.8637,23.9625,27.56,,,,,,,,,,,FALSE,FALSE,FALSE,Standard Rate,Standard Rate,,10,,
PV002-A-AM,Pioneer Vision Wrapround Amber Anti-Scratch,,TRUE,1,26.838,30.8637,23.9625,27.56,,,,,,,,,,,FALSE,FALSE,FALSE,Standard Rate,Standard Rate,,10,,
SG004-BR,Pioneer Vision Wrapround Anti-Scratch New,,TRUE,1,17.892,20.5758,15.975,18.37,,,,,,,,,,,FALSE,FALSE,FALSE,Standard Rate,Standard Rate,,10,,
PV002-AFOG-CL,Pioneer Vision Wrapround Clear Anti-Scratch Anit-Fog,,TRUE,1,35.882,41.2643,32.0375,36.84,,,,,,,,,,,FALSE,FALSE,FALSE,Standard Rate,Standard Rate,,10,,
PV003-CL,Pioneer Vision Sporty Clear Anti-Scratch,,TRUE,1,25.466,29.2859,22.7375,26.15,,,,,,,,,,,FALSE,FALSE,FALSE,Standard Rate,Standard Rate,,10,,
PV003-G,Pioneer Vision Sporty Anti-Scratch,,TRUE,1,25.466,29.2859,22.7375,26.15,,,,,,,,,,,FALSE,FALSE,FALSE,Standard Rate,Standard Rate,,10,,
PV003-A-AM,Pioneer Vision Sporty Amber Anti-Scratch,,TRUE,1,25.466,29.2859,22.7375,26.15,,,,,,,,,,,FALSE,FALSE,FALSE,Standard Rate,Standard Rate,,10,,
PV003-GL-GY,Pioneer Vision Sporty Anti-Scratch,,TRUE,1,25.466,29.2859,22.7375,26.15,,,,,,,,,,,FALSE,FALSE,FALSE,Standard Rate,Standard Rate,,10,,
PV003-M-SV,Pioneer Vision Sporty Mirror Anti-Scratch,,TRUE,1,37.59,43.2285,33.5625,38.6,,,,,,,,,,,FALSE,FALSE,FALSE,Standard Rate,Standard Rate,,10,,
PV003-AFOG-CL,Pioneer Vision Sporty Clear Anti-Scratch Anti-Fog,,TRUE,1,57.33,65.9295,51.1875,58.87,,,,,,,,,,,FALSE,FALSE,FALSE,Standard Rate,Standard Rate,,10,,
PV003A-AFOG-AM,Pioneer Vision Sporty Amber Anti-Scratch Anti-Fog,,TRUE,1,40.614,46.7061,36.2625,41.7,,,,,,,,,,,FALSE,FALSE,FALSE,Standard Rate,Standard Rate,,10,,
PV008-CL,Pioneer Vision Spider Spectacl Clear Anti-Scratch Anti-Fog,,TRUE,1,67.088,77.1512,59.9,68.89,,,,,,,,,,,FALSE,FALSE,FALSE,Standard Rate,Standard Rate,,10,,
PV008A-AM,Pioneer Vision Spider Spectacl Amber Anti-Scratch Anti-Fog,,TRUE,1,67.088,77.1512,59.9,68.89,,,,,,,,,,,FALSE,FALSE,FALSE,Standard Rate,Standard Rate,,10,,
PV008GL-GY,Pioneer Vision Spider Spectacl Anti-Scratch Anti-Fog,,TRUE,1,67.088,77.1512,59.9,68.89,,,,,,,,,,,FALSE,FALSE,FALSE,Standard Rate,Standard Rate,,10,,
PV008BM-B,Pioneer Vision Spider Spectacl -Mirror Indoor/Outdoor Anti-Scratch,,TRUE,1,67.088,77.1512,59.9,68.89,,,,,,,,,,,FALSE,FALSE,FALSE,Standard Rate,Standard Rate,,10,,
PV009-CL,Pioneer Vision Laser Spectacle Clear Anti-Scratch Anti-Fog,,TRUE,1,37.31,42.9065,33.3125,38.31,,,,,,,,,,,FALSE,FALSE,FALSE,Standard Rate,Standard Rate,,10,,
PV009GL-GY,Pioneer Vision Laser Spectacle Anti-Scratch Anti-Fog,,TRUE,1,37.31,42.9065,33.3125,38.31,,,,,,,,,,,FALSE,FALSE,FALSE,Standard Rate,Standard Rate,,10,,
PV009M,Pioneer Vision Laser Spectacle Indoor/Outdoor Anti-Scratc,,TRUE,1,37.31,42.9065,33.3125,38.31,,,,,,,,,,,FALSE,FALSE,FALSE,Standard Rate,Standard Rate,,10,,
PV010-CL,Pioneer Vision Roma Adjustable Leg As/Af Clear Spectacles,,TRUE,1,35,40.25,31.25,35.94,,,,,,,,,,,FALSE,FALSE,FALSE,Standard Rate,Standard Rate,,10,,
PV010-GL-GY,Pioneer Vision Roma Adjustable Leg As/Af Spectacles,,TRUE,1,35,40.25,31.25,35.94,,,,,,,,,,,FALSE,FALSE,FALSE,Standard Rate,Standard Rate,,10,,
PV012-CL,Pioneer Vision Over Spectacle Clear Anti-Scratch Anti-Fog Spectacles,,TRUE,1,42.532,48.9118,37.975,43.67,,,,,,,,,,,FALSE,FALSE,FALSE,Standard Rate,Standard Rate,,10,,
PV004-CL,Pioneer Vision Classic Clear Anti-Scratch Spectacles,,TRUE,1,39.606,45.5469,35.3625,40.67,,,,,,,,,,,FALSE,FALSE,FALSE,Standard Rate,Standard Rate,,10,,
PV004-GL-G,Pioneer Vision Classic Anti-Scratch Spectacles,,TRUE,1,39.606,45.5469,35.3625,40.67,,,,,,,,,,,FALSE,FALSE,FALSE,Standard Rate,Standard Rate,,10,,
SG012-CL,Pioneer Vision Clearanti-Scratch Safety Spectacles,,TRUE,1,34.874,40.1051,31.1375,35.81,,,,,,,,,,,FALSE,FALSE,FALSE,Standard Rate,Standard Rate,,10,,
SG012G-G,Pioneer Vision Anti-Scratch Safety Spectacles,,TRUE,1,34.874,40.1051,31.1375,35.81,,,,,,,,,,,FALSE,FALSE,FALSE,Standard Rate,Standard Rate,,10,,
SG012A-AM,Pioneer Vision Amber Anti-Scratch Safety Spectacles,,TRUE,1,34.874,40.1051,31.1375,35.81,,,,,,,,,,,FALSE,FALSE,FALSE,Standard Rate,Standard Rate,,10,,
SG012GL-GY,Pioneer Vision Anti-Scratch Safety Spectacles,,TRUE,1,34.874,40.1051,31.1375,35.81,,,,,,,,,,,FALSE,FALSE,FALSE,Standard Rate,Standard Rate,,10,,
SG001-B,Direct Vent Grinding Goggle (Mono) Special,,TRUE,1,15.568,17.9032,13.9,15.99,,,,,,,,,,,FALSE,FALSE,FALSE,Standard Rate,Standard Rate,,10,,
SG001-D,Indirect Vent Grinding Goggle,,TRUE,1,20.664,23.7636,18.45,21.22,,,,,,,,,,,FALSE,FALSE,FALSE,Standard Rate,Standard Rate,,10,,
SG002,Gas Welding Goggle Flipfront Round Lenses,,TRUE,1,32.144,36.9656,28.7,33.01,,,,,,,,,,,FALSE,FALSE,FALSE,Standard Rate,Standard Rate,,10,,
SG003,Gas Welding Goggle Flipfront Square Lenses 108 X 51 Special,,TRUE,1,22.596,25.9854,20.175,23.2,,,,,,,,,,,FALSE,FALSE,FALSE,Standard Rate,Standard Rate,,10,,
SG004-CL,Wraparound Clear Safety Spectacles,,TRUE,1,17.892,20.5758,15.975,18.37,,,,,,,,,,,FALSE,FALSE,FALSE,Standard Rate,Standard Rate,,10,,
SG004-G,Wraparound Safety Spectacles,,TRUE,1,17.892,20.5758,15.975,18.37,,,,,,,,,,,FALSE,FALSE,FALSE,Standard Rate,Standard Rate,,10,,
SG004-A-AM,Wraparound Amber Safety Spectacles,,TRUE,1,17.892,20.5758,15.975,18.37,,,,,,,,,,,FALSE,FALSE,FALSE,Standard Rate,Standard Rate,,10,,
SG006-CL,Euro Clear Safety Spectacles,,TRUE,1,14.784,17.0016,13.2,15.18,,,,,,,,,,,FALSE,FALSE,FALSE,Standard Rate,Standard Rate,,10,,
SG006-G,Euro Safety Spectacles,,TRUE,1,14.784,17.0016,13.2,15.18,,,,,,,,,,,FALSE,FALSE,FALSE,Standard Rate,Standard Rate,,10,,
SG006-A-AM,Euro Amber Safety Spectacles,,TRUE,1,14.784,17.0016,13.2,15.18,,,,,,,,,,,FALSE,FALSE,FALSE,Standard Rate,Standard Rate,,10,,
SG006-GL-GY,Euro Safety Spectacles,,TRUE,1,14.784,17.0016,13.2,15.18,,,,,,,,,,,FALSE,FALSE,FALSE,Standard Rate,Standard Rate,,10,,
SG007-CL,Sporty Clear Safety Spectacles,,TRUE,1,13.916,16.0034,12.425,14.29,,,,,,,,,,,FALSE,FALSE,FALSE,Standard Rate,Standard Rate,,10,,
SG007-G,Sporty Safety Spectacles,,TRUE,1,13.916,16.0034,12.425,14.29,,,,,,,,,,,FALSE,FALSE,FALSE,Standard Rate,Standard Rate,,10,,
SG007-A-AM,Sporty Amber Safety Spectacles,,TRUE,1,13.916,16.0034,12.425,14.29,,,,,,,,,,,FALSE,FALSE,FALSE,Standard Rate,Standard Rate,,10,,
SG007-GL-GY,Sporty Safety Spectacles,,TRUE,1,13.916,16.0034,12.425,14.29,,,,,,,,,,,FALSE,FALSE,FALSE,Standard Rate,Standard Rate,,10,,
SG007-B,Sporty Safety Spectacles,,TRUE,1,13.916,16.0034,12.425,14.29,,,,,,,,,,,FALSE,FALSE,FALSE,Standard Rate,Standard Rate,,10,,
SG007-M-SV,Sporty Mirror Safety Spectacles,,TRUE,1,22.596,25.9854,20.175,23.2,,,,,,,,,,,FALSE,FALSE,FALSE,Standard Rate,Standard Rate,,10,,
SG009B-B,Pro-View Discontinue,,TRUE,1,10.724,12.3326,9.575,11.01,,,,,,,,,,,FALSE,FALSE,FALSE,Standard Rate,Standard Rate,,10,,
SG009GL-GY,Pro-View Discontinue,,TRUE,1,10.724,12.3326,9.575,11.01,,,,,,,,,,,FALSE,FALSE,FALSE,Standard Rate,Standard Rate,,10,,
SC001,Retainer Cord,,TRUE,1,7.168,8.2432,6.4,7.36,,,,,,,,,,,FALSE,FALSE,FALSE,Standard Rate,Standard Rate,,10,,
SC002,Spectacle Bag,,TRUE,1,11.144,12.8156,9.95,11.44,,,,,,,,,,,FALSE,FALSE,FALSE,Standard Rate,Standard Rate,,10,,
WH007-CL,Face Shield Clear Complete with Bowguard Special,,TRUE,1,80.595,92.68425,72.76071825,83.67,,,,,,,,,,,FALSE,FALSE,FALSE,Standard Rate,Standard Rate,,10,,
WH007-COVER-CL,Replacement Visor Clear for WH007,,TRUE,1,80.595,92.68425,72.76071825,83.67,,,,,,,,,,,FALSE,FALSE,FALSE,Standard Rate,Standard Rate,,10,,
WH019-ALU,Aluminium Cap Attachment for Hard Hat,,TRUE,1,80.595,92.68425,72.76071825,83.67,,,,,,,,,,,FALSE,FALSE,FALSE,Standard Rate,Standard Rate,,10,,
WH030,Face Shield with Metal Mesh Visor,,TRUE,1,80.595,92.68425,72.76071825,83.67,,,,,,,,,,,FALSE,FALSE,FALSE,Standard Rate,Standard Rate,,10,,
WH030-COVER,Mesh Visor,,TRUE,1,80.595,92.68425,72.76071825,83.67,,,,,,,,,,,FALSE,FALSE,FALSE,Standard Rate,Standard Rate,,10,,
WH017-CL,Pioneer Face Shield One Piece Hx Premium Clear,,TRUE,1,80.595,92.68425,72.76071825,83.67,,,,,,,,,,,FALSE,FALSE,FALSE,Standard Rate,Standard Rate,,10,,
WH018-G,Pioneer Face Shield One Piece Hx Premium Shade 5,,TRUE,1,80.595,92.68425,72.76071825,83.67,,,,,,,,,,,FALSE,FALSE,FALSE,Standard Rate,Standard Rate,,10,,
WH017-COVER-CL,Pioneer Replacement Visor Clear for WH017,,TRUE,1,80.595,92.68425,72.76071825,83.67,,,,,,,,,,,FALSE,FALSE,FALSE,Standard Rate,Standard Rate,,10,,
WH018-COVER-CL,Pioneer Replacement Visor Clear for WH018,,TRUE,1,80.595,92.68425,72.76071825,83.67,,,,,,,,,,,FALSE,FALSE,FALSE,Standard Rate,Standard Rate,,10,,
WH001,Flip Front Welding Helmet Standard,,TRUE,1,80.595,92.68425,72.76071825,83.67,,,,,,,,,,,FALSE,FALSE,FALSE,Standard Rate,Standard Rate,,10,,
WH025,Welding Helmet for Hard Hat,,TRUE,1,80.595,92.68425,72.76071825,83.67,,,,,,,,,,,FALSE,FALSE,FALSE,Standard Rate,Standard Rate,,10,,
WH001-PION,Pioneer ® Premium Flipfront Welding Helmet,,TRUE,1,80.595,92.68425,72.76071825,83.67,,,,,,,,,,,FALSE,FALSE,FALSE,Standard Rate,Standard Rate,,10,,
WH001-HA,Welding Helmet with Handle,,TRUE,1,80.595,92.68425,72.76071825,83.67,,,,,,,,,,,FALSE,FALSE,FALSE,Standard Rate,Standard Rate,,10,,
WH004,Welding Lens Shade 8,,TRUE,1,80.595,92.68425,72.76071825,83.67,,,,,,,,,,,FALSE,FALSE,FALSE,Standard Rate,Standard Rate,,10,,
WH003,Welding Lens Shade 10,,TRUE,1,80.595,92.68425,72.76071825,83.67,,,,,,,,,,,FALSE,FALSE,FALSE,Standard Rate,Standard Rate,,10,,
WH005-11,Welding Lens Shade 11,,TRUE,1,80.595,92.68425,72.76071825,83.67,,,,,,,,,,,FALSE,FALSE,FALSE,Standard Rate,Standard Rate,,10,,
WH005,Welding Lens Shade 12,,TRUE,1,80.595,92.68425,72.76071825,83.67,,,,,,,,,,,FALSE,FALSE,FALSE,Standard Rate,Standard Rate,,10,,
WH006,Welding Lens Clear Glass,,TRUE,1,80.595,92.68425,72.76071825,83.67,,,,,,,,,,,FALSE,FALSE,FALSE,Standard Rate,Standard Rate,,10,,
WH006P,Welding Lens CLEAR1000-Hours,,TRUE,1,80.595,92.68425,72.76071825,83.67,,,,,,,,,,,FALSE,FALSE,FALSE,Standard Rate,Standard Rate,,10,,
WH001ANBK-MTB,Pioneer Opti View Non-Adjustable Helmet (Matt ),,TRUE,1,80.595,92.68425,72.76071825,83.67,,,,,,,,,,,FALSE,FALSE,FALSE,Standard Rate,Standard Rate,,10,,
WH001ABBK-MTB,Pioneer Opti View Adjustable Helmet (Matt ),,TRUE,1,80.595,92.68425,72.76071825,83.67,,,,,,,,,,,FALSE,FALSE,FALSE,Standard Rate,Standard Rate,,10,,
WH100-MTB,Weldarc Autodark Adjustable Helmet (Matt ),,TRUE,1,80.595,92.68425,72.76071825,83.67,,,,,,,,,,,FALSE,FALSE,FALSE,Standard Rate,Standard Rate,,10,,
WH001AO,Pioneer Stormtrooper Adjustbale Helmet,,TRUE,1,80.595,92.68425,72.76071825,83.67,,,,,,,,,,,FALSE,FALSE,FALSE,Standard Rate,Standard Rate,,10,,
WH001ANBQ,Pioneer Gladiator Adjustbale Helmet,,TRUE,1,80.595,92.68425,72.76071825,83.67,,,,,,,,,,,FALSE,FALSE,FALSE,Standard Rate,Standard Rate,,10,,
WH001ARC,Outa Preotective Lens 110 X 90,,TRUE,1,80.595,92.68425,72.76071825,83.67,,,,,,,,,,,FALSE,FALSE,FALSE,Standard Rate,Standard Rate,,10,,
WH001LENS1,Inner Protective Lens 95 X 50,,TRUE,1,80.595,92.68425,72.76071825,83.67,,,,,,,,,,,FALSE,FALSE,FALSE,Standard Rate,Standard Rate,,10,,
WH001LENS2,Outa Preotective Lens 102 X 40,,TRUE,1,80.595,92.68425,72.76071825,83.67,,,,,,,,,,,FALSE,FALSE,FALSE,Standard Rate,Standard Rate,,10,,
G061,"Cut Master Challenger Cut LV5, Leather Palm",,TRUE,1,189.42,217.833,169.125,194.49,,,,,,,,,,,FALSE,FALSE,FALSE,Standard Rate,Standard Rate,,10,,
G062,"Cut Master Puralite Cut LV5,PU Palm",,TRUE,1,81.802,94.0723,73.0375,83.99,,,,,,,,,,,FALSE,FALSE,FALSE,Standard Rate,Standard Rate,,10,,
G065,"Cut Master Gripa Cut LV5, Crinkle Latex Palm",,TRUE,1,107.632,123.7768,96.1,110.52,,,,,,,,,,,FALSE,FALSE,FALSE,Standard Rate,Standard Rate,,10,,
G118,"Cut Master Volcano Cut LV5, Fully Kevlar with Latex Coated",,TRUE,1,107.632,123.7768,96.1,110.52,,,,,,,,,,,FALSE,FALSE,FALSE,Standard Rate,Standard Rate,,10,,
G125,"Cut Master Maxi-Fit Glove Cut LV3 18G, Foamed Nitrile Palm",,TRUE,1,80.36,92.414,71.75,82.51,,,,,,,,,,,FALSE,FALSE,FALSE,Standard Rate,Standard Rate,,10,,
G115,Cut Master Viking Glove Cut LV3 Fully Nitirle Coated with Verclo Cuff,,TRUE,1,133.462,153.4813,119.1625,137.04,,,,,,,,,,,FALSE,FALSE,FALSE,Standard Rate,Standard Rate,,10,,
G136,Cut Resist Glove PU Palm Cut LV 3,,TRUE,1,62.426,71.7899,55.7375,64.1,,,,,,,,,,,FALSE,FALSE,FALSE,Standard Rate,Standard Rate,,10,,
G117,Cut Master Alex Cut LV 3 Extended Cuff Reinforced Between Thumb and Index Finger,,TRUE,1,63.14,72.611,56.375,64.83,,,,,,,,,,,FALSE,FALSE,FALSE,Standard Rate,Standard Rate,,10,,
G137,Cut Master Nitri-Gripa Cut LV 5 Palm Dipped,,TRUE,1,98.294,113.0381,87.7625,100.93,,,,,,,,,,,FALSE,FALSE,FALSE,Standard Rate,Standard Rate,,10,,
G138,Cut Master Nitri-Gripa Cut LV 5 3/4 Dipped,,TRUE,1,107.632,123.7768,96.1,110.52,,,,,,,,,,,FALSE,FALSE,FALSE,Standard Rate,Standard Rate,,10,,
G139,Cut Master Nitri-Gripa Cut LV 5 Fully Dipped,,TRUE,1,123.41,141.9215,110.1875,126.72,,,,,,,,,,,FALSE,FALSE,FALSE,Standard Rate,Standard Rate,,10,,
G140,Cut Master Satho Glove LV5,,TRUE,1,143.5,165.025,128.125,147.34,,,,,,,,,,,FALSE,FALSE,FALSE,Standard Rate,Standard Rate,,10,,
G141,Cut Master Satho-Inpax Glove LV5,,TRUE,1,259.742,298.7033,231.9125,266.7,,,,,,,,,,,FALSE,FALSE,FALSE,Standard Rate,Standard Rate,,10,,
G063,Cut Master Scabbard Pro Sleeve Cut LV5 Sell Per Pair,,TRUE,1,213.822,245.8953,190.9125,219.55,,,,,,,,,,,FALSE,FALSE,FALSE,Standard Rate,Standard Rate,,10,,
G069,Cut Master Scabbard Pro Sleeve Cut LV5 Sell Per Pair,,TRUE,1,275.52,316.848,246,282.9,,,,,,,,,,,FALSE,FALSE,FALSE,Standard Rate,Standard Rate,,10,,
G124O-O,Bladexmax™ Cut Ansi LV5,,TRUE,1,124.852,143.5798,111.475,128.2,,,,,,,,,,,FALSE,FALSE,FALSE,Standard Rate,Standard Rate,,10,,
G124S-SV,Bladexmax™ Cut Ansi LV5,,TRUE,1,124.852,143.5798,111.475,128.2,,,,,,,,,,,FALSE,FALSE,FALSE,Standard Rate,Standard Rate,,10,,
G122,"Pioneer Maxmac Inpax Glove Cut Ansi LV5, 8G, Sandy Nitirle Palm",,TRUE,1,268.352,308.6048,239.6,275.54,,,,,,,,,,,FALSE,FALSE,FALSE,Standard Rate,Standard Rate,,10,,
G121,"Pioneer Maxmac EVA Glove Cut LV5, Vibro Palm, Extended Cuff New",,TRUE,1,261.17,300.3455,233.1875,268.17,,,,,,,,,,,FALSE,FALSE,FALSE,Standard Rate,Standard Rate,,10,,
G129,"Pioneer Maxmac Iron Hand Glove Cut LV5,13G, Knuckle Nitrile Palm",,TRUE,1,223.86,257.439,199.875,229.86,,,,,,,,,,,FALSE,FALSE,FALSE,Standard Rate,Standard Rate,,10,,
G130,"Pioneer Maxmac Tough Hand Glove, 13G, Sandy Nitrile Palm",,TRUE,1,157.85,181.5275,140.9375,162.08,,,,,,,,,,,FALSE,FALSE,FALSE,Standard Rate,Standard Rate,,10,,
G103,Pioneer Maxmac Miner Glove,,TRUE,1,269.78,310.247,240.875,277.01,,,,,,,,,,,FALSE,FALSE,FALSE,Standard Rate,Standard Rate,,10,,
G131,Pioneer Maxmac Pion-Vert Glove,,TRUE,1,156.422,179.8853,139.6625,160.61,,,,,,,,,,,FALSE,FALSE,FALSE,Standard Rate,Standard Rate,,10,,
G132,Pioneer Maxmac Engineman Glove,,TRUE,1,159.292,183.1858,142.225,163.56,,,,,,,,,,,FALSE,FALSE,FALSE,Standard Rate,Standard Rate,,10,,
G123,Pioneer Maxmac Typhon Glove,,TRUE,1,419.02,481.873,374.125,430.24,,,,,,,,,,,FALSE,FALSE,FALSE,Standard Rate,Standard Rate,,10,,
G142,Pioneer Maxmac Multi Glove LV5,,TRUE,1,261.17,300.3455,233.1875,268.17,,,,,,,,,,,FALSE,FALSE,FALSE,Standard Rate,Standard Rate,,10,,
G148,Pioneer Nitro-Chem Tripple Dipped Glove,,TRUE,1,117.67,135.3205,105.0625,120.82,,,,,,,,,,,FALSE,FALSE,FALSE,Standard Rate,Standard Rate,,10,,
G604,Pioneer Nitrile House Hold Glove (Jkl),,TRUE,1,28.126,32.3449,25.1125,28.88,,,,,,,,,,,FALSE,FALSE,FALSE,Standard Rate,Standard Rate,,10,,
G605,Pioneer Bi-Color Neolatex Glove (Kmlpst),,TRUE,1,42.546,48.9279,37.9875,43.69,,,,,,,,,,,FALSE,FALSE,FALSE,Standard Rate,Standard Rate,,10,,
G606,Pioneer Flock Lined Rubber Glove (Akl),,TRUE,1,30.142,34.6633,26.9125,30.95,,,,,,,,,,,FALSE,FALSE,FALSE,Standard Rate,Standard Rate,,10,,
G048,Pioneer Flex Glove,,TRUE,1,34.944,40.1856,31.2,35.88,,,,,,,,,,,FALSE,FALSE,FALSE,Standard Rate,Standard Rate,,10,,
G019,Pioneer Flex Nitrox Glove,,TRUE,1,14.854,17.0821,13.2625,15.25,,,,,,,,,,,FALSE,FALSE,FALSE,Standard Rate,Standard Rate,,10,,
G057,Pioneer Flex Handyman Glove,,TRUE,1,28.63,32.9245,25.5625,29.4,,,,,,,,,,,FALSE,FALSE,FALSE,Standard Rate,Standard Rate,,10,,
G111,Pioneer Flex Dura-WAK Glove,,TRUE,1,33.656,38.7044,30.05,34.56,,,,,,,,,,,FALSE,FALSE,FALSE,Standard Rate,Standard Rate,,10,,
G113,Pioneer Flex Snug-Pluz Glove,,TRUE,1,33.656,38.7044,30.05,34.56,,,,,,,,,,,FALSE,FALSE,FALSE,Standard Rate,Standard Rate,,10,,
G074,Pioneer Flex Thermo-Grip Glove,,TRUE,1,39.606,45.5469,35.3625,40.67,,,,,,,,,,,FALSE,FALSE,FALSE,Standard Rate,Standard Rate,,10,,
G112,Pioneer Flex Hytouch Glove,,TRUE,1,53.816,61.8884,48.05,55.26,,,,,,,,,,,FALSE,FALSE,FALSE,Standard Rate,Standard Rate,,10,,
G109,Pioneer Flex LOTUS172 Glove,,TRUE,1,36.596,42.0854,32.675,37.58,,,,,,,,,,,FALSE,FALSE,FALSE,Standard Rate,Standard Rate,,10,,
G128,Pioneer Flex Tank Glove,,TRUE,1,61.712,70.9688,55.1,63.37,,,,,,,,,,,FALSE,FALSE,FALSE,Standard Rate,Standard Rate,,10,,
G114,Pioneer Flex Oilgripa Glove,,TRUE,1,75.054,86.3121,67.0125,77.06,,,,,,,,,,,FALSE,FALSE,FALSE,Standard Rate,Standard Rate,,10,,
G110,Pioneer Flex Lite-Pro Glove,,TRUE,1,41.972,48.2678,37.475,43.1,,,,,,,,,,,FALSE,FALSE,FALSE,Standard Rate,Standard Rate,,10,,
G133,Pioneer Flex Blackmax Glove,,TRUE,1,31.29,35.9835,27.9375,32.13,,,,,,,,,,,FALSE,FALSE,FALSE,Standard Rate,Standard Rate,,10,,
G134,Pioneer Flex Thermo-Pro Glove Fleece Lined,,TRUE,1,70.322,80.8703,62.7875,72.21,,,,,,,,,,,FALSE,FALSE,FALSE,Standard Rate,Standard Rate,,10,,
G106,Pioneer Flex Optima Glove,,TRUE,1,50.512,58.0888,45.1,51.87,,,,,,,,,,,FALSE,FALSE,FALSE,Standard Rate,Standard Rate,,10,,
G108,"PIONEER15 Gauge Nylon Liner, Water Base Nitrile Fully Coated",,TRUE,1,80.57,92.6555,71.9375,82.73,,,,,,,,,,,FALSE,FALSE,FALSE,Standard Rate,Standard Rate,,10,,
G804,Waterproof Thermo Glove Fleece Liner,,TRUE,1,42.546,48.9279,37.9875,43.69,,,,,,,,,,,FALSE,FALSE,FALSE,Standard Rate,Standard Rate,,10,,
G2028,"Pioneer Tough 8 Supa Heat Resist Glove Elbow - Kevlar Stitch, Special Foam Palm for High Heat",,TRUE,1,189.42,217.833,169.125,194.49,,,,,,,,,,,FALSE,FALSE,FALSE,Standard Rate,Standard Rate,,10,,
G1028,Pioneer Touch 8 Heat Resist Glove Elbow - Kevlar Stitch,,TRUE,1,101.528,116.7572,90.65,104.25,,,,,,,,,,,FALSE,FALSE,FALSE,Standard Rate,Standard Rate,,10,,
G143,"Pioneer Touch RIGGER143 Premium Cow Grain Leather Palm with Candy Back, Safety Cuff",,TRUE,1,72.464,83.3336,64.7,74.41,,,,,,,,,,,FALSE,FALSE,FALSE,Standard Rate,Standard Rate,,10,,
G147,Pioneer Touch RIGGER147 Premium Cow Grain Leather Reinforced Palm with Breathable Mesh Back,,TRUE,1,80.36,92.414,71.75,82.51,,,,,,,,,,,FALSE,FALSE,FALSE,Standard Rate,Standard Rate,,10,,
G144,"Pioneer Touch WELDER144 Premium Cowsplit Lined Welding Glove,Denim Cuff, Kevlar Thread, Fully",,TRUE,1,132.734,152.6441,118.5125,136.29,,,,,,,,,,,FALSE,FALSE,FALSE,Standard Rate,Standard Rate,,10,,
G145-L,"Pioneer Touch WELDER145 Premium Cowsplit Welding Glove, Jersey Liner, Denim Cuff, Kevlar Thread",,TRUE,1,147.812,169.9838,131.975,151.77,,,,,,,,,,,FALSE,FALSE,FALSE,Standard Rate,Standard Rate,,10,,
G145-XL,"Pioneer Touch WELDER145 Premium Cowsplit Welding Glove, Jersey Liner, Denim Cuff, Kevlar Thread",,TRUE,1,147.812,169.9838,131.975,151.77,,,,,,,,,,,FALSE,FALSE,FALSE,Standard Rate,Standard Rate,,10,,
G146-L,Pioneer Touch Deer Split Leather Glove with Themal Lining,,TRUE,1,132.734,152.6441,118.5125,136.29,,,,,,,,,,,FALSE,FALSE,FALSE,Standard Rate,Standard Rate,,10,,
G146-XL,Pioneer Touch Deer Split Leather Glove with Themal Lining,,TRUE,1,132.734,152.6441,118.5125,136.29,,,,,,,,,,,FALSE,FALSE,FALSE,Standard Rate,Standard Rate,,10,,
G097,Pioneer Tough Spark Welding Glove Reinforced Palm Fully Kevlar,,TRUE,1,172.2,198.03,153.75,176.81,,,,,,,,,,,FALSE,FALSE,FALSE,Standard Rate,Standard Rate,,10,,
G098,Pioneer Tough G98 Air Cusioned Welding,,TRUE,1,317.142,364.7133,283.1625,325.64,,,,,,,,,,,FALSE,FALSE,FALSE,Standard Rate,Standard Rate,,10,,
G099,Pioneer Tough Hi-Heat Welding Glove,,TRUE,1,317.142,364.7133,283.1625,325.64,,,,,,,,,,,FALSE,FALSE,FALSE,Standard Rate,Standard Rate,,10,,
G100,Pioneer Tough Air Cusioned Welding Glove,,TRUE,1,271.222,311.9053,242.1625,278.49,,,,,,,,,,,FALSE,FALSE,FALSE,Standard Rate,Standard Rate,,10,,
G200-B,Pioneer Tough Lined Welding Glove a Grade,,TRUE,1,271.222,311.9053,242.1625,278.49,,,,,,,,,,,FALSE,FALSE,FALSE,Standard Rate,Standard Rate,,10,,
G300,Pioneer Tough Tigwelding Glove a Grade,,TRUE,1,169.33,194.7295,151.1875,173.87,,,,,,,,,,,FALSE,FALSE,FALSE,Standard Rate,Standard Rate,,10,,
G400-O,Pioneer Tough Lined Welding Glove a Grade,,TRUE,1,103.32,118.818,92.25,106.09,,,,,,,,,,,FALSE,FALSE,FALSE,Standard Rate,Standard Rate,,10,,
G071,Pioneer Tough Vip Cow Grain Leather,,TRUE,1,77,88.55,68.75,79.06,,,,,,,,,,,FALSE,FALSE,FALSE,Standard Rate,Standard Rate,,10,,
GLOVEPAD01,Pioneer Tough High Heat Protection Glove Aluminium Pad (Sell by 1 Pcs Not Pair),,TRUE,1,147,169.05,131.25,150.94,,,,,,,,,,,FALSE,FALSE,FALSE,Standard Rate,Standard Rate,,10,,
GDF02,Defender Chrome Leather Double Palm Wrist Glove,,TRUE,1,62.706,72.1119,55.9875,64.39,,,,,,,,,,,FALSE,FALSE,FALSE,Standard Rate,Standard Rate,,10,,
G1041,PIONEER2.5 Chrome Leatherwrist Length Fleece Lined (Winter Glove),,TRUE,1,92.554,106.4371,82.6375,95.03,,,,,,,,,,,FALSE,FALSE,FALSE,Standard Rate,Standard Rate,,10,,
G006-S,PIONEER16 Chrome Leather Glove Double Palm,,TRUE,1,116.956,134.4994,104.425,120.09,,,,,,,,,,,FALSE,FALSE,FALSE,Standard Rate,Standard Rate,,10,,
G023-R-G,PIONEER2.5 Lined Wrist Length with Reinforced Palm,,TRUE,1,84.672,97.3728,75.6,86.94,,,,,,,,,,,FALSE,FALSE,FALSE,Standard Rate,Standard Rate,,10,,
G022R-G,PIONEER8 Lined with Reinforced Palm,,TRUE,1,81.802,94.0723,73.0375,83.99,,,,,,,,,,,FALSE,FALSE,FALSE,Standard Rate,Standard Rate,,10,,
G022-S-G,PIONEER16 Lined Shoulder Length,,TRUE,1,140.35,161.4025,125.3125,144.11,,,,,,,,,,,FALSE,FALSE,FALSE,Standard Rate,Standard Rate,,10,,
G1026-B,PIONEER8 Lined Double Palm - Kevlar Stitch,,TRUE,1,103.04,118.496,92,105.8,,,,,,,,,,,FALSE,FALSE,FALSE,Standard Rate,Standard Rate,,10,,
G029-R,PIONEER2 Heat Resist Glove - Kevlar Stitched Wrist,,TRUE,1,81.802,94.0723,73.0375,83.99,,,,,,,,,,,FALSE,FALSE,FALSE,Standard Rate,Standard Rate,,10,,
G1040-R,PIONEER16 Heat Resist Glove- Kevlar Stitched Shoulder,,TRUE,1,175.07,201.3305,156.3125,179.76,,,,,,,,,,,FALSE,FALSE,FALSE,Standard Rate,Standard Rate,,10,,
G005-CD,"Pioneer Candy Stripe Chrome Leather, One Piece Palm",,TRUE,1,30.856,35.4844,27.55,31.68,,,,,,,,,,,FALSE,FALSE,FALSE,Standard Rate,Standard Rate,,10,,
G003,PIONEER2.5 Chrome Leather with Reflective Tape Back,,TRUE,1,52.234,60.0691,46.6375,53.63,,,,,,,,,,,FALSE,FALSE,FALSE,Standard Rate,Standard Rate,,10,,
G009-B,Pioneer Denim Stripe Chrome Leather - Cuff,,TRUE,1,41.762,48.0263,37.2875,42.88,,,,,,,,,,,FALSE,FALSE,FALSE,Standard Rate,Standard Rate,,10,,
G012-XL,Pioneer TIG Vip Grain Pig Skin,,TRUE,1,86.534,99.5141,77.2625,88.85,,,,,,,,,,,FALSE,FALSE,FALSE,Standard Rate,Standard Rate,,10,,
G012-3XL,Pioneer TIG Vip Grain Pig Skin,,TRUE,1,101.528,116.7572,90.65,104.25,,,,,,,,,,,FALSE,FALSE,FALSE,Standard Rate,Standard Rate,,10,,
G052,Pioneer Pigskin with Fleece Liner Winter Glove,,TRUE,1,119.392,137.3008,106.6,122.59,,,,,,,,,,,FALSE,FALSE,FALSE,Standard Rate,Standard Rate,,10,,
G072,Pioneer TIG Vip Grain Pig Skin with Extend Cuff,,TRUE,1,149.24,171.626,133.25,153.24,,,,,,,,,,,FALSE,FALSE,FALSE,Standard Rate,Standard Rate,,10,,
G012-1-sz8,Pioneer Vip Goat Skin a Grade,,TRUE,1,48.51,55.7865,43.3125,49.81,,,,,,,,,,,FALSE,FALSE,FALSE,Standard Rate,Standard Rate,,10,,
G012-1-sz9,Pioneer Vip Goat Skin a Grade,,TRUE,1,48.51,55.7865,43.3125,49.81,,,,,,,,,,,FALSE,FALSE,FALSE,Standard Rate,Standard Rate,,10,,
G012-1,Pioneer Vip Goat Skin a Grade,,TRUE,1,48.51,55.7865,43.3125,49.81,,,,,,,,,,,FALSE,FALSE,FALSE,Standard Rate,Standard Rate,,10,,
G012-1-3XL,Pioneer Vip Goat Skin a Grade,,TRUE,1,73.192,84.1708,65.35,75.15,,,,,,,,,,,FALSE,FALSE,FALSE,Standard Rate,Standard Rate,,10,,
G025-Y,Pioneer Nappa Glove Cowhide,,TRUE,1,73.192,84.1708,65.35,75.15,,,,,,,,,,,FALSE,FALSE,FALSE,Standard Rate,Standard Rate,,10,,
G012-2,Pioneer Vip Goat Skin a Grade Extended Cuff Elbow,,TRUE,1,77.49,89.1135,69.1875,79.57,,,,,,,,,,,FALSE,FALSE,FALSE,Standard Rate,Standard Rate,,10,,
G023-G,2.5 Lined Wrist Length Glove,,TRUE,1,57.974,66.6701,51.7625,59.53,,,,,,,,,,,FALSE,FALSE,FALSE,Standard Rate,Standard Rate,,10,,
G022-G,8 Lined Glove,,TRUE,1,74.41,85.5715,66.4375,76.4,,,,,,,,,,,FALSE,FALSE,FALSE,Standard Rate,Standard Rate,,10,,
G030,2.5 Chrome Leather Double Palm,,TRUE,1,36.946,42.4879,32.9875,37.94,,,,,,,,,,,FALSE,FALSE,FALSE,Standard Rate,Standard Rate,,10,,
G006,8 Chrome Leather Double Palm,,TRUE,1,56.392,64.8508,50.35,57.9,,,,,,,,,,,FALSE,FALSE,FALSE,Standard Rate,Standard Rate,,10,,
G005-AP,2.5 Chrome Leather Apron Palm,,TRUE,1,50.652,58.2498,45.225,52.01,,,,,,,,,,,FALSE,FALSE,FALSE,Standard Rate,Standard Rate,,10,,
G1025,2.5 Chrome Leather Apron Palm Once Off Special,,TRUE,1,34.23,39.3645,30.5625,35.15,,,,,,,,,,,FALSE,FALSE,FALSE,Standard Rate,Standard Rate,,10,,
G006-AP,8 Chrome Leather Apron Palm,,TRUE,1,74.62,85.813,66.625,76.62,,,,,,,,,,,FALSE,FALSE,FALSE,Standard Rate,Standard Rate,,10,,
G002-P-P-CD,Candy Stripe Pigskin,,TRUE,1,40.32,46.368,36,41.4,,,,,,,,,,,FALSE,FALSE,FALSE,Standard Rate,Standard Rate,,10,,
G012-P,Vip Pig Skin Split Leather Glove,,TRUE,1,52.234,60.0691,46.6375,53.63,,,,,,,,,,,FALSE,FALSE,FALSE,Standard Rate,Standard Rate,,10,,
G012-3-CR,Vip Furniture Leather Color,,TRUE,1,70.098,80.6127,62.5875,71.98,,,,,,,,,,,FALSE,FALSE,FALSE,Standard Rate,Standard Rate,,10,,
G010-CD,Candy Stripe Rigger (Superior),,TRUE,1,41.09,47.2535,36.6875,42.19,,,,,,,,,,,FALSE,FALSE,FALSE,Standard Rate,Standard Rate,,10,,
G020,Pigskin Driver Glove with Cotton Back Elastic Velcro Cuff,,TRUE,1,75.334,86.6341,67.2625,77.35,,,,,,,,,,,FALSE,FALSE,FALSE,Standard Rate,Standard Rate,,10,,
G004-A-B,Pioneer 2.5 Lined Welding Glove Ab Grade,,TRUE,1,76.258,87.6967,68.0875,78.3,,,,,,,,,,,FALSE,FALSE,FALSE,Standard Rate,Standard Rate,,10,,
G090-G,Pioneer Hi-Vis Weight PVC Glove,,TRUE,1,32.004,36.8046,28.575,32.86,,,,,,,,,,,FALSE,FALSE,FALSE,Standard Rate,Standard Rate,,10,,
G093-G,Pioneer Hi-Vis Terry Palm PVC Glove,,TRUE,1,42.686,49.0889,38.1125,43.83,,,,,,,,,,,FALSE,FALSE,FALSE,Standard Rate,Standard Rate,,10,,
G094-G,Pioneer Hi-Vis PVC Reinforced,,TRUE,1,60.27,69.3105,53.8125,61.88,,,,,,,,,,,FALSE,FALSE,FALSE,Standard Rate,Standard Rate,,10,,
G095-G,Pioneer Hi-Vis PVC Reinforced,,TRUE,1,65.506,75.3319,58.4875,67.26,,,,,,,,,,,FALSE,FALSE,FALSE,Standard Rate,Standard Rate,,10,,
G091-RG,Pioneer Hi-Vis PVC Reinforced,,TRUE,1,65.506,75.3319,58.4875,67.26,,,,,,,,,,,FALSE,FALSE,FALSE,Standard Rate,Standard Rate,,10,,
G092-RG,Pioneer Hi-Vis PVC Reinforced,,TRUE,1,75.054,86.3121,67.0125,77.06,,,,,,,,,,,FALSE,FALSE,FALSE,Standard Rate,Standard Rate,,10,,
G621-O,Pioneer Foam PVC Glove Open Cuff,,TRUE,1,63.07,72.5305,56.3125,64.76,,,,,,,,,,,FALSE,FALSE,FALSE,Standard Rate,Standard Rate,,10,,
G622-O,Pioneerorange Foam PVC Glove Open Cuff,,TRUE,1,72.464,83.3336,64.7,74.41,,,,,,,,,,,FALSE,FALSE,FALSE,Standard Rate,Standard Rate,,10,,
G603-BLK,Pioneer and PVC Glove (Dyneema Interlayer)Cut Level 5,,TRUE,1,236.6,272.09,211.25,242.94,,,,,,,,,,,FALSE,FALSE,FALSE,Standard Rate,Standard Rate,,10,,
G013-R,Pioneer PVC Std Special,,TRUE,1,19.88,22.862,17.75,20.41,,,,,,,,,,,FALSE,FALSE,FALSE,Standard Rate,Standard Rate,,10,,
G014-R,Pioneer PVC Open Cuff,,TRUE,1,25.326,29.1249,22.6125,26,,,,,,,,,,,FALSE,FALSE,FALSE,Standard Rate,Standard Rate,,10,,
G016-R,Pioneer PVC Open Cuff,,TRUE,1,35.798,41.1677,31.9625,36.76,,,,,,,,,,,FALSE,FALSE,FALSE,Standard Rate,Standard Rate,,10,,
G015-R,Pioneer PVC Open Cuff,,TRUE,1,40.18,46.207,35.875,41.26,,,,,,,,,,,FALSE,FALSE,FALSE,Standard Rate,Standard Rate,,10,,
G016-S-R,Pioneer PVC Shoulder Length,,TRUE,1,62.426,71.7899,55.7375,64.1,,,,,,,,,,,FALSE,FALSE,FALSE,Standard Rate,Standard Rate,,10,,
G013-G-R,Pioneer PVC Terry Palm,,TRUE,1,41.048,47.2052,36.65,42.15,,,,,,,,,,,FALSE,FALSE,FALSE,Standard Rate,Standard Rate,,10,,
G014-G-R,Pioneer PVC Open Cuff Terry Palm,,TRUE,1,51.66,59.409,46.125,53.04,,,,,,,,,,,FALSE,FALSE,FALSE,Standard Rate,Standard Rate,,10,,
G016-G-R,Pioneer PVC Open Cuff Terry Palm,,TRUE,1,57.4,66.01,51.25,58.94,,,,,,,,,,,FALSE,FALSE,FALSE,Standard Rate,Standard Rate,,10,,
G096-BR,Pioneer Gorgon Heavy Duty PVC Glove,,TRUE,1,39.466,45.3859,35.2375,40.52,,,,,,,,,,,FALSE,FALSE,FALSE,Standard Rate,Standard Rate,,10,,
G077-BR,Pioneer Gorgon Heavy Duty PVC Glove Open Cuff,,TRUE,1,45.416,52.2284,40.55,46.63,,,,,,,,,,,FALSE,FALSE,FALSE,Standard Rate,Standard Rate,,10,,
G078-BR,Pioneer Gorgon Heavy Duty PVC Glove Open Cuff,,TRUE,1,60.27,69.3105,53.8125,61.88,,,,,,,,,,,FALSE,FALSE,FALSE,Standard Rate,Standard Rate,,10,,
G079-BR,Pioneer Gorgon Heavy Duty PVC Glove Open Cuff,,TRUE,1,65.646,75.4929,58.6125,67.4,,,,,,,,,,,FALSE,FALSE,FALSE,Standard Rate,Standard Rate,,10,,
G080-BR,Pioneer Gorgon Heavy Duty PVC Glove Open Cuff,,TRUE,1,71.68,82.432,64,73.6,,,,,,,,,,,FALSE,FALSE,FALSE,Standard Rate,Standard Rate,,10,,
G081-BR,Pioneer Gorgon Heavy Duty PVC Glove Open Cuff,,TRUE,1,159.292,183.1858,142.225,163.56,,,,,,,,,,,FALSE,FALSE,FALSE,Standard Rate,Standard Rate,,10,,
G088-G,Pioneer Double Dipped PVC with Jersey Interlock Glove Series Open Cuff Jersey Liner,,TRUE,1,77.49,89.1135,69.1875,79.57,,,,,,,,,,,FALSE,FALSE,FALSE,Standard Rate,Standard Rate,,10,,
G085-BLK,Pioneer Chipped Palm PVC Glove Chip Palm PVC Glove,,TRUE,1,47.502,54.6273,42.4125,48.77,,,,,,,,,,,FALSE,FALSE,FALSE,Standard Rate,Standard Rate,,10,,
G630-O,Pioneer Rough Finish with Reinforce on Thumb and Palm - Tough,,TRUE,1,69.748,80.2102,62.275,71.62,,,,,,,,,,,FALSE,FALSE,FALSE,Standard Rate,Standard Rate,,10,,
G631-O,Pioneer Rough Finish with Reinforce on Thumb and Palm Tough,,TRUE,1,73.108,84.0742,65.275,75.07,,,,,,,,,,,FALSE,FALSE,FALSE,Standard Rate,Standard Rate,,10,,
G041-O,Pioneer PVC Freezer Glove Series Freezer Glove High Visibility,,TRUE,1,83.594,96.1331,74.6375,85.83,,,,,,,,,,,FALSE,FALSE,FALSE,Standard Rate,Standard Rate,,10,,
G041-30-O,Pioneer PVC Freezer Glove Series Freezer Glove Open Cuff High Visibility,,TRUE,1,110.138,126.6587,98.3375,113.09,,,,,,,,,,,FALSE,FALSE,FALSE,Standard Rate,Standard Rate,,10,,
G017-G,Pioneer Ultragrip Glove,,TRUE,1,23.674,27.2251,21.1375,24.31,,,,,,,,,,,FALSE,FALSE,FALSE,Standard Rate,Standard Rate,,10,,
G002-Y,Comarex Fully Dipped Cotton Shell New,,TRUE,1,29.638,34.0837,26.4625,30.43,,,,,,,,,,,FALSE,FALSE,FALSE,Standard Rate,Standard Rate,,10,,
G032-Y,Comarex Fully Dipped,,TRUE,1,33.586,38.6239,29.9875,34.49,,,,,,,,,,,FALSE,FALSE,FALSE,Standard Rate,Standard Rate,,10,,
G045-Y,Comarex Safety Cuff New,,TRUE,1,35.448,40.7652,31.65,36.4,,,,,,,,,,,FALSE,FALSE,FALSE,Standard Rate,Standard Rate,,10,,
G046-Y,Comarex Heavy Crinkle Safety Cuff New,,TRUE,1,38.458,44.2267,34.3375,39.49,,,,,,,,,,,FALSE,FALSE,FALSE,Standard Rate,Standard Rate,,10,,
G047-Y,Comarex Elbow Fleece Lined,,TRUE,1,112.574,129.4601,100.5125,115.59,,,,,,,,,,,FALSE,FALSE,FALSE,Standard Rate,Standard Rate,,10,,
G031-Y,Econo Household Glove,,TRUE,1,13.062,15.0213,11.6625,13.41,,,,,,,,,,,FALSE,FALSE,FALSE,Standard Rate,Standard Rate,,10,,
G049-P,PVC House Hold Glove,,TRUE,1,27.832,32.0068,24.85,28.58,,,,,,,,,,,FALSE,FALSE,FALSE,Standard Rate,Standard Rate,,10,,
G033-G,Nitrile Glove,,TRUE,1,30.856,35.4844,27.55,31.68,,,,,,,,,,,FALSE,FALSE,FALSE,Standard Rate,Standard Rate,,10,,
G021-R,Go-Work Nitrile Plam Dipped Glove,,TRUE,1,15.708,18.0642,14.025,16.13,,,,,,,,,,,FALSE,FALSE,FALSE,Standard Rate,Standard Rate,,10,,
G004-L,Go-Work Nitrile Plam Dipped Glove,,TRUE,1,15.708,18.0642,14.025,16.13,,,,,,,,,,,FALSE,FALSE,FALSE,Standard Rate,Standard Rate,,10,,
G089-O,Nitrile Palm Dipped Glove,,TRUE,1,16.366,18.8209,14.6125,16.8,,,,,,,,,,,FALSE,FALSE,FALSE,Standard Rate,Standard Rate,,10,,
G084-Y,Nitrile Fully Dipped Glove,,TRUE,1,28.126,32.3449,25.1125,28.88,,,,,,,,,,,FALSE,FALSE,FALSE,Standard Rate,Standard Rate,,10,,
G039-B,Pioneer Nitrile,,TRUE,1,35.588,40.9262,31.775,36.54,,,,,,,,,,,FALSE,FALSE,FALSE,Standard Rate,Standard Rate,,10,,
G040-B,Pioneer Nitrile Safety Cuff,,TRUE,1,38.388,44.1462,34.275,39.42,,,,,,,,,,,FALSE,FALSE,FALSE,Standard Rate,Standard Rate,,10,,
G035-RW,Crayfish Glove,,TRUE,1,18.438,21.2037,16.4625,18.93,,,,,,,,,,,FALSE,FALSE,FALSE,Standard Rate,Standard Rate,,10,,
G018-BLK,Builders Glove,,TRUE,1,20.09,23.1035,17.9375,20.63,,,,,,,,,,,FALSE,FALSE,FALSE,Standard Rate,Standard Rate,,10,,
G042-BLK,Industrial Rubber Glove Smooth Palm,,TRUE,1,42.91,49.3465,38.3125,44.06,,,,,,,,,,,FALSE,FALSE,FALSE,Standard Rate,Standard Rate,,10,,
G043-BLK,Industrial Rubber Glove Smooth Palm,,TRUE,1,126.28,145.222,112.75,129.66,,,,,,,,,,,FALSE,FALSE,FALSE,Standard Rate,Standard Rate,,10,,
G036-T-BLK,Industrial Rubber Glove Rough Palm,,TRUE,1,82.866,95.2959,73.9875,85.09,,,,,,,,,,,FALSE,FALSE,FALSE,Standard Rate,Standard Rate,,10,,
G036-BLK,Industrial Rubber Glove Rough Palm,,TRUE,1,119.112,136.9788,106.35,122.3,,,,,,,,,,,FALSE,FALSE,FALSE,Standard Rate,Standard Rate,,10,,
G051-W,Pioneer ® Latex Examination Gloves Powder Free (100 Pcs Per Box) ®,,TRUE,1,132.02,151.823,117.875,135.56,,,,,,,,,,,FALSE,FALSE,FALSE,Standard Rate,Standard Rate,,10,,
G054-W,Pioneer ® Latex Examination Gloves Powdered (100 Pcs Per Box),,TRUE,1,132.02,151.823,117.875,135.56,,,,,,,,,,,FALSE,FALSE,FALSE,Standard Rate,Standard Rate,,10,,
G076-B,Pioneer ® Nitrile Examination Glove Powder Free (100 Pcs Per Box) ®,,TRUE,1,133.462,153.4813,119.1625,137.04,,,,,,,,,,,FALSE,FALSE,FALSE,Standard Rate,Standard Rate,,10,,
G059-W,Pioneer ® Vinyl Examination Gloves Powder Free (100 Pcs Per Box) ®,,TRUE,1,121.982,140.2793,108.9125,125.25,,,,,,,,,,,FALSE,FALSE,FALSE,Standard Rate,Standard Rate,,10,,
G055-W,Pioneer PU Coated Inspector Glove,,TRUE,1,15.358,17.6617,13.7125,15.77,,,,,,,,,,,FALSE,FALSE,FALSE,Standard Rate,Standard Rate,,10,,
G056-BLK,Pioneer PU Coated Inspector Glove,,TRUE,1,16.366,18.8209,14.6125,16.8,,,,,,,,,,,FALSE,FALSE,FALSE,Standard Rate,Standard Rate,,10,,
G126-BLKW,Pioneer Anti-Static Carbon Nylon Glove PU Dipped,,TRUE,1,25.76,29.624,23,26.45,,,,,,,,,,,FALSE,FALSE,FALSE,Standard Rate,Standard Rate,,10,,
G050,Cotton Glove 450g,,TRUE,1,5.026,5.7799,4.4875,5.16,,,,,,,,,,,FALSE,FALSE,FALSE,Standard Rate,Standard Rate,,10,,
G050-800,Cotton Glove 800g,,TRUE,1,11.116,12.7834,9.925,11.41,,,,,,,,,,,FALSE,FALSE,FALSE,Standard Rate,Standard Rate,,10,,
G034-G-GY,Cotton Glove 450G,,TRUE,1,5.74,6.601,5.125,5.89,,,,,,,,,,,FALSE,FALSE,FALSE,Standard Rate,Standard Rate,,10,,
G170,10GG Cotton Glove Bleached 650G,,TRUE,1,11.41,13.1215,10.1875,11.72,,,,,,,,,,,FALSE,FALSE,FALSE,Standard Rate,Standard Rate,,10,,
G171,Lint Free Nylon Glove Knitted Cuff,,TRUE,1,14.644,16.8406,13.075,15.04,,,,,,,,,,,FALSE,FALSE,FALSE,Standard Rate,Standard Rate,,10,,
G172-PD,Hi-Vis Garden Poka DOT Glove New,,TRUE,1,14.14,16.261,12.625,14.52,,,,,,,,,,,FALSE,FALSE,FALSE,Standard Rate,Standard Rate,,10,,
G034-PD,Double Sided Polka DOT Glove,,TRUE,1,12.698,14.6027,11.3375,13.04,,,,,,,,,,,FALSE,FALSE,FALSE,Standard Rate,Standard Rate,,10,,
G034-S-PD,Single Sided Polka DOT Glove,,TRUE,1,11.41,13.1215,10.1875,11.72,,,,,,,,,,,FALSE,FALSE,FALSE,Standard Rate,Standard Rate,,10,,
G105,Single Towelling Glove with Knitted Cuff,,TRUE,1,80.36,92.414,71.75,82.51,,,,,,,,,,,FALSE,FALSE,FALSE,Standard Rate,Standard Rate,,10,,
G104,Double Towelling Glove Canvas Cuff,,TRUE,1,99.736,114.6964,89.05,102.41,,,,,,,,,,,FALSE,FALSE,FALSE,Standard Rate,Standard Rate,,10,,
G101,Kevlar Crochet Double Sided Polka DOT ( and DOT),,TRUE,1,165.032,189.7868,147.35,169.45,,,,,,,,,,,FALSE,FALSE,FALSE,Standard Rate,Standard Rate,,10,,
G160,Castong Para-Aramid Glove Cuff ( Res - Temp 600°C FOR30/40 Seconds),,TRUE,1,1076.25,1237.6875,960.9375,1105.08,,,,,,,,,,,FALSE,FALSE,FALSE,Standard Rate,Standard Rate,,10,,
G067,Chainmail Glove (Steinless Steel Glove for Meat Industrial),,TRUE,1,1417.78,1630.447,1265.875,1455.76,,,,,,,,,,,FALSE,FALSE,FALSE,Standard Rate,Standard Rate,,10,,
GCLIP01,Glove Clip Plastic Colour,,TRUE,1,20.804,23.9246,18.575,21.36,,,,,,,,,,,FALSE,FALSE,FALSE,Standard Rate,Standard Rate,,10,,
HD01,Hand Mold for Display,,TRUE,1,22.26,25.599,19.875,22.86,,,,,,,,,,,FALSE,FALSE,FALSE,Standard Rate,Standard Rate,,10,,
HD02,Head Mold for Display,,TRUE,1,806.47,927.4405,720.0625,828.07,,,,,,,,,,,FALSE,FALSE,FALSE,Standard Rate,Standard Rate,,10,,
G102,Pioneer Miner to Be Discontinued,,TRUE,1,145.53,167.3595,129.9375,149.43,,,,,,,,,,,FALSE,FALSE,FALSE,Standard Rate,Standard Rate,,10,,
G007-S,8 Lined Elbow Welding Glove,,TRUE,1,23.52,27.048,21,24.15,,,,,,,,,,,FALSE,FALSE,FALSE,Standard Rate,Standard Rate,,10,,
G058,Pig Skin with Extended Attachment to Be,,TRUE,1,44.1,50.715,39.375,45.28,,,,,,,,,,,FALSE,FALSE,FALSE,Standard Rate,Standard Rate,,10,,
FAP001,Pioneer Safety Harnesses with Double Lanyard & Snap Hooks,,TRUE,1,476,547.4,425,488.75,,,,,,,,,,,FALSE,FALSE,FALSE,Standard Rate,Standard Rate,,10,,
FAP002,Pioneer Safety Harnesses with Double Lanyard & Snap Hooks with Belt,,TRUE,1,567,652.05,506.25,582.19,,,,,,,,,,,FALSE,FALSE,FALSE,Standard Rate,Standard Rate,,10,,
FAP003,Pioneer Safety Harnesses with Double Lanyard & Scaffold Hooks,,TRUE,1,588,676.2,525,603.75,,,,,,,,,,,FALSE,FALSE,FALSE,Standard Rate,Standard Rate,,10,,
FAP004,Pioneer Safety Harnesses with Double Lanyard & Scaffold Hooks with Belt,,TRUE,1,672,772.8,600,690,,,,,,,,,,,FALSE,FALSE,FALSE,Standard Rate,Standard Rate,,10,,
FAP018,Pioneer Safety Harnesses with Single Lanyard & Snap Hooks,,TRUE,1,420,483,375,431.25,,,,,,,,,,,FALSE,FALSE,FALSE,Standard Rate,Standard Rate,,10,,
FAP005,"Pioneer Safety Harness, Dorsal Padding, Harness Step, Chest Strap, Double Lanyard & Scaffold Hooks",,TRUE,1,1162,1336.3,1037.5,1193.13,,,,,,,,,,,FALSE,FALSE,FALSE,Standard Rate,Standard Rate,,10,,
FAP014,"Pioneer Technical Harness, Webbing Dorsal Attachement Point, Adjastable Leg & Shoulder Strapa",,TRUE,1,1863.4,2142.91,1663.75,1913.31,,,,,,,,,,,FALSE,FALSE,FALSE,Standard Rate,Standard Rate,,10,,
FAP015,"Pioneer Pro Harness, Webbing Dorsal Attachement Point, Adjastable Leg & Shoulder Strapa",,TRUE,1,3150,3622.5,2812.5,3234.38,,,,,,,,,,,FALSE,FALSE,FALSE,Standard Rate,Standard Rate,,10,,
FAP006,Tooling Lanyard Elasticated Lanyard for Securing Tooling While Working at Height. Carabiner,,TRUE,1,98,112.7,87.5,100.63,,,,,,,,,,,FALSE,FALSE,FALSE,Standard Rate,Standard Rate,,10,,
FAP007,Wrist Lanyard Adjustable Wrist Lanyard for Securing Light Duty Tooling While Working at Height.,,TRUE,1,72.8,83.72,65,74.75,,,,,,,,,,,FALSE,FALSE,FALSE,Standard Rate,Standard Rate,,10,,
FAP016,Technical Optimal Lanyard Set,,TRUE,1,714,821.1,637.5,733.13,,,,,,,,,,,FALSE,FALSE,FALSE,Standard Rate,Standard Rate,,10,,
FAP017,Pro Fall Arrest Lanyard,,TRUE,1,868,998.2,775,891.25,,,,,,,,,,,FALSE,FALSE,FALSE,Standard Rate,Standard Rate,,10,,
FAP008,Fall ArrestoR2.0m (Webbing Type),,TRUE,1,3710,4266.5,3312.5,3809.38,,,,,,,,,,,FALSE,FALSE,FALSE,Standard Rate,Standard Rate,,10,,
FAP009,Fall ArrestoR3.5m (Webbing Type),,TRUE,1,4074,4685.1,3637.5,4183.13,,,,,,,,,,,FALSE,FALSE,FALSE,Standard Rate,Standard Rate,,10,,
FAP010,Fall ArrestoR6.0m (Webbing Type),,TRUE,1,5482.4,6304.76,4895,5629.25,,,,,,,,,,,FALSE,FALSE,FALSE,Standard Rate,Standard Rate,,10,,
FAP011,Fall ArrestoR10m (Cable Type),,TRUE,1,6108.2,7024.43,5453.75,6271.81,,,,,,,,,,,FALSE,FALSE,FALSE,Standard Rate,Standard Rate,,10,,
FAP012,Fall ArrestoR15m (Cable Type),,TRUE,1,9398.2,10807.93,8391.25,9649.94,,,,,,,,,,,FALSE,FALSE,FALSE,Standard Rate,Standard Rate,,10,,
FAP013,Fall ArrestoR20m (Cable Type),,TRUE,1,11748.8,13511.12,10490,12063.5,,,,,,,,,,,FALSE,FALSE,FALSE,Standard Rate,Standard Rate,,10,,
BELT001-BLK,Security Belt,,TRUE,1,91,104.65,81.25,93.44,,,,,,,,,,,FALSE,FALSE,FALSE,Standard Rate,Standard Rate,,10,,
BELT002-N,Security Belt,,TRUE,1,91,104.65,81.25,93.44,,,,,,,,,,,FALSE,FALSE,FALSE,Standard Rate,Standard Rate,,10,,
BELT003-BLK,Utility Belt,,TRUE,1,75.6,86.94,67.5,77.63,,,,,,,,,,,FALSE,FALSE,FALSE,Standard Rate,Standard Rate,,10,,
BELT004,Cap Lamp Belt Basic,,TRUE,1,105,120.75,93.75,107.81,,,,,,,,,,,FALSE,FALSE,FALSE,Standard Rate,Standard Rate,,10,,
BELT005,Cap Lamp Belt Reflective,,TRUE,1,140,161,125,143.75,,,,,,,,,,,FALSE,FALSE,FALSE,Standard Rate,Standard Rate,,10,,
BELT006,Cap Lamp Belt Padded,,TRUE,1,161,185.15,143.75,165.31,,,,,,,,,,,FALSE,FALSE,FALSE,Standard Rate,Standard Rate,,10,,
BELT007,Work Positioning Belt,,TRUE,1,385,442.75,343.75,395.31,,,,,,,,,,,FALSE,FALSE,FALSE,Standard Rate,Standard Rate,,10,,
BELT008,Cap Lamp Belt Basic & Shoulder Straps,,TRUE,1,441,507.15,393.75,452.81,,,,,,,,,,,FALSE,FALSE,FALSE,Standard Rate,Standard Rate,,10,,
BELT009,Cap Lamp Belt Padded & Shoulder Straps,,TRUE,1,539,619.85,481.25,553.44,,,,,,,,,,,FALSE,FALSE,FALSE,Standard Rate,Standard Rate,,10,,
LEG01,Snake Bite Leggings,,TRUE,1,693,796.95,618.75,711.56,,,,,,,,,,,FALSE,FALSE,FALSE,Standard Rate,Standard Rate,,10,,
LEG02,Bush Leggings,,TRUE,1,553,635.95,493.75,567.81,,,,,,,,,,,FALSE,FALSE,FALSE,Standard Rate,Standard Rate,,10,,
BAG001,Gear Bag 15,,TRUE,1,257.81,296.4815,230.1875,264.72,,,,,,,,,,,FALSE,FALSE,FALSE,Standard Rate,Standard Rate,,10,,
BAG002,Gear Bag 20,,TRUE,1,275.59,316.9285,246.0625,282.97,,,,,,,,,,,FALSE,FALSE,FALSE,Standard Rate,Standard Rate,,10,,
BAG003,Gear Bag,,TRUE,1,444.5,511.175,396.875,456.41,,,,,,,,,,,FALSE,FALSE,FALSE,Standard Rate,Standard Rate,,10,,
A034-BLK,Elasticated Kidney Belt,,TRUE,1,103.32,118.818,92.25,106.09,,,,,,,,,,,FALSE,FALSE,FALSE,Standard Rate,Standard Rate,,10,,
A036-BLK,Rubber Knee Pad,,TRUE,1,156.422,179.8853,139.6625,160.61,,,,,,,,,,,FALSE,FALSE,FALSE,Standard Rate,Standard Rate,,10,,
A036-K1-O,Knee Pad,,TRUE,1,144.2,165.83,128.75,148.06,,,,,,,,,,,FALSE,FALSE,FALSE,Standard Rate,Standard Rate,,10,,
A065-BLK,Plastic Knee Pad,,TRUE,1,115,132.25,103,118.45,,,,,,,,,,,FALSE,FALSE,FALSE,Standard Rate,Standard Rate,,10,,
A037-BLK,Shin Pad,,TRUE,1,161,185.15,143.75,165.31,,,,,,,,,,,FALSE,FALSE,FALSE,Standard Rate,Standard Rate,,10,,
A039-CL,Metta Guard Shoe Protector,,TRUE,1,67.2,77.28,60,69,,,,,,,,,,,FALSE,FALSE,FALSE,Standard Rate,Standard Rate,,10,,
A038,Motorist First Aid Kit Complete,,TRUE,1,287,330.05,256.25,294.69,,,,,,,,,,,FALSE,FALSE,FALSE,Standard Rate,Standard Rate,,10,,
RS009,Regulation 3 Factory First Aid Kit Metal Box,,TRUE,1,686,788.9,612.5,704.38,,,,,,,,,,,FALSE,FALSE,FALSE,Standard Rate,Standard Rate,,10,,
RS009-1,Regulation 3 Factory First Aid Kit Refill,,TRUE,1,259,297.85,231.25,265.94,,,,,,,,,,,FALSE,FALSE,FALSE,Standard Rate,Standard Rate,,10,,
RS009-2,Regulation 7 Mining First Aid Kit Metal Box,,TRUE,1,728,837.2,650,747.5,,,,,,,,,,,FALSE,FALSE,FALSE,Standard Rate,Standard Rate,,10,,
RS009-3,Regulation 7 Mining First Aid Kit Refill,,TRUE,1,301,346.15,268.75,309.06,,,,,,,,,,,FALSE,FALSE,FALSE,Standard Rate,Standard Rate,,10,,
RS011,Empty Metal Box for Regulation 3 & 7,,TRUE,1,441,507.15,393.75,452.81,,,,,,,,,,,FALSE,FALSE,FALSE,Standard Rate,Standard Rate,,10,,
SEC002-SV,2 Link Palted Hand Cuff,,TRUE,1,364,418.6,325,373.75,,,,,,,,,,,FALSE,FALSE,FALSE,Standard Rate,Standard Rate,,10,,
SEC003,25ML Pepper Spray Keyring,,TRUE,1,88.2,101.43,78.75,90.56,,,,,,,,,,,FALSE,FALSE,FALSE,Standard Rate,Standard Rate,,10,,
SEC005,Whistle,,TRUE,1,19.6,22.54,17.5,20.13,,,,,,,,,,,FALSE,FALSE,FALSE,Standard Rate,Standard Rate,,10,,
RAGS-POLO-MU,T-Shirt Rags - 5kg Batches,,TRUE,1,24.5,28.175,21.875,25.16,,,,,,,,,,,FALSE,FALSE,FALSE,Standard Rate,Standard Rate,,10,,
WET-FLOOR-Y,Wet Floor Caution,,TRUE,1,80.595,92.68425,72.76071825,83.67,,,,,,,,,,,FALSE,FALSE,FALSE,Standard Rate,Standard Rate,,10,,
EP008-O,Barrier Net 1.0m X 50m,,TRUE,1,334.362,384.5163,298.5375,343.32,,,,,,,,,,,FALSE,FALSE,FALSE,Standard Rate,Standard Rate,,10,,
EP009-O,Barrier Net 1.2m X 50m,,TRUE,1,454.902,523.1373,406.1625,467.09,,,,,,,,,,,FALSE,FALSE,FALSE,Standard Rate,Standard Rate,,10,,
EP009-YO-OY,Woven Barrier Net 1.0m X 50m,,TRUE,1,309.96,356.454,276.75,318.26,,,,,,,,,,,FALSE,FALSE,FALSE,Standard Rate,Standard Rate,,10,,
BT-100-RW,Barrier Tape - 100m/Roll,,TRUE,1,38.752,44.5648,34.6,39.79,,,,,,,,,,,FALSE,FALSE,FALSE,Standard Rate,Standard Rate,,10,,
BT-500-RW,Barrier Tape - 500m/Roll,,TRUE,1,109.06,125.419,97.375,111.98,,,,,,,,,,,FALSE,FALSE,FALSE,Standard Rate,Standard Rate,,10,,
BT500-YB-YBLK,Barrier Tape - 500M/Roll,,TRUE,1,109.06,125.419,97.375,111.98,,,,,,,,,,,FALSE,FALSE,FALSE,Standard Rate,Standard Rate,,10,,
EP030-R,Reflective Tape for Truck 50M/Roll,,TRUE,1,901.6,1036.84,805,925.75,,,,,,,,,,,FALSE,FALSE,FALSE,Standard Rate,Standard Rate,,10,,
EP031-Y,Reflective Tape for Truck 50M/Roll,,TRUE,1,901.6,1036.84,805,925.75,,,,,,,,,,,FALSE,FALSE,FALSE,Standard Rate,Standard Rate,,10,,
EP032-W,Reflective Tape for Truck 50M/Roll,,TRUE,1,901.6,1036.84,805,925.75,,,,,,,,,,,FALSE,FALSE,FALSE,Standard Rate,Standard Rate,,10,,
EP033-Y,Reflective Tape 5M Pack,,TRUE,1,119,136.85,106.25,122.19,,,,,,,,,,,FALSE,FALSE,FALSE,Standard Rate,Standard Rate,,10,,
TC500-E-R,Traffic Cone with Rubber Base,,TRUE,1,103.6,119.14,92.5,106.38,,,,,,,,,,,FALSE,FALSE,FALSE,Standard Rate,Standard Rate,,10,,
TC300-P-O,Soft PVC Traffic Cone with Reflective Tape,,TRUE,1,92.4,106.26,82.5,94.88,,,,,,,,,,,FALSE,FALSE,FALSE,Standard Rate,Standard Rate,,10,,
TC1800-P-R,"Mining Cone (Order Per Request, Confirm Lead Time First)",,TRUE,1,1180.2,1357.23,1053.75,1211.81,,,,,,,,,,,FALSE,FALSE,FALSE,Standard Rate,Standard Rate,,10,,
TC001-R,Traffic Plastic Post with Rubber Base 1.1M New,,TRUE,1,365.4,420.21,326.25,375.19,,,,,,,,,,,FALSE,FALSE,FALSE,Standard Rate,Standard Rate,,10,,
TC-400-O,Foldaway Type Traffic Cone with Reflective Tape,,TRUE,1,123.2,141.68,110,126.5,,,,,,,,,,,FALSE,FALSE,FALSE,Standard Rate,Standard Rate,,10,,
TC450-P-L,Traffic Cone Soft PVC,,TRUE,1,131.6,151.34,117.5,135.13,,,,,,,,,,,FALSE,FALSE,FALSE,Standard Rate,Standard Rate,,10,,
TC700-P-L,Traffic Cone Soft PVC with Rubber Base,,TRUE,1,224,257.6,200,230,,,,,,,,,,,FALSE,FALSE,FALSE,Standard Rate,Standard Rate,,10,,
EP013-R,Emergency Warning Triangle - Steel,,TRUE,1,63,72.45,21.9125,25.2,,,,,,,,,,,FALSE,FALSE,FALSE,Standard Rate,Standard Rate,,10,,
EP014-R,Emergency Warning Triangle - Plastic,,TRUE,1,116.2,133.63,21.9125,25.2,,,,,,,,,,,FALSE,FALSE,FALSE,Standard Rate,Standard Rate,,10,,
BW01-R,1 Piece Complete Buggy Whip C/W Sleeve and Flag,,TRUE,1,231,265.65,206.25,237.19,,,,,,,,,,,FALSE,FALSE,FALSE,Standard Rate,Standard Rate,,10,,
BW02-R,2 Piece Foldable Buggy Whip C/W Sleeve and Flag,,TRUE,1,273,313.95,243.75,280.31,,,,,,,,,,,FALSE,FALSE,FALSE,Standard Rate,Standard Rate,,10,,
BW03-R,3 Piece Foldable Buggy Whip C/W Sleeve and Flag,,TRUE,1,351.4,404.11,313.75,360.81,,,,,,,,,,,FALSE,FALSE,FALSE,Standard Rate,Standard Rate,,10,,
L002,12V Revolving Light,,TRUE,1,212.8,244.72,190,218.5,,,,,,,,,,,FALSE,FALSE,FALSE,Standard Rate,Standard Rate,,10,,
V023Y,Pioneer ® Reflective Vest with Zip & ID Pouch,,TRUE,1,55,63.25,47.5375,54.67,,,,,,,,,,,FALSE,FALSE,FALSE,Standard Rate,Standard Rate,,10,,
UVH-PR-FRZ-ST,Protech Heavy-Duty Freezer Suit (Jacket & Trousers),,TRUE,1,425,488.75,,0,,,,,,,,,,,FALSE,FALSE,FALSE,Standard Rate,Standard Rate,,10,,
KITCB-5l,Catering Bleach - 5l,,TRUE,1,24,27.6,22,25.3,,,,,,,,,,,FALSE,FALSE,FALSE,Standard Rate,Standard Rate,,10,,
KITCB-25l,Catering Bleach - 25l,,TRUE,1,141,162.15,135,155.25,,,,,,,,,,,FALSE,FALSE,FALSE,Standard Rate,Standard Rate,,10,,
KITDW-5l,Dishwash Contractor - 5l,,TRUE,1,16.5,18.975,15.4,17.71,,,,,,,,,,,FALSE,FALSE,FALSE,Standard Rate,Standard Rate,,10,,
KITDW-25l,Dishwash Contractor - 25l,,TRUE,1,16.5,18.975,15.4,17.71,,,,,,,,,,,FALSE,FALSE,FALSE,Standard Rate,Standard Rate,,10,,
KITDWD-5l,Dishwash Delux - 5l,,TRUE,1,21,24.15,19.6,22.54,,,,,,,,,,,FALSE,FALSE,FALSE,Standard Rate,Standard Rate,,10,,
KITDWD-25l,Dishwash Delux - 25l,,TRUE,1,21,24.15,19.6,22.54,,,,,,,,,,,FALSE,FALSE,FALSE,Standard Rate,Standard Rate,,10,,
KITDWE-5l,Dishwash Maxi - 5l,,TRUE,1,24,27.6,22.4,25.76,,,,,,,,,,,FALSE,FALSE,FALSE,Standard Rate,Standard Rate,,10,,
KITDWE-25l,Dishwash Maxi - 25l,,TRUE,1,24,27.6,22.4,25.76,,,,,,,,,,,FALSE,FALSE,FALSE,Standard Rate,Standard Rate,,10,,
KITABD-5l,Antibac Dishwash Delux - 5l,,TRUE,1,87,100.05,81.2,93.38,,,,,,,,,,,FALSE,FALSE,FALSE,Standard Rate,Standard Rate,,10,,
KITABD-25l,Antibac Dishwash Delux - 25l,,TRUE,1,87,100.05,81.2,93.38,,,,,,,,,,,FALSE,FALSE,FALSE,Standard Rate,Standard Rate,,10,,
KITDWP-5l,Dishwasher Powder - 5l,,TRUE,1,52.8,60.72,49.28,56.67,,,,,,,,,,,FALSE,FALSE,FALSE,Standard Rate,Standard Rate,,10,,
KITDWP-25l,Dishwasher Powder - 25l,,TRUE,1,52.8,60.72,49.28,56.67,,,,,,,,,,,FALSE,FALSE,FALSE,Standard Rate,Standard Rate,,10,,
KITDS-5l,Dishwasher Salt - 5l,,TRUE,1,76.035,87.44025,70.966,81.61,,,,,,,,,,,FALSE,FALSE,FALSE,Standard Rate,Standard Rate,,10,,
KITRA-5l,Dishwasher Rinse Aid - 5l,,TRUE,1,52.5,60.375,49,56.35,,,,,,,,,,,FALSE,FALSE,FALSE,Standard Rate,Standard Rate,,10,,
KITRA-25l,Dishwasher Rinse Aid - 25l,,TRUE,1,52.5,60.375,49,56.35,,,,,,,,,,,FALSE,FALSE,FALSE,Standard Rate,Standard Rate,,10,,
LPTB-5l,Domestix - Thick Bleach - 5l,,TRUE,1,59.25,68.1375,55.3,63.6,,,,,,,,,,,FALSE,FALSE,FALSE,Standard Rate,Standard Rate,,10,,
LPTB-25l,Domestix - Thick Bleach - 25l,,TRUE,1,59.25,68.1375,55.3,63.6,,,,,,,,,,,FALSE,FALSE,FALSE,Standard Rate,Standard Rate,,10,,
KITMT-5l,Multi Task - Surface Cleaner - 5l,,TRUE,1,76.2,87.63,71.12,81.79,,,,,,,,,,,FALSE,FALSE,FALSE,Standard Rate,Standard Rate,,10,,
KITMT-25l,Multi Task - Surface Cleaner - 25l,,TRUE,1,76.2,87.63,71.12,81.79,,,,,,,,,,,FALSE,FALSE,FALSE,Standard Rate,Standard Rate,,10,,
KITSB-5l,Star - All Purpose Cleaner - 5l,,TRUE,1,112.5,129.375,105,120.75,,,,,,,,,,,FALSE,FALSE,FALSE,Standard Rate,Standard Rate,,10,,
KITSB-25l,Star - All Purpose Cleaner - 25l,,TRUE,1,112.5,129.375,105,120.75,,,,,,,,,,,FALSE,FALSE,FALSE,Standard Rate,Standard Rate,,10,,
KITTC-5l,Tile Cleaner - 5l,,TRUE,1,60,69,56,64.4,,,,,,,,,,,FALSE,FALSE,FALSE,Standard Rate,Standard Rate,,10,,
KITTC-25l,Tile Cleaner - 25l,,TRUE,1,60,69,56,64.4,,,,,,,,,,,FALSE,FALSE,FALSE,Standard Rate,Standard Rate,,10,,
KITSC-5l,Surface Cleaner - 5l,,TRUE,1,64.185,73.81275,59.906,68.89,,,,,,,,,,,FALSE,FALSE,FALSE,Standard Rate,Standard Rate,,10,,
KITSC-25l,Surface Cleaner - 25l,,TRUE,1,64.185,73.81275,59.906,68.89,,,,,,,,,,,FALSE,FALSE,FALSE,Standard Rate,Standard Rate,,10,,
KITWC-5l,Window Cleaner - 5l,,TRUE,1,53.85,61.9275,50.26,57.8,,,,,,,,,,,FALSE,FALSE,FALSE,Standard Rate,Standard Rate,,10,,
KITWC-25l,Window Cleaner - 25l,,TRUE,1,53.85,61.9275,50.26,57.8,,,,,,,,,,,FALSE,FALSE,FALSE,Standard Rate,Standard Rate,,10,,
KITOC-5l,Oven Cleaner Caustic - 5l,,TRUE,1,65.7,75.555,50.808,58.43,,,,,,,,,,,FALSE,FALSE,FALSE,Standard Rate,Standard Rate,,10,,
KITOC-25l,Oven Cleaner Caustic - 25l,,TRUE,1,65.7,75.555,50.808,58.43,,,,,,,,,,,FALSE,FALSE,FALSE,Standard Rate,Standard Rate,,10,,
KITCE-5l,Cutting Edge Degreaser - 5l,,TRUE,1,109.695,126.14925,84.8308,97.56,,,,,,,,,,,FALSE,FALSE,FALSE,Standard Rate,Standard Rate,,10,,
KITCE-25l,Cutting Edge Degreaser - 25l,,TRUE,1,109.695,126.14925,84.8308,97.56,,,,,,,,,,,FALSE,FALSE,FALSE,Standard Rate,Standard Rate,,10,,
KITSP-5l,Scouring Powder - 5l,,TRUE,1,119.295,137.18925,92.2548,106.09,,,,,,,,,,,FALSE,FALSE,FALSE,Standard Rate,Standard Rate,,10,,
KITSP-25l,Scouring Powder - 25l,,TRUE,1,119.295,137.18925,92.2548,106.09,,,,,,,,,,,FALSE,FALSE,FALSE,Standard Rate,Standard Rate,,10,,
KITFP-5l,Furniture Polish - 5l,,TRUE,1,157.5,181.125,121.8,140.07,,,,,,,,,,,FALSE,FALSE,FALSE,Standard Rate,Standard Rate,,10,,
KITFP-25l,Furniture Polish - 25l,,TRUE,1,157.5,181.125,121.8,140.07,,,,,,,,,,,FALSE,FALSE,FALSE,Standard Rate,Standard Rate,,10,,
KITAIFCL-5l,Air Fryer Cleaner - 5l,,TRUE,1,5769,6634.35,5245,6031.75,,,,,,,,,,,FALSE,FALSE,FALSE,Standard Rate,Standard Rate,,10,,
KITAIFCL-25l,Air Fryer Cleaner - 25l,,TRUE,1,28958,33301.7,26325,30273.75,,,,,,,,,,,FALSE,FALSE,FALSE,Standard Rate,Standard Rate,,10,,
AFC-5l,Air Freshner Various - 5 Litre,,TRUE,1,60.615,69.70725,50.1084,57.62,,,,,,,,,,,FALSE,FALSE,FALSE,Standard Rate,Standard Rate,,10,,
AFC-25l,Air Freshner Various - 25 Litre,,TRUE,1,60.615,69.70725,50.1084,57.62,,,,,,,,,,,FALSE,FALSE,FALSE,Standard Rate,Standard Rate,,10,,
BAAPGE-5l,Pine Gel - 5 Litre,,TRUE,1,122.97,141.4155,95.0968,109.36,,,,,,,,,,,FALSE,FALSE,FALSE,Standard Rate,Standard Rate,,10,,
BAAPGE-25l,Pine Gel - 25 Litre,,TRUE,1,122.97,141.4155,95.0968,109.36,,,,,,,,,,,FALSE,FALSE,FALSE,Standard Rate,Standard Rate,,10,,
BAACG-5l,Citro Gel - 5 Litre,,TRUE,1,103.5,119.025,80.04,92.05,,,,,,,,,,,FALSE,FALSE,FALSE,Standard Rate,Standard Rate,,10,,
BAACG-25l,Citro Gel - 25 Litre,,TRUE,1,103.5,119.025,80.04,92.05,,,,,,,,,,,FALSE,FALSE,FALSE,Standard Rate,Standard Rate,,10,,
BAACH-5l,Cherry Gel - 5 Litre,,TRUE,1,103.5,119.025,80.04,92.05,,,,,,,,,,,FALSE,FALSE,FALSE,Standard Rate,Standard Rate,,10,,
BAACH-25l,Cherry Gel - 25 Litre,,TRUE,1,103.5,119.025,80.04,92.05,,,,,,,,,,,FALSE,FALSE,FALSE,Standard Rate,Standard Rate,,10,,
BAALG-5l,Lemon Gel - 5 Litre,,TRUE,1,104,119.6,80.04,92.05,,,,,,,,,,,FALSE,FALSE,FALSE,Standard Rate,Standard Rate,,10,,
BAALG-25l,Lemon Gel - 25 Litre,,TRUE,1,104,119.6,80.04,92.05,,,,,,,,,,,FALSE,FALSE,FALSE,Standard Rate,Standard Rate,,10,,
BAASB-5l,Sea Breeze Gel - 5 Litre,,TRUE,1,84.375,97.03125,65.25,75.04,,,,,,,,,,,FALSE,FALSE,FALSE,Standard Rate,Standard Rate,,10,,
BAASB-25l,Sea Breeze Gel - 25 Litre,,TRUE,1,84.375,97.03125,65.25,75.04,,,,,,,,,,,FALSE,FALSE,FALSE,Standard Rate,Standard Rate,,10,,
BAALA-5l,Lavender Gel - 5 Litre,,TRUE,1,84,96.6,64.96,74.7,,,,,,,,,,,FALSE,FALSE,FALSE,Standard Rate,Standard Rate,,10,,
BAALA-25,Lavender Gel - 25 Litre,,TRUE,1,84,96.6,64.96,74.7,,,,,,,,,,,FALSE,FALSE,FALSE,Standard Rate,Standard Rate,,10,,
BAATBC-5l,Toilet Bowl Cleaner - 5 Litre,,TRUE,1,45,51.75,34.8,40.02,,,,,,,,,,,FALSE,FALSE,FALSE,Standard Rate,Standard Rate,,10,,
BAATBC-25l,Toilet Bowl Cleaner - 25 Litre,,TRUE,1,45,51.75,34.8,40.02,,,,,,,,,,,FALSE,FALSE,FALSE,Standard Rate,Standard Rate,,10,,
BAADHSP-5l,Dispenser Hand Soap Cherry - 5 Litre,,TRUE,1,66,75.9,51.04,58.7,,,,,,,,,,,FALSE,FALSE,FALSE,Standard Rate,Standard Rate,,10,,
BAADHSP-25l,Dispenser Hand Soap Cherry - 25 Litre,,TRUE,1,66,75.9,51.04,58.7,,,,,,,,,,,FALSE,FALSE,FALSE,Standard Rate,Standard Rate,,10,,
BAADHSB-5l,Dispenser Hand Soap Sea Breeze - 5 Litre,,TRUE,1,66,75.9,51.04,58.7,,,,,,,,,,,FALSE,FALSE,FALSE,Standard Rate,Standard Rate,,10,,
BAADHSB-25l,Dispenser Hand Soap Sea Breeze - 25 Litre,,TRUE,1,66,75.9,51.04,58.7,,,,,,,,,,,FALSE,FALSE,FALSE,Standard Rate,Standard Rate,,10,,
BAADHSI-5l,Dispenser Hand Soap - 5 Litre,,TRUE,1,66,75.9,51.04,58.7,,,,,,,,,,,FALSE,FALSE,FALSE,Standard Rate,Standard Rate,,10,,
BAADHSI-25l,Dispenser Hand Soap - 25 Litre,,TRUE,1,66,75.9,51.04,58.7,,,,,,,,,,,FALSE,FALSE,FALSE,Standard Rate,Standard Rate,,10,,
BAADHSL-5l,Dispenser Hand Soap Lavender - 5 Litre,,TRUE,1,66,75.9,51.04,58.7,,,,,,,,,,,FALSE,FALSE,FALSE,Standard Rate,Standard Rate,,10,,
BAADHSL-25l,Dispenser Hand Soap Lavender - 25 Litre,,TRUE,1,66,75.9,51.04,58.7,,,,,,,,,,,FALSE,FALSE,FALSE,Standard Rate,Standard Rate,,10,,
BAADHSH-5l,Dispenser Hand Soap Herbal - 5 Litre,,TRUE,1,66,75.9,51.04,58.7,,,,,,,,,,,FALSE,FALSE,FALSE,Standard Rate,Standard Rate,,10,,
BAADHSH-25l,Dispenser Hand Soap Herbal - 25 Litre,,TRUE,1,66,75.9,51.04,58.7,,,,,,,,,,,FALSE,FALSE,FALSE,Standard Rate,Standard Rate,,10,,
BAASG-5l,Shower Gel - 5 Litre,,TRUE,1,69.375,79.78125,53.65,61.7,,,,,,,,,,,FALSE,FALSE,FALSE,Standard Rate,Standard Rate,,10,,
BAASG-25l,Shower Gel - 25 Litre,,TRUE,1,69.375,79.78125,53.65,61.7,,,,,,,,,,,FALSE,FALSE,FALSE,Standard Rate,Standard Rate,,10,,
BAABB-5l,Bubble Bath - 5 Litre,,TRUE,1,84.375,97.03125,65.25,75.04,,,,,,,,,,,FALSE,FALSE,FALSE,Standard Rate,Standard Rate,,10,,
BAABB-25l,Bubble Bath - 25 Litre,,TRUE,1,84.375,97.03125,65.25,75.04,,,,,,,,,,,FALSE,FALSE,FALSE,Standard Rate,Standard Rate,,10,,
BAADBBLU-5l-B,Deo Blocks. - 5 Litre,,TRUE,1,271.875,312.65625,210.25,241.79,,,,,,,,,,,FALSE,FALSE,FALSE,Standard Rate,Standard Rate,,10,,
BAADBBLU-25l-B,Deo Blocks. - 25 Litre,,TRUE,1,271.875,312.65625,210.25,241.79,,,,,,,,,,,FALSE,FALSE,FALSE,Standard Rate,Standard Rate,,10,,
BAADBPIN-5l-P,Deo Blocks. - 5 Litre,,TRUE,1,271.875,312.65625,210.25,241.79,,,,,,,,,,,FALSE,FALSE,FALSE,Standard Rate,Standard Rate,,10,,
BAADBPIN-25l-P,Deo Blocks. - 25 Litre,,TRUE,1,271.875,312.65625,210.25,241.79,,,,,,,,,,,FALSE,FALSE,FALSE,Standard Rate,Standard Rate,,10,,
BAADC-5l,Drain Cleaner - 5 Litre,,TRUE,1,76.2,87.63,58.928,67.77,,,,,,,,,,,FALSE,FALSE,FALSE,Standard Rate,Standard Rate,,10,,
BAADC-25l,Drain Cleaner - 25 Litre,,TRUE,1,76.2,87.63,58.928,67.77,,,,,,,,,,,FALSE,FALSE,FALSE,Standard Rate,Standard Rate,,10,,
BAADCA-5l,Acid Drain Cleaner - 5 Litre,,TRUE,1,91.68,105.432,70.8992,81.53,,,,,,,,,,,FALSE,FALSE,FALSE,Standard Rate,Standard Rate,,10,,
BAADCA-25l,Acid Drain Cleaner - 25 Litre,,TRUE,1,91.68,105.432,70.8992,81.53,,,,,,,,,,,FALSE,FALSE,FALSE,Standard Rate,Standard Rate,,10,,
BAACSF-5l,Drain Cleaner Caustic - 5kg,,TRUE,1,379.515,436.44225,293.4916,337.52,,,,,,,,,,,FALSE,FALSE,FALSE,Standard Rate,Standard Rate,,10,,
BAAPP-5l,Porto Pit - 5 Litre,,TRUE,1,95.085,109.34775,73.5324,84.56,,,,,,,,,,,FALSE,FALSE,FALSE,Standard Rate,Standard Rate,,10,,
BAAPP-25l,Porto Pit - 25 Litre,,TRUE,1,95.085,109.34775,73.5324,84.56,,,,,,,,,,,FALSE,FALSE,FALSE,Standard Rate,Standard Rate,,10,,
BAABM-5l,Mac - 5 Litre,,TRUE,1,208.725,240.03375,161.414,185.63,,,,,,,,,,,FALSE,FALSE,FALSE,Standard Rate,Standard Rate,,10,,
BAABM-25l,Mac - 25 Litre,,TRUE,1,208.725,240.03375,161.414,185.63,,,,,,,,,,,FALSE,FALSE,FALSE,Standard Rate,Standard Rate,,10,,
LPB35-5l,Bleach 3.5% - 5 Litre,,TRUE,1,4281,4923.15,35,40.25,,,,,,,,,,,FALSE,FALSE,FALSE,Standard Rate,Standard Rate,,10,,
LPB35-25l,Bleach 3.5% - 25 Litre,,TRUE,1,22572,25957.8,190,218.5,,,,,,,,,,,FALSE,FALSE,FALSE,Standard Rate,Standard Rate,,10,,
LPB5-5l,Bleach 5% - 5 Litre,,TRUE,1,54,62.1,41.76,48.02,,,,,,,,,,,FALSE,FALSE,FALSE,Standard Rate,Standard Rate,,10,,
LPB5-25l,Bleach 5% 25 Litre - 25 Litre,,TRUE,1,54,62.1,41.76,48.02,,,,,,,,,,,FALSE,FALSE,FALSE,Standard Rate,Standard Rate,,10,,
LPBP-5,Colour Fast Bleach - 5 Litre,,TRUE,1,67.5,77.625,52.2,60.03,,,,,,,,,,,FALSE,FALSE,FALSE,Standard Rate,Standard Rate,,10,,
LPBP-25l,Colour Fast Bleach - 25 Litre,,TRUE,1,67.5,77.625,52.2,60.03,,,,,,,,,,,FALSE,FALSE,FALSE,Standard Rate,Standard Rate,,10,,
LPBSR-5l,Blood Stain Remover - 5 Litre,,TRUE,1,170.04,195.546,131.4976,151.22,,,,,,,,,,,FALSE,FALSE,FALSE,Standard Rate,Standard Rate,,10,,
LPBSR-25l,Blood Stain Remover - 25 Litre,,TRUE,1,170.04,195.546,131.4976,151.22,,,,,,,,,,,FALSE,FALSE,FALSE,Standard Rate,Standard Rate,,10,,
LPFS-5l,Fabric Softner - 5 Litre,,TRUE,1,72.15,82.9725,67,77.05,,,,,,,,,,,FALSE,FALSE,FALSE,Standard Rate,Standard Rate,,10,,
LPFS-25l,Fabric Softner - 25 Litre,,TRUE,1,72.15,82.9725,67,77.05,,,,,,,,,,,FALSE,FALSE,FALSE,Standard Rate,Standard Rate,,10,,
LPLL-5l,Liquid Laundry - 5 Litre,,TRUE,1,119.775,137.74125,92.626,106.52,,,,,,,,,,,FALSE,FALSE,FALSE,Standard Rate,Standard Rate,,10,,
LPLL-25l,Liquid Laundry - 25 Litre,,TRUE,1,119.775,137.74125,92.626,106.52,,,,,,,,,,,FALSE,FALSE,FALSE,Standard Rate,Standard Rate,,10,,
LPHOC-5l,Overall & Hostel Cleaner - 5 Litre,,TRUE,1,74.265,85.40475,57.4316,66.05,,,,,,,,,,,FALSE,FALSE,FALSE,Standard Rate,Standard Rate,,10,,
LPHOC-25l,Overall & Hostel Cleaner - 25 Litre,,TRUE,1,74.265,85.40475,57.4316,66.05,,,,,,,,,,,FALSE,FALSE,FALSE,Standard Rate,Standard Rate,,10,,
LPLS-5l,Laundry Neutralizer - 5 Litre,,TRUE,1,121,139.15,108,124.2,,,,,,,,,,,FALSE,FALSE,FALSE,Standard Rate,Standard Rate,,10,,
LPLS-25l,Laundry Neutralizer - 25 Litre,,TRUE,1,121,139.15,108,124.2,,,,,,,,,,,FALSE,FALSE,FALSE,Standard Rate,Standard Rate,,10,,
LPAB-5l,Laundry Booster - 5 Litre,,TRUE,1,88.5,101.775,68.44,78.71,,,,,,,,,,,FALSE,FALSE,FALSE,Standard Rate,Standard Rate,,10,,
LPAB-25l,Laundry Booster - 25 Litre,,TRUE,1,88.5,101.775,68.44,78.71,,,,,,,,,,,FALSE,FALSE,FALSE,Standard Rate,Standard Rate,,10,,
LPSC-5l,Spot Cleaner / Remover - 5 Litre,,TRUE,1,53,60.95,47,54.05,,,,,,,,,,,FALSE,FALSE,FALSE,Standard Rate,Standard Rate,,10,,
LPSC-25l,Spot Cleaner / Remover - 25 Litre,,TRUE,1,263,302.45,230,264.5,,,,,,,,,,,FALSE,FALSE,FALSE,Standard Rate,Standard Rate,,10,,
LPOB-5l,Oxygen Stain Remover - 5 Litre,,TRUE,1,298.1125,342.829375,276.6484,318.15,,,,,,,,,,,FALSE,FALSE,FALSE,Standard Rate,Standard Rate,,10,,
LPOB-25l,Oxygen Stain Remover - 25 Litre,,TRUE,1,298.1125,342.829375,276.6484,318.15,,,,,,,,,,,FALSE,FALSE,FALSE,Standard Rate,Standard Rate,,10,,
LPCRY-1kg,Washing Powder Crystal - 1kg,,TRUE,1,30,34.5,23.2,26.68,,,,,,,,,,,FALSE,FALSE,FALSE,Standard Rate,Standard Rate,,10,,
LPCRY-5kg,Washing Powder Crystal - 5kg,,TRUE,1,30,34.5,23.2,26.68,,,,,,,,,,,FALSE,FALSE,FALSE,Standard Rate,Standard Rate,,10,,
LPCRY-10kg,Washing Powder Crystal - 10kg,,TRUE,1,30,34.5,23.2,26.68,,,,,,,,,,,FALSE,FALSE,FALSE,Standard Rate,Standard Rate,,10,,
LPCRY-25kg,Washing Powder Crystal - 25kg,,TRUE,1,30,34.5,23.2,26.68,,,,,,,,,,,FALSE,FALSE,FALSE,Standard Rate,Standard Rate,,10,,
LPBUD-1kg,Washing Powder Buddy - 1kg,,TRUE,1,34.74,39.951,26.8656,30.9,,,,,,,,,,,FALSE,FALSE,FALSE,Standard Rate,Standard Rate,,10,,
LPBUD-5kg,Washing Powder Buddy - 5kg,,TRUE,1,34.74,39.951,26.8656,30.9,,,,,,,,,,,FALSE,FALSE,FALSE,Standard Rate,Standard Rate,,10,,
LPBUD-10kg,Washing Powder Buddy - 10kg,,TRUE,1,34.74,39.951,26.8656,30.9,,,,,,,,,,,FALSE,FALSE,FALSE,Standard Rate,Standard Rate,,10,,
LPBUD-25kg,Washing Powder Buddy - 25kg,,TRUE,1,34.74,39.951,26.8656,30.9,,,,,,,,,,,FALSE,FALSE,FALSE,Standard Rate,Standard Rate,,10,,
DEGGB-UVH,Grease Buster - 5 Litre,,TRUE,1,56.28,64.722,43.5232,50.05,,,,,,,,,,,FALSE,FALSE,FALSE,Standard Rate,Standard Rate,,10,,
DEGGB-UVH2,Grease Buster - 25 Litre,,TRUE,1,56.28,64.722,43.5232,50.05,,,,,,,,,,,FALSE,FALSE,FALSE,Standard Rate,Standard Rate,,10,,
DEGGB-UVH3,Grease Buster - 210 Litre,,TRUE,1,56.28,64.722,43.5232,50.05,,,,,,,,,,,FALSE,FALSE,FALSE,Standard Rate,Standard Rate,,10,,
DEGGB,Grease Buster - 1000 Litre,,TRUE,1,56.28,64.722,43.5232,50.05,,,,,,,,,,,FALSE,FALSE,FALSE,Standard Rate,Standard Rate,,10,,
DEGGBP-UVH1,Grease Buster Plus 5 Litre,,TRUE,1,95.205,109.48575,73.6252,84.67,,,,,,,,,,,FALSE,FALSE,FALSE,Standard Rate,Standard Rate,,10,,
DEGGBP-UVH2,Grease Buster Plus 25 Litre,,TRUE,1,95.205,109.48575,73.6252,84.67,,,,,,,,,,,FALSE,FALSE,FALSE,Standard Rate,Standard Rate,,10,,
DEGGBP-UVH3,Grease Buster Plus 210 Litre,,TRUE,1,95.205,109.48575,73.6252,84.67,,,,,,,,,,,FALSE,FALSE,FALSE,Standard Rate,Standard Rate,,10,,
DEGGBP-UVH4,"Grease Buster Plus 1,000 Litre",,TRUE,1,95.205,109.48575,73.6252,84.67,,,,,,,,,,,FALSE,FALSE,FALSE,Standard Rate,Standard Rate,,10,,
DEGPPP-UVH5,Power Degreaser Ppp 5 Litre,,TRUE,1,95.205,109.48575,73.6252,84.67,,,,,,,,,,,FALSE,FALSE,FALSE,Standard Rate,Standard Rate,,10,,
DEGPPP-UVH6,Power Degreaser Ppp 25 Litre,,TRUE,1,95.205,109.48575,73.6252,84.67,,,,,,,,,,,FALSE,FALSE,FALSE,Standard Rate,Standard Rate,,10,,
DEGPPP-UVH7,Power Degreaser Ppp 210 Litre,,TRUE,1,95.205,109.48575,73.6252,84.67,,,,,,,,,,,FALSE,FALSE,FALSE,Standard Rate,Standard Rate,,10,,
DEGPPP-UVH8,"Power Degreaser Ppp 1,000 Litre",,TRUE,1,95.205,109.48575,73.6252,84.67,,,,,,,,,,,FALSE,FALSE,FALSE,Standard Rate,Standard Rate,,10,,
DEGPF-UVH1,Power Force Degreaser 5 Litre,,TRUE,1,63.96,73.554,49.4624,56.88,,,,,,,,,,,FALSE,FALSE,FALSE,Standard Rate,Standard Rate,,10,,
DEGPF-UVH2,Power Force Degreaser 25 Litre,,TRUE,1,63.96,73.554,49.4624,56.88,,,,,,,,,,,FALSE,FALSE,FALSE,Standard Rate,Standard Rate,,10,,
DEGPF-UVH3,Power Force Degreaser 210 Litre,,TRUE,1,63.96,73.554,49.4624,56.88,,,,,,,,,,,FALSE,FALSE,FALSE,Standard Rate,Standard Rate,,10,,
DEGPF-UVH4,"Power Force Degreaser 1,000 Litre",,TRUE,1,63.96,73.554,49.4624,56.88,,,,,,,,,,,FALSE,FALSE,FALSE,Standard Rate,Standard Rate,,10,,
DEGHP-UVH1,Hi Ph Degreaser 5 Litre,,TRUE,1,102.795,118.21425,79.4948,91.42,,,,,,,,,,,FALSE,FALSE,FALSE,Standard Rate,Standard Rate,,10,,
DEGHP-UVH2,Hi Ph Degreaser 25 Litre,,TRUE,1,102.795,118.21425,79.4948,91.42,,,,,,,,,,,FALSE,FALSE,FALSE,Standard Rate,Standard Rate,,10,,
DEGHP-UVH3,Hi Ph Degreaser 210 Litre,,TRUE,1,102.795,118.21425,79.4948,91.42,,,,,,,,,,,FALSE,FALSE,FALSE,Standard Rate,Standard Rate,,10,,
DEGHP-UVH4,"Hi Ph Degreaser 1,000 Litre",,TRUE,1,102.795,118.21425,79.4948,91.42,,,,,,,,,,,FALSE,FALSE,FALSE,Standard Rate,Standard Rate,,10,,
DEG4007-UVH1,4007 Degreaser 5 Litre,,TRUE,1,95,109.25,82,94.3,,,,,,,,,,,FALSE,FALSE,FALSE,Standard Rate,Standard Rate,,10,,
DEG4007-UVH2,4007 Degreaser 25 Litre,,TRUE,1,95,109.25,82,94.3,,,,,,,,,,,FALSE,FALSE,FALSE,Standard Rate,Standard Rate,,10,,
DEG4007-UVH3,4007 Degreaser 210 Litre,,TRUE,1,95,109.25,82,94.3,,,,,,,,,,,FALSE,FALSE,FALSE,Standard Rate,Standard Rate,,10,,
DEG4007-UVH4,"4007 Degreaser 1,000 Litre",,TRUE,1,95,109.25,82,94.3,,,,,,,,,,,FALSE,FALSE,FALSE,Standard Rate,Standard Rate,,10,,
DEGHD-UVH1,HD Clean Degreaser 5 Litre,,TRUE,1,48,55.2,42.5,48.88,,,,,,,,,,,FALSE,FALSE,FALSE,Standard Rate,Standard Rate,,10,,
DEGHD-UVH2,HD Clean Degreaser 25 Litre,,TRUE,1,48,55.2,42.5,48.88,,,,,,,,,,,FALSE,FALSE,FALSE,Standard Rate,Standard Rate,,10,,
DEGHD-UVH3,HD Clean Degreaser 210 Litre,,TRUE,1,48,55.2,42.5,48.88,,,,,,,,,,,FALSE,FALSE,FALSE,Standard Rate,Standard Rate,,10,,
DEGHD-UVH4,HD Clean Degreaser 1000 Litre,,TRUE,1,48,55.2,42.5,48.88,,,,,,,,,,,FALSE,FALSE,FALSE,Standard Rate,Standard Rate,,10,,
DEGSD-UVH1,Solvent Degreaser 5 Litre,,TRUE,1,260,299,256.716,295.22,,,,,,,,,,,FALSE,FALSE,FALSE,Standard Rate,Standard Rate,,10,,
DEGSD-UVH2,Solvent Degreaser 25 Litre,,TRUE,1,260,299,256.716,295.22,,,,,,,,,,,FALSE,FALSE,FALSE,Standard Rate,Standard Rate,,10,,
DEGSD-UVH3,Solvent Degreaser 210 Litre,,TRUE,1,260,299,256.716,295.22,,,,,,,,,,,FALSE,FALSE,FALSE,Standard Rate,Standard Rate,,10,,
DEGSD-UVH4,"Solvent Degreaser 1,000 Litre",,TRUE,1,260,299,256.716,295.22,,,,,,,,,,,FALSE,FALSE,FALSE,Standard Rate,Standard Rate,,10,,
DEGBC-UVH1,Braai Cleaner 5 Litre,,TRUE,1,52,59.8,46,52.9,,,,,,,,,,,FALSE,FALSE,FALSE,Standard Rate,Standard Rate,,10,,
DEGBC-UVH2,Braai Cleaner 25 Litre,,TRUE,1,52,59.8,46,52.9,,,,,,,,,,,FALSE,FALSE,FALSE,Standard Rate,Standard Rate,,10,,
DEGSW-UVH1,Solar Wash 5 Litre,,TRUE,1,52,59.8,51.66,59.41,,,,,,,,,,,FALSE,FALSE,FALSE,Standard Rate,Standard Rate,,10,,
DEGSW-UVH2,Solar Wash 25 Litre,,TRUE,1,52,59.8,51.66,59.41,,,,,,,,,,,FALSE,FALSE,FALSE,Standard Rate,Standard Rate,,10,,
DEGB1P-UVH1,Blood & Protein Clean (20x) 5 Litre,,TRUE,1,1705,1960.75,160,184,,,,,,,,,,,FALSE,FALSE,FALSE,Standard Rate,Standard Rate,,10,,
DEGB2P-UVH2,Blood & Protein Clean (20x) 25 Litre,,TRUE,1,858,986.7,780,897,,,,,,,,,,,FALSE,FALSE,FALSE,Standard Rate,Standard Rate,,10,,
DEGEG-UVH1,Enviro 5 Litre,,TRUE,1,90,103.5,82.416,94.78,,,,,,,,,,,FALSE,FALSE,FALSE,Standard Rate,Standard Rate,,10,,
DEGEG-UVH2,Enviro 25 Litre,,TRUE,1,90,103.5,82.416,94.78,,,,,,,,,,,FALSE,FALSE,FALSE,Standard Rate,Standard Rate,,10,,
DEGEG-UVH3,Enviro 210 Litre,,TRUE,1,90,103.5,82.416,94.78,,,,,,,,,,,FALSE,FALSE,FALSE,Standard Rate,Standard Rate,,10,,
SPECCR-5l,Cement Cleaner - 5 Litre,,TRUE,1,78.75,90.5625,73.5,84.53,,,,,,,,,,,FALSE,FALSE,FALSE,Standard Rate,Standard Rate,,10,,
SPECCR-25l,Cement Cleaner - 25 Litre,,TRUE,1,78.75,90.5625,73.5,84.53,,,,,,,,,,,FALSE,FALSE,FALSE,Standard Rate,Standard Rate,,10,,
SPECON-5l,Concrete Cleaner - 5 Litre,,TRUE,1,94.245,108.38175,87.962,101.16,,,,,,,,,,,FALSE,FALSE,FALSE,Standard Rate,Standard Rate,,10,,
SPECON-25l,Concrete Cleaner - 25 Litre,,TRUE,1,94.245,108.38175,87.962,101.16,,,,,,,,,,,FALSE,FALSE,FALSE,Standard Rate,Standard Rate,,10,,
SPECMS-5l,Coloured Meths - 5 Litre,,TRUE,1,328.5,377.775,306.6,352.59,,,,,,,,,,,FALSE,FALSE,FALSE,Standard Rate,Standard Rate,,10,,
SPECMS-25l,Coloured Meths - 25 Litre,,TRUE,1,328.5,377.775,306.6,352.59,,,,,,,,,,,FALSE,FALSE,FALSE,Standard Rate,Standard Rate,,10,,
SPECLT-5l,Lacquer Thinners - 5 Litre,,TRUE,1,315,362.25,294,338.1,,,,,,,,,,,FALSE,FALSE,FALSE,Standard Rate,Standard Rate,,10,,
SPECLT-25l,Lacquer Thinners - 25 Litre,,TRUE,1,315,362.25,294,338.1,,,,,,,,,,,FALSE,FALSE,FALSE,Standard Rate,Standard Rate,,10,,
SPECAT-5l,Acetone - 5 Litre,,TRUE,1,267.3,307.395,249.48,286.9,,,,,,,,,,,FALSE,FALSE,FALSE,Standard Rate,Standard Rate,,10,,
SPECAT-25l,Acetone - 25 Litre,,TRUE,1,267.3,307.395,249.48,286.9,,,,,,,,,,,FALSE,FALSE,FALSE,Standard Rate,Standard Rate,,10,,
SPECDS-5l,Descaler (Dox) - 5 Litre,,TRUE,1,68.25,78.4875,63.7,73.26,,,,,,,,,,,FALSE,FALSE,FALSE,Standard Rate,Standard Rate,,10,,
SPECDS-25l,Descaler (Dox) - 25 Litre,,TRUE,1,68.25,78.4875,63.7,73.26,,,,,,,,,,,FALSE,FALSE,FALSE,Standard Rate,Standard Rate,,10,,
SPECWK-5l,Weed Killer - 5 Litre,,TRUE,1,73.5,84.525,68.6,78.89,,,,,,,,,,,FALSE,FALSE,FALSE,Standard Rate,Standard Rate,,10,,
FCPS15-5l,Polymer Sealer 15% - 5 Litre,,TRUE,1,209.82,241.293,195.832,225.21,,,,,,,,,,,FALSE,FALSE,FALSE,Standard Rate,Standard Rate,,10,,
FCPS15-25,Polymer Sealer 15% - 25 Litre,,TRUE,1,209.82,241.293,195.832,225.21,,,,,,,,,,,FALSE,FALSE,FALSE,Standard Rate,Standard Rate,,10,,
FCPS18-5l,Polymer Sealer 18% - 5 Litre,,TRUE,1,269.715,310.17225,251.734,289.49,,,,,,,,,,,FALSE,FALSE,FALSE,Standard Rate,Standard Rate,,10,,
FCPS18-25,Polymer Sealer 18% - 25 Litre,,TRUE,1,269.715,310.17225,251.734,289.49,,,,,,,,,,,FALSE,FALSE,FALSE,Standard Rate,Standard Rate,,10,,
FCPS24-5l,Polymer Sealer 25% - 5 Litre,,TRUE,1,290.625,334.21875,271.25,311.94,,,,,,,,,,,FALSE,FALSE,FALSE,Standard Rate,Standard Rate,,10,,
FCPS24-25,Polymer Sealer 25% - 25 Litre,,TRUE,1,290.625,334.21875,271.25,311.94,,,,,,,,,,,FALSE,FALSE,FALSE,Standard Rate,Standard Rate,,10,,
FCMS-5l,Mop & Shine - 5 Litre,,TRUE,1,68.97,79.3155,64.372,74.03,,,,,,,,,,,FALSE,FALSE,FALSE,Standard Rate,Standard Rate,,10,,
FCMS-25,Mop & Shine - 25 Litre,,TRUE,1,68.97,79.3155,64.372,74.03,,,,,,,,,,,FALSE,FALSE,FALSE,Standard Rate,Standard Rate,,10,,
FCWFL-5l,Floor Wax Lavender - 5 Litre,,TRUE,1,280.26,322.299,261.576,300.81,,,,,,,,,,,FALSE,FALSE,FALSE,Standard Rate,Standard Rate,,10,,
FCWFL-25,Floor Wax Lavender - 25 Litre,,TRUE,1,280.26,322.299,261.576,300.81,,,,,,,,,,,FALSE,FALSE,FALSE,Standard Rate,Standard Rate,,10,,
FCFWW-5l-W,Floor Wax - 5 Litre,,TRUE,1,280.26,322.299,261.576,300.81,,,,,,,,,,,FALSE,FALSE,FALSE,Standard Rate,Standard Rate,,10,,
FCFWW-25-W,Floor Wax - 25 Litre,,TRUE,1,280.26,322.299,261.576,300.81,,,,,,,,,,,FALSE,FALSE,FALSE,Standard Rate,Standard Rate,,10,,
FCFWR-5l-R,Floor Wax - 5 Litre,,TRUE,1,280.26,322.299,261.576,300.81,,,,,,,,,,,FALSE,FALSE,FALSE,Standard Rate,Standard Rate,,10,,
FCFWR-25-R,Floor Wax - 25 Litre,,TRUE,1,280.26,322.299,261.576,300.81,,,,,,,,,,,FALSE,FALSE,FALSE,Standard Rate,Standard Rate,,10,,
FCWB-5l-BLK,Floor Wax - 5 Litre,,TRUE,1,280.26,322.299,261.576,300.81,,,,,,,,,,,FALSE,FALSE,FALSE,Standard Rate,Standard Rate,,10,,
FCWB-25-BLK,Floor Wax - 25 Litre,,TRUE,1,280.26,322.299,261.576,300.81,,,,,,,,,,,FALSE,FALSE,FALSE,Standard Rate,Standard Rate,,10,,
FCASLF-5l,Autoscrub Low Foam - 5 Litre,,TRUE,1,62.04,71.346,57.904,66.59,,,,,,,,,,,FALSE,FALSE,FALSE,Standard Rate,Standard Rate,,10,,
FCASLF-25,Autoscrub Low Foam - 25 Litre,,TRUE,1,62.04,71.346,57.904,66.59,,,,,,,,,,,FALSE,FALSE,FALSE,Standard Rate,Standard Rate,,10,,
FCSA-5l,Stripper Ammoniated - 5 Litre,,TRUE,1,58.5,67.275,54.6,62.79,,,,,,,,,,,FALSE,FALSE,FALSE,Standard Rate,Standard Rate,,10,,
FCSA-25,Stripper Ammoniated - 25 Litre,,TRUE,1,58.5,67.275,54.6,62.79,,,,,,,,,,,FALSE,FALSE,FALSE,Standard Rate,Standard Rate,,10,,
FCNA-5l,Stripper Non Ammoniated - 5 Litre,,TRUE,1,55.14,63.411,51.464,59.18,,,,,,,,,,,FALSE,FALSE,FALSE,Standard Rate,Standard Rate,,10,,
FCNA-25,Stripper Non Ammoniated - 25 Litre,,TRUE,1,55.14,63.411,51.464,59.18,,,,,,,,,,,FALSE,FALSE,FALSE,Standard Rate,Standard Rate,,10,,
FCLFX-5l,Carpet Cleaner Lfx - 5 Litre,,TRUE,1,67.5,77.625,63,72.45,,,,,,,,,,,FALSE,FALSE,FALSE,Standard Rate,Standard Rate,,10,,
FCLFX-25,Carpet Cleaner Lfx - 25 Litre,,TRUE,1,67.5,77.625,63,72.45,,,,,,,,,,,FALSE,FALSE,FALSE,Standard Rate,Standard Rate,,10,,
FCLC-5l,Laminate Floor Cleaner - 5 Litre,,TRUE,1,84,96.6,78.4,90.16,,,,,,,,,,,FALSE,FALSE,FALSE,Standard Rate,Standard Rate,,10,,
AMCS-5l,Car Shampoo - 5 Litre,,TRUE,1,63.45,72.9675,59.22,68.1,,,,,,,,,,,FALSE,FALSE,FALSE,Standard Rate,Standard Rate,,10,,
AMCS-25l,Car Shampoo - 25 Litre,,TRUE,1,63.45,72.9675,59.22,68.1,,,,,,,,,,,FALSE,FALSE,FALSE,Standard Rate,Standard Rate,,10,,
AMCWW-5l,Car Wash & Wax - 5 Litre,,TRUE,1,76.5,87.975,71.4,82.11,,,,,,,,,,,FALSE,FALSE,FALSE,Standard Rate,Standard Rate,,10,,
AMCWW-25l,Car Wash & Wax - 25 Litre,,TRUE,1,76.5,87.975,71.4,82.11,,,,,,,,,,,FALSE,FALSE,FALSE,Standard Rate,Standard Rate,,10,,
AMXMD-5l,Xmdsnow - Foaming Shampoo - 5 Litre,,TRUE,1,97.5,112.125,91,104.65,,,,,,,,,,,FALSE,FALSE,FALSE,Standard Rate,Standard Rate,,10,,
AMXMD-25l,Xmdsnow - Foaming Shampoo - 25 Litre,,TRUE,1,97.5,112.125,91,104.65,,,,,,,,,,,FALSE,FALSE,FALSE,Standard Rate,Standard Rate,,10,,
AMEC-5l,Engine Cleaner - 5 Litre,,TRUE,1,51.405,59.11575,47.978,55.17,,,,,,,,,,,FALSE,FALSE,FALSE,Standard Rate,Standard Rate,,10,,
AMEC-25l,Engine Cleaner - 25 Litre,,TRUE,1,51.405,59.11575,47.978,55.17,,,,,,,,,,,FALSE,FALSE,FALSE,Standard Rate,Standard Rate,,10,,
AMTR-5l,Tar Remover - 5 Litre,,TRUE,1,424.32,487.968,396.032,455.44,,,,,,,,,,,FALSE,FALSE,FALSE,Standard Rate,Standard Rate,,10,,
AMTR-25l,Tar Remover - 25 Litre,,TRUE,1,424.32,487.968,396.032,455.44,,,,,,,,,,,FALSE,FALSE,FALSE,Standard Rate,Standard Rate,,10,,
AMLFX-5l,Upholstery Cleaner - 5 Litre,,TRUE,1,89.595,103.03425,83.622,96.17,,,,,,,,,,,FALSE,FALSE,FALSE,Standard Rate,Standard Rate,,10,,
AMLFX-25l,Upholstery Cleaner - 25 Litre,,TRUE,1,89.595,103.03425,83.622,96.17,,,,,,,,,,,FALSE,FALSE,FALSE,Standard Rate,Standard Rate,,10,,
AMHGTS-5l-UVH1,Hi Gloss Tyre Shine Liquid - 5 Litre,,TRUE,1,150.195,172.72425,114,131.1,,,,,,,,,,,FALSE,FALSE,FALSE,Standard Rate,Standard Rate,,10,,
AMHGTS-25l-UVH2,Hi Gloss Tyre Shine Liquid - 25 Litre,,TRUE,1,150.195,172.72425,570,655.5,,,,,,,,,,,FALSE,FALSE,FALSE,Standard Rate,Standard Rate,,10,,
AMHGTS-5l,Hi Gloss Tyre Shine Gel - 5 Litre,,TRUE,1,150.195,172.72425,125,143.75,,,,,,,,,,,FALSE,FALSE,FALSE,Standard Rate,Standard Rate,,10,,
AMHGTS-25l,Hi Gloss Tyre Shine Gel - 25 Litre,,TRUE,1,150.195,172.72425,650,747.5,,,,,,,,,,,FALSE,FALSE,FALSE,Standard Rate,Standard Rate,,10,,
AMSTS-5l,Silicone Tyre Shine - 5 Litre,,TRUE,1,506.25,582.1875,472.5,543.38,,,,,,,,,,,FALSE,FALSE,FALSE,Standard Rate,Standard Rate,,10,,
AMSTS-25l,Silicone Tyre Shine - 25 Litre,,TRUE,1,506.25,582.1875,472.5,543.38,,,,,,,,,,,FALSE,FALSE,FALSE,Standard Rate,Standard Rate,,10,,
AMCGC-5l,Car Gloss Cherry - 5 Litre,,TRUE,1,127.5,146.625,119,136.85,,,,,,,,,,,FALSE,FALSE,FALSE,Standard Rate,Standard Rate,,10,,
AMCGC-25l,Car Gloss Cherry - 25 Litre,,TRUE,1,127.5,146.625,119,136.85,,,,,,,,,,,FALSE,FALSE,FALSE,Standard Rate,Standard Rate,,10,,
AMCGL-5l,Car Gloss Lavender - 5 Litre,,TRUE,1,127.5,146.625,119,136.85,,,,,,,,,,,FALSE,FALSE,FALSE,Standard Rate,Standard Rate,,10,,
AMCGL-25l,Car Gloss Lavender - 25 Litre,,TRUE,1,127.5,146.625,119,136.85,,,,,,,,,,,FALSE,FALSE,FALSE,Standard Rate,Standard Rate,,10,,
AMTP-5l,Tyre Paint - 5 Litre,,TRUE,1,115.5,132.825,107.8,123.97,,,,,,,,,,,FALSE,FALSE,FALSE,Standard Rate,Standard Rate,,10,,
AMTP-25l,Tyre Paint - 25 Litre,,TRUE,1,115.5,132.825,107.8,123.97,,,,,,,,,,,FALSE,FALSE,FALSE,Standard Rate,Standard Rate,,10,,
AMTD-5l,Tyre/Dash Shine - 5 Litre,,TRUE,1,157.5,181.125,147,169.05,,,,,,,,,,,FALSE,FALSE,FALSE,Standard Rate,Standard Rate,,10,,
AMTD-25l,Tyre/Dash Shine - 25 Litre,,TRUE,1,157.5,181.125,147,169.05,,,,,,,,,,,FALSE,FALSE,FALSE,Standard Rate,Standard Rate,,10,,
AMSRS-5l,Showroom Shine - 5 Litre,,TRUE,1,120,138,112,128.8,,,,,,,,,,,FALSE,FALSE,FALSE,Standard Rate,Standard Rate,,10,,
AMSRS-25l,Showroom Shine - 25 Litre,,TRUE,1,120,138,112,128.8,,,,,,,,,,,FALSE,FALSE,FALSE,Standard Rate,Standard Rate,,10,,
AMMWC-5l,Mag Wheel Cleaner - 5 Litre,,TRUE,1,56.16,64.584,52.416,60.28,,,,,,,,,,,FALSE,FALSE,FALSE,Standard Rate,Standard Rate,,10,,
AMMWC-25l,Mag Wheel Cleaner - 25 Litre,,TRUE,1,56.16,64.584,52.416,60.28,,,,,,,,,,,FALSE,FALSE,FALSE,Standard Rate,Standard Rate,,10,,
AMCP-5l,Shield Car Polish - 5 Litre,,TRUE,1,562.5,646.875,525,603.75,,,,,,,,,,,FALSE,FALSE,FALSE,Standard Rate,Standard Rate,,10,,
AMLC-5l,Leather Care - 5 Litre,,TRUE,1,165,189.75,154,177.1,,,,,,,,,,,FALSE,FALSE,FALSE,Standard Rate,Standard Rate,,10,,
AMLC-25l,Leather Care - 25 Litre,,TRUE,1,165,189.75,154,177.1,,,,,,,,,,,FALSE,FALSE,FALSE,Standard Rate,Standard Rate,,10,,
AMAF-5l,Anti Freeze - 5 Litre,,TRUE,1,252,289.8,235.2,270.48,,,,,,,,,,,FALSE,FALSE,FALSE,Standard Rate,Standard Rate,,10,,
AMAF-25l,Anti Freeze - 25 Litre,,TRUE,1,252,289.8,235.2,270.48,,,,,,,,,,,FALSE,FALSE,FALSE,Standard Rate,Standard Rate,,10,,
SANSP-5l,SANS Plus Degreaser - 5 Litre,,TRUE,1,58.845,67.67175,54.922,63.16,,,,,,,,,,,FALSE,FALSE,FALSE,Standard Rate,Standard Rate,,10,,
SANSP-25l,SANS Plus Degreaser - 25 Litre,,TRUE,1,58.845,67.67175,54.922,63.16,,,,,,,,,,,FALSE,FALSE,FALSE,Standard Rate,Standard Rate,,10,,
SANSS-5l,Surface Sanitiser - 5 Litre,,TRUE,1,82.5,94.875,77,88.55,,,,,,,,,,,FALSE,FALSE,FALSE,Standard Rate,Standard Rate,,10,,
SANSS-25l,Surface Sanitiser - 25 Litre,,TRUE,1,82.5,94.875,77,88.55,,,,,,,,,,,FALSE,FALSE,FALSE,Standard Rate,Standard Rate,,10,,
SANHSL-5l,San 70 Hand Sterile - 5 Litre,,TRUE,1,190.5,219.075,177.8,204.47,,,,,,,,,,,FALSE,FALSE,FALSE,Standard Rate,Standard Rate,,10,,
SANHSL-25l,San 70 Hand Sterile - 25 Litre,,TRUE,1,190.5,219.075,177.8,204.47,,,,,,,,,,,FALSE,FALSE,FALSE,Standard Rate,Standard Rate,,10,,
SANHSG-5l,San 70 Hand Sterile Gel - 5 Litre,,TRUE,1,196.875,226.40625,183.75,211.31,,,,,,,,,,,FALSE,FALSE,FALSE,Standard Rate,Standard Rate,,10,,
SANHSG-25l,San 70 Hand Sterile Gel - 25 Litre,,TRUE,1,196.875,226.40625,183.75,211.31,,,,,,,,,,,FALSE,FALSE,FALSE,Standard Rate,Standard Rate,,10,,
SANABHS-5l,Anti Bac Hand Soap - 5 Litre,,TRUE,1,76.17,87.5955,71.092,81.76,,,,,,,,,,,FALSE,FALSE,FALSE,Standard Rate,Standard Rate,,10,,
SANABHS-25l,Anti Bac Hand Soap - 25 Litre,,TRUE,1,76.17,87.5955,71.092,81.76,,,,,,,,,,,FALSE,FALSE,FALSE,Standard Rate,Standard Rate,,10,,
SANGBP-5l,Germ Buster Pine (QAC) - 5 Litre,,TRUE,1,71.37,82.0755,66.612,76.6,,,,,,,,,,,FALSE,FALSE,FALSE,Standard Rate,Standard Rate,,10,,
SANGBP-25l,Rose San(QAC) - 25 Litre,,TRUE,1,71.37,82.0755,66.612,76.6,,,,,,,,,,,FALSE,FALSE,FALSE,Standard Rate,Standard Rate,,10,,
SANRS-5l,Rose San (QAC) - 5 Litre,,TRUE,1,62.82,72.243,58.632,67.43,,,,,,,,,,,FALSE,FALSE,FALSE,Standard Rate,Standard Rate,,10,,
MCAC-5l,Aluminium Cleaner - 5 Litre,,TRUE,1,98.985,113.83275,92.386,106.24,,,,,,,,,,,FALSE,FALSE,FALSE,Standard Rate,Standard Rate,,10,,
MCAC-25l,Aluminium Cleaner - 25 Litre,,TRUE,1,98.985,113.83275,92.386,106.24,,,,,,,,,,,FALSE,FALSE,FALSE,Standard Rate,Standard Rate,,10,,
MCAC-250l,Aluminium Cleaner - 210 Litre,,TRUE,1,98.985,113.83275,92.386,106.24,,,,,,,,,,,FALSE,FALSE,FALSE,Standard Rate,Standard Rate,,10,,
MCSSC-5l,Stainless Steel Cleaner - 5 Litre,,TRUE,1,125.235,144.02025,116.886,134.42,,,,,,,,,,,FALSE,FALSE,FALSE,Standard Rate,Standard Rate,,10,,
MCSSC-25l,Stainless Steel Cleaner - 25 Litre,,TRUE,1,125.235,144.02025,116.886,134.42,,,,,,,,,,,FALSE,FALSE,FALSE,Standard Rate,Standard Rate,,10,,
MCSSC-250l,Stainless Steel Cleaner - 210 Litre,,TRUE,1,125.235,144.02025,116.886,134.42,,,,,,,,,,,FALSE,FALSE,FALSE,Standard Rate,Standard Rate,,10,,
MCSSCR-5l,Stainless Cleaner - 5 Litre,,TRUE,1,157.5,181.125,147,169.05,,,,,,,,,,,FALSE,FALSE,FALSE,Standard Rate,Standard Rate,,10,,
MCSSCR-25l,Stainless Cleaner - 25 Litre,,TRUE,1,157.5,181.125,147,169.05,,,,,,,,,,,FALSE,FALSE,FALSE,Standard Rate,Standard Rate,,10,,
MCBP-1l,Brasso Polish - 1 Litre,,TRUE,1,210.975,242.62125,196.91,226.45,,,,,,,,,,,FALSE,FALSE,FALSE,Standard Rate,Standard Rate,,10,,
MCBP-25l,Brasso Polish - 25 Litre,,TRUE,1,210.975,242.62125,196.91,226.45,,,,,,,,,,,FALSE,FALSE,FALSE,Standard Rate,Standard Rate,,10,,
MCBP-5l,Brasso Polish - 5 Litre,,TRUE,1,210.975,242.62125,196.91,226.45,,,,,,,,,,,FALSE,FALSE,FALSE,Standard Rate,Standard Rate,,10,,
HGB-5l-B,Hand Grit - 5 Litre,,TRUE,1,211.5,243.225,197.4,227.01,,,,,,,,,,,FALSE,FALSE,FALSE,Standard Rate,Standard Rate,,10,,
HGB-25l-B,Hand Grit - 25 Litre,,TRUE,1,211.5,243.225,197.4,227.01,,,,,,,,,,,FALSE,FALSE,FALSE,Standard Rate,Standard Rate,,10,,
HGP-5l-P,Hand Grit - 5 Litre,,TRUE,1,210,241.5,196,225.4,,,,,,,,,,,FALSE,FALSE,FALSE,Standard Rate,Standard Rate,,10,,
HGP-25l-P,Hand Grit - 25 Litre,,TRUE,1,210,241.5,196,225.4,,,,,,,,,,,FALSE,FALSE,FALSE,Standard Rate,Standard Rate,,10,,
HGNGP-5l,Hand Grit Smooth - 5 Litre,,TRUE,1,237.75,273.4125,221.9,255.19,,,,,,,,,,,FALSE,FALSE,FALSE,Standard Rate,Standard Rate,,10,,
HGNGP-25l,Hand Grit Smooth - 25 Litre,,TRUE,1,237.75,273.4125,221.9,255.19,,,,,,,,,,,FALSE,FALSE,FALSE,Standard Rate,Standard Rate,,10,,
MEDAR-5l,Life Cleanse 75 - 5 Litre,,TRUE,1,354.75,407.9625,331.1,380.77,,,,,,,,,,,FALSE,FALSE,FALSE,Standard Rate,Standard Rate,,10,,
MEDAR-25l,Life Cleanse 75 - 25 Litre,,TRUE,1,354.75,407.9625,331.1,380.77,,,,,,,,,,,FALSE,FALSE,FALSE,Standard Rate,Standard Rate,,10,,
MEDCS-5l,Life Scrub - 5 Litre,,TRUE,1,500.28,575.322,466.928,536.97,,,,,,,,,,,FALSE,FALSE,FALSE,Standard Rate,Standard Rate,,10,,
MEDCS-25l,Life Scrub - 25 Litre,,TRUE,1,500.28,575.322,466.928,536.97,,,,,,,,,,,FALSE,FALSE,FALSE,Standard Rate,Standard Rate,,10,,
MEDSH-5l,Life Cleanse 0.5% - 5 Litre,,TRUE,1,276.96,318.504,258.496,297.27,,,,,,,,,,,FALSE,FALSE,FALSE,Standard Rate,Standard Rate,,10,,
MEDSH-25l,Life Cleanse 0.5% - 25 Litre,,TRUE,1,276.96,318.504,258.496,297.27,,,,,,,,,,,FALSE,FALSE,FALSE,Standard Rate,Standard Rate,,10,,
MEDTS-5l,Eezi Cleanse Hand Soap - 5 Litre,,TRUE,1,354.75,407.9625,331.1,380.77,,,,,,,,,,,FALSE,FALSE,FALSE,Standard Rate,Standard Rate,,10,,
MEDTS-25l,Eezi Cleanse Hand Soap - 25 Litre,,TRUE,1,354.75,407.9625,331.1,380.77,,,,,,,,,,,FALSE,FALSE,FALSE,Standard Rate,Standard Rate,,10,,
MEDSD-5l,Surface Disinfectant - 5 Litre,,TRUE,1,218.625,251.41875,204.05,234.66,,,,,,,,,,,FALSE,FALSE,FALSE,Standard Rate,Standard Rate,,10,,
MEDSD-25l,Surface Disinfectant - 25 Litre,,TRUE,1,218.625,251.41875,204.05,234.66,,,,,,,,,,,FALSE,FALSE,FALSE,Standard Rate,Standard Rate,,10,,
MB01-W,Mini Barrel Centerfeed 1Ply,,TRUE,1,289.8,333.27,275.1,316.37,,,,,,,,,,,FALSE,FALSE,FALSE,Standard Rate,Standard Rate,,10,,
BAR01-W,Barrel Centerfeed 1Ply,,TRUE,1,432.15,496.9725,422.1,485.42,,,,,,,,,,,FALSE,FALSE,FALSE,Standard Rate,Standard Rate,,10,,
BAR02-W,Standard Barrel Centerfeed 1Ply,,TRUE,1,420.24,483.276,401.7,461.96,,,,,,,,,,,FALSE,FALSE,FALSE,Standard Rate,Standard Rate,,10,,
BAR04-W,"Premium Perforated Barrel Centerfeed 1Ply (210mmx300mx56mm Core) 680 Sheets Per Roll, 21gsm, 4 Pack",,TRUE,1,409.63,471.0745,379.73,436.69,,,,,,,,,,,FALSE,FALSE,FALSE,Standard Rate,Standard Rate,,10,,
GAR011-W,Garage Roll 21gsm Mimpi,,TRUE,1,107.03,123.0845,97.02,111.57,,,,,,,,,,,FALSE,FALSE,FALSE,Standard Rate,Standard Rate,,10,,
GAR015-W,Garage Roll 21gsm Budget,,TRUE,1,95.13,109.3995,81.27,93.46,,,,,,,,,,,FALSE,FALSE,FALSE,Standard Rate,Standard Rate,,10,,
GAR01-W,Garage Roll 21gsm Maxi,,TRUE,1,123.54,142.071,113.97,131.07,,,,,,,,,,,FALSE,FALSE,FALSE,Standard Rate,Standard Rate,,10,,
GAR012-W,Garage Roll 21gsm Choice,,TRUE,1,155.04,178.296,135.66,156.01,,,,,,,,,,,FALSE,FALSE,FALSE,Standard Rate,Standard Rate,,10,,
GAR001-W,Garage Roll 21gsm Standard,,TRUE,1,166.32,191.268,145.8,167.67,,,,,,,,,,,FALSE,FALSE,FALSE,Standard Rate,Standard Rate,,10,,
GAR013-W,Garage Roll 21gsm Premium,,TRUE,1,192.4,221.26,171.6,197.34,,,,,,,,,,,FALSE,FALSE,FALSE,Standard Rate,Standard Rate,,10,,
GAR008-W,Garage Roll 21gsm Impi,,TRUE,1,240.9,277.035,216.15,248.57,,,,,,,,,,,FALSE,FALSE,FALSE,Standard Rate,Standard Rate,,10,,
GAR003-W,Garage Roll 21gsm Tidy,,TRUE,1,267.575,307.71125,257.95,296.64,,,,,,,,,,,FALSE,FALSE,FALSE,Standard Rate,Standard Rate,,10,,
GAR009-W,Garage Roll 21gsm Ultra,,TRUE,1,320.35,368.4025,290.25,333.79,,,,,,,,,,,FALSE,FALSE,FALSE,Standard Rate,Standard Rate,,10,,
GAR004-W,Garage Roll 21gsm Jumbo,,TRUE,1,312.8,359.72,292.1,335.92,,,,,,,,,,,FALSE,FALSE,FALSE,Standard Rate,Standard Rate,,10,,
GAR010-W,Garage Roll 21gsm Cosmic,,TRUE,1,321.75,370.0125,292.5,336.38,,,,,,,,,,,FALSE,FALSE,FALSE,Standard Rate,Standard Rate,,10,,
GAR006-W,Garage Roll 21gsm Superior,,TRUE,1,448.4,515.66,398.25,457.99,,,,,,,,,,,FALSE,FALSE,FALSE,Standard Rate,Standard Rate,,10,,
GAR007-W,Garage Roll 21gsm Titan,,TRUE,1,532.8,612.72,464.4,534.06,,,,,,,,,,,FALSE,FALSE,FALSE,Standard Rate,Standard Rate,,10,,
MED01,Medi-Towel Laminated 2ply,,TRUE,1,823.5,947.025,713.7,820.76,,,,,,,,,,,FALSE,FALSE,FALSE,Standard Rate,Standard Rate,,10,,
MED02,Medi-Towel Laminated 2ply,,TRUE,1,796.05,915.4575,713.7,820.76,,,,,,,,,,,FALSE,FALSE,FALSE,Standard Rate,Standard Rate,,10,,
GAR-06-W,Tidy Centrefeed Mini,,TRUE,1,298.5,343.275,258.7,297.51,,,,,,,,,,,FALSE,FALSE,FALSE,Standard Rate,Standard Rate,,10,,
GAR-07-W,Tidy Centrefeed Maxi,,TRUE,1,412.5,474.375,357.5,411.13,,,,,,,,,,,FALSE,FALSE,FALSE,Standard Rate,Standard Rate,,10,,
S002,T-Shirting Rags 5KG,,TRUE,1,152.43,175.2945,142.268,163.61,,,,,,,,,,,FALSE,FALSE,FALSE,Standard Rate,Standard Rate,,10,,
SANGBP-5l-6,Germ Buster Pine (QAC) - 25 Litre,,TRUE,1,71.37,82.0755,66.612,76.6,,,,,,,,,,,FALSE,FALSE,FALSE,Standard Rate,Standard Rate,,10,,
SAF-UVH-1,0.9 X 0.9m Fire Blanket,,TRUE,1,179,205.85,155,178.25,,,,,,,,,,,FALSE,FALSE,FALSE,Standard Rate,Standard Rate,,10,,
SAF-UVH-2,1 X 1m Fire Blanket,,TRUE,1,298,342.7,259,297.85,,,,,,,,,,,FALSE,FALSE,FALSE,Standard Rate,Standard Rate,,10,,
SAF-UVH-3,1.2 X 1.8m Fire Blanket,,TRUE,1,365,419.75,320,368,,,,,,,,,,,FALSE,FALSE,FALSE,Standard Rate,Standard Rate,,10,,
SAF-UVH-4,1.8 X 1.8m Fire Blanket,,TRUE,1,554,637.1,480,552,,,,,,,,,,,FALSE,FALSE,FALSE,Standard Rate,Standard Rate,,10,,
SAF-UVH-5,100L Biological Spill Kit,,TRUE,1,1500,1725,1298,1492.7,,,,,,,,,,,FALSE,FALSE,FALSE,Standard Rate,Standard Rate,,10,,
SAF-UVH-6,100L Biological Spill Kit - Refill,,TRUE,1,1030,1184.5,890,1023.5,,,,,,,,,,,FALSE,FALSE,FALSE,Standard Rate,Standard Rate,,10,,
SAF-UVH-7,Conforming Bandage,,TRUE,1,79,90.85,69,79.35,,,,,,,,,,,FALSE,FALSE,FALSE,Standard Rate,Standard Rate,,10,,
SAF-UVH-8,Conforming Bandage (Single),,TRUE,1,79,90.85,69,79.35,,,,,,,,,,,FALSE,FALSE,FALSE,Standard Rate,Standard Rate,,10,,
SAF-UVH-9,Conforming Bandage (Pack of 12),,TRUE,1,85,97.75,75,86.25,,,,,,,,,,,FALSE,FALSE,FALSE,Standard Rate,Standard Rate,,10,,
SAF-UVH-10,Conforming Bandage (Full Box of 360),,TRUE,1,2290,2633.5,1970,2265.5,,,,,,,,,,,FALSE,FALSE,FALSE,Standard Rate,Standard Rate,,10,,
SAF-UVH-11,10L Biological Spill Kit,,TRUE,1,445,511.75,380,437,,,,,,,,,,,FALSE,FALSE,FALSE,Standard Rate,Standard Rate,,10,,
SAF-UVH-12,10L Biological Spill Kit - Refill,,TRUE,1,280,322,245,281.75,,,,,,,,,,,FALSE,FALSE,FALSE,Standard Rate,Standard Rate,,10,,
SAF-UVH-13,10L Pharmaceutical Container,,TRUE,1,58,66.7,50,57.5,,,,,,,,,,,FALSE,FALSE,FALSE,Standard Rate,Standard Rate,,10,,
SAF-UVH-14,10L Speci Container,,TRUE,1,58,66.7,50,57.5,,,,,,,,,,,FALSE,FALSE,FALSE,Standard Rate,Standard Rate,,10,,
SAF-UVH-15,10L Sharps Container,,TRUE,1,58,66.7,50,57.5,,,,,,,,,,,FALSE,FALSE,FALSE,Standard Rate,Standard Rate,,10,,
SAF-UVH-16,130L Biological Spill Kit,,TRUE,1,3290,3783.5,2900,3335,,,,,,,,,,,FALSE,FALSE,FALSE,Standard Rate,Standard Rate,,10,,
SAF-UVH-17,130L Biological Spill Kit - Refill,,TRUE,1,1750,2012.5,1500,1725,,,,,,,,,,,FALSE,FALSE,FALSE,Standard Rate,Standard Rate,,10,,
SAF-UVH-18,130L Chemical/Acid Wheelie Bin Spill Kit,,TRUE,1,3590,4128.5,3130,3599.5,,,,,,,,,,,FALSE,FALSE,FALSE,Standard Rate,Standard Rate,,10,,
SAF-UVH-19,130L Chemical/Acid Wheelie Bin Spill Kit - Refill,,TRUE,1,2390,2748.5,2090,2403.5,,,,,,,,,,,FALSE,FALSE,FALSE,Standard Rate,Standard Rate,,10,,
SAF-UVH-20,130L Glass Spill Kit,,TRUE,1,2640,3036,2290,2633.5,,,,,,,,,,,FALSE,FALSE,FALSE,Standard Rate,Standard Rate,,10,,
SAF-UVH-21,130L Glass Spill Kit - Refill,,TRUE,1,1190,1368.5,1030,1184.5,,,,,,,,,,,FALSE,FALSE,FALSE,Standard Rate,Standard Rate,,10,,
SAF-UVH-22,130L Oil HACCP Spill Kit - Food Grade,,TRUE,1,3370,3875.5,2890,3323.5,,,,,,,,,,,FALSE,FALSE,FALSE,Standard Rate,Standard Rate,,10,,
SAF-UVH-23,130L Oil Wheelie Bin Spill Kit,,TRUE,1,3270,3760.5,2810,3231.5,,,,,,,,,,,FALSE,FALSE,FALSE,Standard Rate,Standard Rate,,10,,
SAF-UVH-24,130L Oil Wheelie Bin Spill Kit - Refill,,TRUE,1,1460,1679,1260,1449,,,,,,,,,,,FALSE,FALSE,FALSE,Standard Rate,Standard Rate,,10,,
SAF-UVH-25,130L Universal Wheelie Bin Spill Kit,,TRUE,1,3190,3668.5,2750,3162.5,,,,,,,,,,,FALSE,FALSE,FALSE,Standard Rate,Standard Rate,,10,,
SAF-UVH-26,130L Universal Wheelie Bin Spill Kit - Refill,,TRUE,1,144477,166148.55,1250,1437.5,,,,,,,,,,,FALSE,FALSE,FALSE,Standard Rate,Standard Rate,,10,,
SAF-UVH-27,Conforming Bandage,,TRUE,1,95,109.25,89,102.35,,,,,,,,,,,FALSE,FALSE,FALSE,Standard Rate,Standard Rate,,10,,
SAF-UVH-28,Conforming Bandage (Single),,TRUE,1,95,109.25,89,102.35,,,,,,,,,,,FALSE,FALSE,FALSE,Standard Rate,Standard Rate,,10,,
SAF-UVH-29,Conforming Bandage (Pack of 12),,TRUE,1,105,120.75,89,102.35,,,,,,,,,,,FALSE,FALSE,FALSE,Standard Rate,Standard Rate,,10,,
SAF-UVH-30,Conforming Bandage (Full Box of 240),,TRUE,1,1880,2162,1630,1874.5,,,,,,,,,,,FALSE,FALSE,FALSE,Standard Rate,Standard Rate,,10,,
SAF-UVH-31,15kg (142L) Bio Hazard Waste Box Set,,TRUE,1,72,82.8,62,71.3,,,,,,,,,,,FALSE,FALSE,FALSE,Standard Rate,Standard Rate,,10,,
SAF-UVH-32,2.5L Biological Spill Kit (Blood Spill Kit),,TRUE,1,39,44.85,33,37.95,,,,,,,,,,,FALSE,FALSE,FALSE,Standard Rate,Standard Rate,,10,,
SAF-UVH-33,2.5L Biological Spill Kit (Blood Spill Kit) (Nitrile Gloves - Powder Free),,TRUE,1,39,44.85,33,37.95,,,,,,,,,,,FALSE,FALSE,FALSE,Standard Rate,Standard Rate,,10,,
SAF-UVH-34,2.5L Biological Spill Kit (Blood Spill Kit) (Household Gloves - ),,TRUE,1,80,92,69,79.35,,,,,,,,,,,FALSE,FALSE,FALSE,Standard Rate,Standard Rate,,10,,
SAF-UVH-35,2.5L Speci Container,,TRUE,1,35,40.25,32,36.8,,,,,,,,,,,FALSE,FALSE,FALSE,Standard Rate,Standard Rate,,10,,
SAF-UVH-36,2.5L Sharps Container,,TRUE,1,39,44.85,34,39.1,,,,,,,,,,,FALSE,FALSE,FALSE,Standard Rate,Standard Rate,,10,,
SAF-UVH-37,200ml Sharps Container,,TRUE,1,129,148.35,99,113.85,,,,,,,,,,,FALSE,FALSE,FALSE,Standard Rate,Standard Rate,,10,,
SAF-UVH-38,20L Pharmaceutical Container,,TRUE,1,88,101.2,74,85.1,,,,,,,,,,,FALSE,FALSE,FALSE,Standard Rate,Standard Rate,,10,,
SAF-UVH-39,20L Speci Container,,TRUE,1,88,101.2,74,85.1,,,,,,,,,,,FALSE,FALSE,FALSE,Standard Rate,Standard Rate,,10,,
SAF-UVH-40,20L Sharps Container,,TRUE,1,88,101.2,74,85.1,,,,,,,,,,,FALSE,FALSE,FALSE,Standard Rate,Standard Rate,,10,,
SAF-UVH-41,240L Chemical HACCP Food Grade Spill Kit,,TRUE,1,4900,5635,4250,4887.5,,,,,,,,,,,FALSE,FALSE,FALSE,Standard Rate,Standard Rate,,10,,
SAF-UVH-42,240L Chemical/Acid Wheelie Bin Spill Kit,,TRUE,1,4200,4830,3650,4197.5,,,,,,,,,,,FALSE,FALSE,FALSE,Standard Rate,Standard Rate,,10,,
SAF-UVH-43,240L Chemical/Acid Wheelie Bin Spill Kit - Complete Refill,,TRUE,1,2580,2967,2250,2587.5,,,,,,,,,,,FALSE,FALSE,FALSE,Standard Rate,Standard Rate,,10,,
SAF-UVH-44,240L Chemical/Acid Wheelie Bin Spill Kit - Semi Refill,,TRUE,1,2190,2518.5,1895,2179.25,,,,,,,,,,,FALSE,FALSE,FALSE,Standard Rate,Standard Rate,,10,,
SAF-UVH-45,240L Glass Spill Kit,,TRUE,1,2890,3323.5,2490,2863.5,,,,,,,,,,,FALSE,FALSE,FALSE,Standard Rate,Standard Rate,,10,,
SAF-UVH-46,240L Glass Spill Kit - Refill,,TRUE,1,1690,1943.5,1490,1713.5,,,,,,,,,,,FALSE,FALSE,FALSE,Standard Rate,Standard Rate,,10,,
SAF-UVH-47,240L Oil HACCP Food Grade Spill Kit,,TRUE,1,4590,5278.5,3950,4542.5,,,,,,,,,,,FALSE,FALSE,FALSE,Standard Rate,Standard Rate,,10,,
SAF-UVH-48,240L Oil HACCP Food Grade Spill Kit - Refill,,TRUE,1,2530,2909.5,2190,2518.5,,,,,,,,,,,FALSE,FALSE,FALSE,Standard Rate,Standard Rate,,10,,
SAF-UVH-49,240L Oil Wheelie Bin Spill Kit,,TRUE,1,3990,4588.5,3450,3967.5,,,,,,,,,,,FALSE,FALSE,FALSE,Standard Rate,Standard Rate,,10,,
SAF-UVH-50,240L Oil Wheelie Bin Spill Kit - Complete Refill,,TRUE,1,2490,2863.5,2180,2507,,,,,,,,,,,FALSE,FALSE,FALSE,Standard Rate,Standard Rate,,10,,
SAF-UVH-51,240L Oil Wheelie Bin Spill Kit - Semi Refill,,TRUE,1,1820,2093,1570,1805.5,,,,,,,,,,,FALSE,FALSE,FALSE,Standard Rate,Standard Rate,,10,,
SAF-UVH-52,240L Universal Wheelie Bin Spill Kit,,TRUE,1,3990,4588.5,3430,3944.5,,,,,,,,,,,FALSE,FALSE,FALSE,Standard Rate,Standard Rate,,10,,
SAF-UVH-53,240L Universal Wheelie Bin Spill Kit - Complete Refill,,TRUE,1,2590,2978.5,2250,2587.5,,,,,,,,,,,FALSE,FALSE,FALSE,Standard Rate,Standard Rate,,10,,
SAF-UVH-54,240L Universal Wheelie Bin Spill Kit - Semi Refill,,TRUE,1,1820,2093,1570,1805.5,,,,,,,,,,,FALSE,FALSE,FALSE,Standard Rate,Standard Rate,,10,,
SAF-UVH-55,25L Chemical HACCP Food Grade Spill Kit,,TRUE,1,1040,1196,898,1032.7,,,,,,,,,,,FALSE,FALSE,FALSE,Standard Rate,Standard Rate,,10,,
SAF-UVH-56,25L Chemical HACCP Food Grade Spill Kit - Refill,,TRUE,1,920,1058,798,917.7,,,,,,,,,,,FALSE,FALSE,FALSE,Standard Rate,Standard Rate,,10,,
SAF-UVH-57,25L Chemical/Acid Bucket Spill Kit,,TRUE,1,890,1023.5,780,897,,,,,,,,,,,FALSE,FALSE,FALSE,Standard Rate,Standard Rate,,10,,
SAF-UVH-58,25L Chemical/Acid PVC Bag Spill Kit,,TRUE,1,790,908.5,690,793.5,,,,,,,,,,,FALSE,FALSE,FALSE,Standard Rate,Standard Rate,,10,,
SAF-UVH-59,25L Chemical/Acid PVC Bag Spill Kit - Refill,,TRUE,1,690,793.5,610,701.5,,,,,,,,,,,FALSE,FALSE,FALSE,Standard Rate,Standard Rate,,10,,
SAF-UVH-60,25L Glass Spill Kit,,TRUE,1,990,1138.5,860,989,,,,,,,,,,,FALSE,FALSE,FALSE,Standard Rate,Standard Rate,,10,,
SAF-UVH-61,25L Glass Spill Kit - Refill,,TRUE,1,840,966,730,839.5,,,,,,,,,,,FALSE,FALSE,FALSE,Standard Rate,Standard Rate,,10,,
SAF-UVH-62,25L Oil Bucket Spill Kit,,TRUE,1,800,920,690,793.5,,,,,,,,,,,FALSE,FALSE,FALSE,Standard Rate,Standard Rate,,10,,
SAF-UVH-63,25L Oil HACCP Food Grade Spill Kit,,TRUE,1,960,1104,830,954.5,,,,,,,,,,,FALSE,FALSE,FALSE,Standard Rate,Standard Rate,,10,,
SAF-UVH-64,25L Oil HACCP Food Grade Spill Kit - Refill,,TRUE,1,760,874,660,759,,,,,,,,,,,FALSE,FALSE,FALSE,Standard Rate,Standard Rate,,10,,
SAF-UVH-65,25L Oil PVC Bag Spill Kit,,TRUE,1,960,1104,830,954.5,,,,,,,,,,,FALSE,FALSE,FALSE,Standard Rate,Standard Rate,,10,,
SAF-UVH-66,25L Oil PVC Bag Spill Kit - Refill,,TRUE,1,730,839.5,630,724.5,,,,,,,,,,,FALSE,FALSE,FALSE,Standard Rate,Standard Rate,,10,,
SAF-UVH-67,25L Universal Bucket Spill Kit,,TRUE,1,900,1035,780,897,,,,,,,,,,,FALSE,FALSE,FALSE,Standard Rate,Standard Rate,,10,,
SAF-UVH-68,25L Universal PVC Bag Spill Kit,,TRUE,1,990,1138.5,860,989,,,,,,,,,,,FALSE,FALSE,FALSE,Standard Rate,Standard Rate,,10,,
SAF-UVH-69,25L Universal PVC Bag Spill Kit - Refill,,TRUE,1,735,845.25,630,724.5,,,,,,,,,,,FALSE,FALSE,FALSE,Standard Rate,Standard Rate,,10,,
SAF-UVH-70,3.5kg (25L) Bio Hazard Waste Box Set,,TRUE,1,59,67.85,55,63.25,,,,,,,,,,,FALSE,FALSE,FALSE,Standard Rate,Standard Rate,,10,,
SAF-UVH-71,Fire Extinguisher Backing Board - Saligna Wood,,TRUE,1,95,109.25,85,97.75,,,,,,,,,,,FALSE,FALSE,FALSE,Standard Rate,Standard Rate,,10,,
SAF-UVH-72,45L Biological Spill Kit,,TRUE,1,1290,1483.5,1120,1288,,,,,,,,,,,FALSE,FALSE,FALSE,Standard Rate,Standard Rate,,10,,
SAF-UVH-73,45L Biological Spill Kit - Refill,,TRUE,1,930,1069.5,799,918.85,,,,,,,,,,,FALSE,FALSE,FALSE,Standard Rate,Standard Rate,,10,,
SAF-UVH-74,45L Chemical/Acid Bucket Spill Kit,,TRUE,1,1490,1713.5,1290,1483.5,,,,,,,,,,,FALSE,FALSE,FALSE,Standard Rate,Standard Rate,,10,,
SAF-UVH-75,45L Chemical/Acid PVC Bag Spill Kit,,TRUE,1,1560,1794,1350,1552.5,,,,,,,,,,,FALSE,FALSE,FALSE,Standard Rate,Standard Rate,,10,,
SAF-UVH-76,45L Chemical/Acid PVC Bag Spill Kit - Refill,,TRUE,1,1280,1472,1110,1276.5,,,,,,,,,,,FALSE,FALSE,FALSE,Standard Rate,Standard Rate,,10,,
SAF-UVH-77,45L Oil Bucket Spill Kit,,TRUE,1,1250,1437.5,1070,1230.5,,,,,,,,,,,FALSE,FALSE,FALSE,Standard Rate,Standard Rate,,10,,
SAF-UVH-78,45L Oil PVC Bag Spill Kit,,TRUE,1,1250,1437.5,1070,1230.5,,,,,,,,,,,FALSE,FALSE,FALSE,Standard Rate,Standard Rate,,10,,
SAF-UVH-79,45L Oil PVC Bag Spill Kit - Refill,,TRUE,1,1060,1219,915,1052.25,,,,,,,,,,,FALSE,FALSE,FALSE,Standard Rate,Standard Rate,,10,,
SAF-UVH-80,45L Universal Bucket Spill Kit,,TRUE,1,1250,1437.5,1070,1230.5,,,,,,,,,,,FALSE,FALSE,FALSE,Standard Rate,Standard Rate,,10,,
SAF-UVH-81,45L Universal PVC Bag Spill Kit,,TRUE,1,1390,1598.5,1210,1391.5,,,,,,,,,,,FALSE,FALSE,FALSE,Standard Rate,Standard Rate,,10,,
SAF-UVH-82,45L Universal PVC Bag Spill Kit - Refill,,TRUE,1,1060,1219,920,1058,,,,,,,,,,,FALSE,FALSE,FALSE,Standard Rate,Standard Rate,,10,,
SAF-UVH-83,Conforming Bandage,,TRUE,1,39,44.85,29,33.35,,,,,,,,,,,FALSE,FALSE,FALSE,Standard Rate,Standard Rate,,10,,
SAF-UVH-84,Conforming Bandage (Single),,TRUE,1,39,44.85,29,33.35,,,,,,,,,,,FALSE,FALSE,FALSE,Standard Rate,Standard Rate,,10,,
SAF-UVH-85,Conforming Bandage (Pack of 12),,TRUE,1,35,40.25,30,34.5,,,,,,,,,,,FALSE,FALSE,FALSE,Standard Rate,Standard Rate,,10,,
SAF-UVH-86,Conforming Bandage (Full Box of 720),,TRUE,1,1879,2160.85,1610,1851.5,,,,,,,,,,,FALSE,FALSE,FALSE,Standard Rate,Standard Rate,,10,,
SAF-UVH-87,7.5kg (50L) Bio Hazard Waste Box Set,,TRUE,1,59,67.85,52,59.8,,,,,,,,,,,FALSE,FALSE,FALSE,Standard Rate,Standard Rate,,10,,
SAF-UVH-88,75L Chemical/Acid PVC Bag Spill Kit,,TRUE,1,1880,2162,1620,1863,,,,,,,,,,,FALSE,FALSE,FALSE,Standard Rate,Standard Rate,,10,,
SAF-UVH-89,75L Chemical/Acid PVC Bag Spill Kit - Refill,,TRUE,1,1590,1828.5,1370,1575.5,,,,,,,,,,,FALSE,FALSE,FALSE,Standard Rate,Standard Rate,,10,,
SAF-UVH-90,75L Oil PVC Bag Spill Kit,,TRUE,1,1590,1828.5,1370,1575.5,,,,,,,,,,,FALSE,FALSE,FALSE,Standard Rate,Standard Rate,,10,,
SAF-UVH-91,75L Oil PVC Bag Spill Kit - Refill,,TRUE,1,1350,1552.5,1160,1334,,,,,,,,,,,FALSE,FALSE,FALSE,Standard Rate,Standard Rate,,10,,
SAF-UVH-92,75L Universal PVC Bag Spill Kit,,TRUE,1,1530,1759.5,1310,1506.5,,,,,,,,,,,FALSE,FALSE,FALSE,Standard Rate,Standard Rate,,10,,
SAF-UVH-93,75L Universal PVC Bag Spill Kit - Refill,,TRUE,1,1345,1546.75,1160,1334,,,,,,,,,,,FALSE,FALSE,FALSE,Standard Rate,Standard Rate,,10,,
SAF-UVH-94,Conforming Bandage,,TRUE,1,59,67.85,49,56.35,,,,,,,,,,,FALSE,FALSE,FALSE,Standard Rate,Standard Rate,,10,,
SAF-UVH-95,Conforming Bandage (Single),,TRUE,1,59,67.85,49,56.35,,,,,,,,,,,FALSE,FALSE,FALSE,Standard Rate,Standard Rate,,10,,
SAF-UVH-96,Conforming Bandage (Pack of 12),,TRUE,1,59,67.85,52,59.8,,,,,,,,,,,FALSE,FALSE,FALSE,Standard Rate,Standard Rate,,10,,
SAF-UVH-97,Conforming Bandage (Full Box of 480),,TRUE,1,2150,2472.5,1850,2127.5,,,,,,,,,,,FALSE,FALSE,FALSE,Standard Rate,Standard Rate,,10,,
SAF-UVH-98,Fire Extinguisher Backing Board - Pine Wood,,TRUE,1,99,113.85,85,97.75,,,,,,,,,,,FALSE,FALSE,FALSE,Standard Rate,Standard Rate,,10,,
SAF-UVH-99,80L Chemical/Acid Wheelie Bin Spill Kit,,TRUE,1,1890,2173.5,1665,1914.75,,,,,,,,,,,FALSE,FALSE,FALSE,Standard Rate,Standard Rate,,10,,
SAF-UVH-100,80L Oil Wheelie Bin Spill Kit,,TRUE,1,2190,2518.5,1895,2179.25,,,,,,,,,,,FALSE,FALSE,FALSE,Standard Rate,Standard Rate,,10,,
SAF-UVH-101,80L Oil Wheelie Bin Spill Kit - Refill,,TRUE,1,1690,1943.5,1470,1690.5,,,,,,,,,,,FALSE,FALSE,FALSE,Standard Rate,Standard Rate,,10,,
SAF-UVH-102,80L Universal Wheelie Bin Spill Kit,,TRUE,1,2190,2518.5,1895,2179.25,,,,,,,,,,,FALSE,FALSE,FALSE,Standard Rate,Standard Rate,,10,,
SAF-UVH-103,80L Universal Wheelie Bin Spill Kit - Refill,,TRUE,1,1690,1943.5,1470,1690.5,,,,,,,,,,,FALSE,FALSE,FALSE,Standard Rate,Standard Rate,,10,,
SAF-UVH-104,8L Sharps Container,,TRUE,1,59,67.85,49,56.35,,,,,,,,,,,FALSE,FALSE,FALSE,Standard Rate,Standard Rate,,10,,
SAF-UVH-105,950ml Sharps Container,,TRUE,1,59,67.85,49,56.35,,,,,,,,,,,FALSE,FALSE,FALSE,Standard Rate,Standard Rate,,10,,
SAF-UVH-106,[POS001-A3] Basic Conditions of Employment Act (Bcea) Poster (A3 - 297x420mm),,TRUE,1,230,264.5,195,224.25,,,,,,,,,,,FALSE,FALSE,FALSE,Standard Rate,Standard Rate,,10,,
SAF-UVH-107,"Basic Conditions of Employment Act, Hospitality Sector Poster",,TRUE,1,499,573.85,425,488.75,,,,,,,,,,,FALSE,FALSE,FALSE,Standard Rate,Standard Rate,,10,,
SAF-UVH-108,Basic First Aid Procedures Booklet – A5 Size,,TRUE,1,169,194.35,13,14.95,,,,,,,,,,,FALSE,FALSE,FALSE,Standard Rate,Standard Rate,,10,,
SAF-UVH-109,Bio-Hazardous Waste Adhesive Tape,,TRUE,1,48,55.2,40,46,,,,,,,,,,,FALSE,FALSE,FALSE,Standard Rate,Standard Rate,,10,,
SAF-UVH-110,"Biohazard Bag/Liner – 1050 X, 60 Micron",,TRUE,1,179,205.85,15,17.25,,,,,,,,,,,FALSE,FALSE,FALSE,Standard Rate,Standard Rate,,10,,
SAF-UVH-111,"Biohazard Bag/Liner – 1050 X, 60 Micron (Single)",,TRUE,1,179,205.85,15,17.25,,,,,,,,,,,FALSE,FALSE,FALSE,Standard Rate,Standard Rate,,10,,
SAF-UVH-112,"Biohazard Bag/Liner – 1050 X, 60 Micron (Pack of 100)",,TRUE,1,1550,1782.5,1290,1483.5,,,,,,,,,,,FALSE,FALSE,FALSE,Standard Rate,Standard Rate,,10,,
SAF-UVH-113,"Biohazard Bag/Liner – 1050 X, 60 Micron (Pack of 1000)",,TRUE,1,13750,15812.5,11690,13443.5,,,,,,,,,,,FALSE,FALSE,FALSE,Standard Rate,Standard Rate,,10,,
SAF-UVH-114,"Biohazard Bag/Liner – 560 X, 60 Micron",,TRUE,1,69,79.35,59,67.85,,,,,,,,,,,FALSE,FALSE,FALSE,Standard Rate,Standard Rate,,10,,
SAF-UVH-115,"Biohazard Bag/Liner – 560 X, 60 Micron (Single)",,TRUE,1,69,79.35,59,67.85,,,,,,,,,,,FALSE,FALSE,FALSE,Standard Rate,Standard Rate,,10,,
SAF-UVH-116,"Biohazard Bag/Liner – 560 X, 60 Micron (Pack of 100)",,TRUE,1,560,644,480,552,,,,,,,,,,,FALSE,FALSE,FALSE,Standard Rate,Standard Rate,,10,,
SAF-UVH-117,"Biohazard Bag/Liner – 560 X, 60 Micron (Pack of 1000)",,TRUE,1,5070,5830.5,4350,5002.5,,,,,,,,,,,FALSE,FALSE,FALSE,Standard Rate,Standard Rate,,10,,
SAF-UVH-118,"Biohazard Bag/Liner – 750 X, 60 Micron",,TRUE,1,139,159.85,109,125.35,,,,,,,,,,,FALSE,FALSE,FALSE,Standard Rate,Standard Rate,,10,,
SAF-UVH-119,"Biohazard Bag/Liner – 750 X, 60 Micron (Single)",,TRUE,1,139,159.85,109,125.35,,,,,,,,,,,FALSE,FALSE,FALSE,Standard Rate,Standard Rate,,10,,
SAF-UVH-120,"Biohazard Bag/Liner – 750 X, 60 Micron (Pack of 100)",,TRUE,1,1080,1242,930,1069.5,,,,,,,,,,,FALSE,FALSE,FALSE,Standard Rate,Standard Rate,,10,,
SAF-UVH-121,"Biohazard Bag/Liner – 750 X, 60 Micron (Pack of 1000)",,TRUE,1,9780,11247,8390,9648.5,,,,,,,,,,,FALSE,FALSE,FALSE,Standard Rate,Standard Rate,,10,,
SAF-UVH-122,Biological Spill Kit Booklet – Blood Spill Response Guide,,TRUE,1,159,182.85,139,159.85,,,,,,,,,,,FALSE,FALSE,FALSE,Standard Rate,Standard Rate,,10,,
0102ASXS010-RW,Futura Expanding Safety Barrier,,TRUE,1,3117.4,3585.01,2997.5,3447.13,,,,,,,,,,,FALSE,FALSE,FALSE,Standard Rate,Standard Rate,,10,,
0102ASXS010B-RW,Futura Expanding Safety Barrier,,TRUE,1,4417.4,5080.01,4247.5,4884.63,,,,,,,,,,,FALSE,FALSE,FALSE,Standard Rate,Standard Rate,,10,,
0102ASXS010BY-YBLK,Futura Expanding Safety Barrier,,TRUE,1,4417.4,5080.01,4247.5,4884.63,,,,,,,,,,,FALSE,FALSE,FALSE,Standard Rate,Standard Rate,,10,,
0102ASXS010Y-YW,Futura Expanding Safety Barrier,,TRUE,1,3117.4,3585.01,2997.5,3447.13,,,,,,,,,,,FALSE,FALSE,FALSE,Standard Rate,Standard Rate,,10,,
0196ASXS010W,Futura Expanding Barrier Wheel Set,,TRUE,1,253.5,291.525,243.75,280.31,,,,,,,,,,,FALSE,FALSE,FALSE,Standard Rate,Standard Rate,,10,,
0200MSXS047BLK-BLK,Road Equipment Premium 1800mm Traffic Cone,,TRUE,1,1124.5,1293.175,1081.25,1243.44,,,,,,,,,,,FALSE,FALSE,FALSE,Standard Rate,Standard Rate,,10,,
0200MSXS047L-L,Road Equipment Premium 1800mm Traffic Cone,,TRUE,1,1124.5,1293.175,1081.25,1243.44,,,,,,,,,,,FALSE,FALSE,FALSE,Standard Rate,Standard Rate,,10,,
0200MSXS047P-P,Road Equipment Premium 1800mm Traffic Cone,,TRUE,1,1124.5,1293.175,1081.25,1243.44,,,,,,,,,,,FALSE,FALSE,FALSE,Standard Rate,Standard Rate,,10,,
0209MSXS047O-O,Road Equipment Premium 1800mm Traffic Cone,,TRUE,1,1124.5,1293.175,1081.25,1243.44,,,,,,,,,,,FALSE,FALSE,FALSE,Standard Rate,Standard Rate,,10,,
0220MSXS047Y-Y,Road Equipment Premium 1800mm Traffic Cone,,TRUE,1,1124.5,1293.175,1081.25,1243.44,,,,,,,,,,,FALSE,FALSE,FALSE,Standard Rate,Standard Rate,,10,,
0223MSXS047R-R,Road Equipment Premium 1800mm Traffic Cone,,TRUE,1,1124.5,1293.175,1081.25,1243.44,,,,,,,,,,,FALSE,FALSE,FALSE,Standard Rate,Standard Rate,,10,,
0224MSXS047B-B,Road Equipment Premium 1800mm Traffic Cone,,TRUE,1,1124.5,1293.175,1081.25,1243.44,,,,,,,,,,,FALSE,FALSE,FALSE,Standard Rate,Standard Rate,,10,,
0225MSXS047W-W,Road Equipment Premium 1800mm Traffic Cone,,TRUE,1,1124.5,1293.175,1081.25,1243.44,,,,,,,,,,,FALSE,FALSE,FALSE,Standard Rate,Standard Rate,,10,,
0242MSXS047G-G,Road Equipment Premium 1800mm Traffic Cone,,TRUE,1,1124.5,1293.175,1081.25,1243.44,,,,,,,,,,,FALSE,FALSE,FALSE,Standard Rate,Standard Rate,,10,,
0301MSXS100,RoadQuip Premium Water-Filled Road Barrier,,TRUE,1,1527.5,1756.625,1468.75,1689.06,,,,,,,,,,,FALSE,FALSE,FALSE,Standard Rate,Standard Rate,,10,,
0301MSXS101-Lite,RoadQuip Premium Water-Filled Road Barrier,,TRUE,1,1293.5,1487.525,1243.75,1430.31,,,,,,,,,,,FALSE,FALSE,FALSE,Standard Rate,Standard Rate,,10,,
0359MSXSBAR101,RoadQuip Universal Water-Filled Road Barrier,,TRUE,1,1102.244,1267.5806,1059.85,1218.83,,,,,,,,,,,FALSE,FALSE,FALSE,Standard Rate,Standard Rate,,10,,
0403ASXS097,Stromberg Galvanised Round Speed Bump,,TRUE,1,773.5,889.525,743.75,855.31,,,,,,,,,,,FALSE,FALSE,FALSE,Standard Rate,Standard Rate,,10,,
0600MBol1mB-B,Road Equipment Triangle 1000mm Traffic Cone,,TRUE,1,565.5,650.325,543.75,625.31,,,,,,,,,,,FALSE,FALSE,FALSE,Standard Rate,Standard Rate,,10,,
0600MBol1mBlk-BLK,Road Equipment Triangle 1000mm Traffic Cone,,TRUE,1,565.5,650.325,543.75,625.31,,,,,,,,,,,FALSE,FALSE,FALSE,Standard Rate,Standard Rate,,10,,
0600MBol1mG-G,Road Equipment Triangle 1000mm Traffic Cone,,TRUE,1,565.5,650.325,543.75,625.31,,,,,,,,,,,FALSE,FALSE,FALSE,Standard Rate,Standard Rate,,10,,
0600MBol1mGy-GY,Road Equipment Triangle 1000mm Traffic Cone,,TRUE,1,565.5,650.325,543.75,625.31,,,,,,,,,,,FALSE,FALSE,FALSE,Standard Rate,Standard Rate,,10,,
0600MBol1mL-L,Road Equipment Triangle 1000mm Traffic Cone,,TRUE,1,565.5,650.325,543.75,625.31,,,,,,,,,,,FALSE,FALSE,FALSE,Standard Rate,Standard Rate,,10,,
0600MBol1mO-O,Road Equipment Triangle 1000mm Traffic Cone,,TRUE,1,565.5,650.325,543.75,625.31,,,,,,,,,,,FALSE,FALSE,FALSE,Standard Rate,Standard Rate,,10,,
0600MBol1mP-P,Road Equipment Triangle 1000mm Traffic Cone,,TRUE,1,565.5,650.325,543.75,625.31,,,,,,,,,,,FALSE,FALSE,FALSE,Standard Rate,Standard Rate,,10,,
0600MBol1mR-R,Road Equipment Triangle 1000mm Traffic Cone,,TRUE,1,565.5,650.325,543.75,625.31,,,,,,,,,,,FALSE,FALSE,FALSE,Standard Rate,Standard Rate,,10,,
0600MBol1mW-W,Road Equipment Triangle 1000mm Traffic Cone,,TRUE,1,565.5,650.325,543.75,625.31,,,,,,,,,,,FALSE,FALSE,FALSE,Standard Rate,Standard Rate,,10,,
0600MBol1mY-Y,Road Equipment Triangle 1000mm Traffic Cone,,TRUE,1,565.5,650.325,543.75,625.31,,,,,,,,,,,FALSE,FALSE,FALSE,Standard Rate,Standard Rate,,10,,
0719MSXS589-Y,Road Equipment Yellow Wheel Chock,,TRUE,1,1553.5,1786.525,1493.75,1717.81,,,,,,,,,,,FALSE,FALSE,FALSE,Standard Rate,Standard Rate,,10,,
0805ASXS297-Y,Road Equipment Xpress Speed Control Bump,,TRUE,1,4030,4634.5,3875,4456.25,,,,,,,,,,,FALSE,FALSE,FALSE,Standard Rate,Standard Rate,,10,,
0805ASXS297B-Y,Road Equipment Xpress Speed Control Bump,,TRUE,1,4933.5,5673.525,4743.75,5455.31,,,,,,,,,,,FALSE,FALSE,FALSE,Standard Rate,Standard Rate,,10,,
0900BSXS103-Y,Road Equipment Speed Ramp End Cap,,TRUE,1,266.5,306.475,256.25,294.69,,,,,,,,,,,FALSE,FALSE,FALSE,Standard Rate,Standard Rate,,10,,
0910BSXS101-BLKY,RoadQuip Black & Yellow Safety Ramp,,TRUE,1,1688.7,1942.005,1623.75,1867.31,,,,,,,,,,,FALSE,FALSE,FALSE,Standard Rate,Standard Rate,,10,,
1015ISXS074,Road Equipment Convex Safety Mirror,,TRUE,1,2015,2317.25,1937.5,2228.13,,,,,,,,,,,FALSE,FALSE,FALSE,Standard Rate,Standard Rate,,10,,
1118ISXS075-O,Road Equipment Convex Safety Mirror,,TRUE,1,2593.5,2982.525,2493.75,2867.81,,,,,,,,,,,FALSE,FALSE,FALSE,Standard Rate,Standard Rate,,10,,
1118BSXS075-Dro1,Road Equipment Convex Safety Mirror,,TRUE,1,5193.5,5972.525,4993.75,5742.81,,,,,,,,,,,FALSE,FALSE,FALSE,Standard Rate,Standard Rate,,10,,
1118BSXS075,Road Equipment Convex Safety Mirror,,TRUE,1,5193.5,5972.525,4993.75,5742.81,,,,,,,,,,,FALSE,FALSE,FALSE,Standard Rate,Standard Rate,,10,,
1212MSPE750O-O,Road Equipment Orange Contractor Traffic Cone,,TRUE,1,292.5,336.375,281.25,323.44,,,,,,,,,,,FALSE,FALSE,FALSE,Standard Rate,Standard Rate,,10,,
1213MSPE750O-O,Road Equipment Orange Contractor Traffic Cone,,TRUE,1,170,195.5,156,179.4,,,,,,,,,,,FALSE,FALSE,FALSE,Standard Rate,Standard Rate,,10,,
1316BSXS339,Cone Flexi Dayglo,,TRUE,1,331.5,381.225,318.75,366.56,,,,,,,,,,,FALSE,FALSE,FALSE,Standard Rate,Standard Rate,,10,,
1414BSXS401Y-BLKY,RoadQuip Rubber Speed Bump with Yellow Strip,,TRUE,1,747.5,859.625,718.75,826.56,,,,,,,,,,,FALSE,FALSE,FALSE,Standard Rate,Standard Rate,,10,,
1527MSXS489-Y,Road Equipment Yellow Wheel Chock,,TRUE,1,249.067,286.42705,239.4875,275.41,,,,,,,,,,,FALSE,FALSE,FALSE,Standard Rate,Standard Rate,,10,,
1922BSXS338-O,Road Equipment Flexi DayGlo Orange Traffic Cone,,TRUE,1,214.5,246.675,206.25,237.19,,,,,,,,,,,FALSE,FALSE,FALSE,Standard Rate,Standard Rate,,10,,
2029MSPE500-O,Road Equipment Orange Contractor Traffic Cone,,TRUE,1,166.764,191.7786,160.35,184.4,,,,,,,,,,,FALSE,FALSE,FALSE,Standard Rate,Standard Rate,,10,,
2030MSPE500-O,Road Equipment Orange Contractor Traffic Cone,,TRUE,1,149.5,171.925,143.75,165.31,,,,,,,,,,,FALSE,FALSE,FALSE,Standard Rate,Standard Rate,,10,,
2104ISXS023-RW,Road Equipment Plastic Safety Chain 8mm x 25m,,TRUE,1,1163.5,1338.025,1118.75,1286.56,,,,,,,,,,,FALSE,FALSE,FALSE,Standard Rate,Standard Rate,,10,,
2104ISXS023BW-BW,Road Equipment Plastic Safety Chain 8mm x 25m,,TRUE,1,1163.5,1338.025,1118.75,1286.56,,,,,,,,,,,FALSE,FALSE,FALSE,Standard Rate,Standard Rate,,10,,
2104ISXS023BY-BLKY,Road Equipment Plastic Safety Chain 8mm x 25m,,TRUE,1,1163.5,1338.025,1118.75,1286.56,,,,,,,,,,,FALSE,FALSE,FALSE,Standard Rate,Standard Rate,,10,,
2211BSXS240,Road Equipment Speed Bump Epoxy Adhesive Set,,TRUE,1,188.5,216.775,181.25,208.44,,,,,,,,,,,FALSE,FALSE,FALSE,Standard Rate,Standard Rate,,10,,
2300ASXS656GY-GY,Road Equipment eLite 1000 Smoking Station,,TRUE,1,916.5,1053.975,881.25,1013.44,,,,,,,,,,,FALSE,FALSE,FALSE,Standard Rate,Standard Rate,,10,,
2300ASXS658GY-GY,Road Equipment Mid Range 7000 Smoking Station,,TRUE,1,1345.5,1547.325,1293.75,1487.81,,,,,,,,,,,FALSE,FALSE,FALSE,Standard Rate,Standard Rate,,10,,
2389ASXS657GY-GY,Road Equipment Premium 5000 Smoking Station,,TRUE,1,1553.5,1786.525,1493.75,1717.81,,,,,,,,,,,FALSE,FALSE,FALSE,Standard Rate,Standard Rate,,10,,
2414ASXS02515-RW,Road Equipment Red & White Chainlink Safety Post,,TRUE,1,530.621,610.21415,510.2125,586.74,,,,,,,,,,,FALSE,FALSE,FALSE,Standard Rate,Standard Rate,,10,,
2414ASXS025RWM-RW,Road Equipment Red & White Chainlink Safety Post,,TRUE,1,461.5,530.725,443.75,510.31,,,,,,,,,,,FALSE,FALSE,FALSE,Standard Rate,Standard Rate,,10,,
2414ASXS025RWP-RW,Road Equipment Red & White Chainlink Safety Post,,TRUE,1,240.5,276.575,231.25,265.94,,,,,,,,,,,FALSE,FALSE,FALSE,Standard Rate,Standard Rate,,10,,
2414BSXS921,Road Equipment 3-Hole Rubber Base,,TRUE,1,279.5,321.425,268.75,309.06,,,,,,,,,,,FALSE,FALSE,FALSE,Standard Rate,Standard Rate,,10,,
3532MSXS1000,Road Equipment Parking Reservation Lock,,TRUE,1,1072.5,1233.375,1031.25,1185.94,,,,,,,,,,,FALSE,FALSE,FALSE,Standard Rate,Standard Rate,,10,,
3532MSXS600,Road Equipment Parking Reservation Lock,,TRUE,1,920.4,1058.46,885,1017.75,,,,,,,,,,,FALSE,FALSE,FALSE,Standard Rate,Standard Rate,,10,,
3727MSXS107-Y,Road Equipment Adjustable Yellow Wheel Clamp,,TRUE,1,1440.257,1656.29555,1384.8625,1592.59,,,,,,,,,,,FALSE,FALSE,FALSE,Standard Rate,Standard Rate,,10,,
4400MSXS643,Road Equipment Heavy-Duty Triangle Wheel Clamp,,TRUE,1,2339.064,2689.9236,2249.1,2586.47,,,,,,,,,,,FALSE,FALSE,FALSE,Standard Rate,Standard Rate,,10,,
4935MSXS403,Road Equipment Buggy Whip with Safety Flag,,TRUE,1,292.5,336.375,281.25,323.44,,,,,,,,,,,FALSE,FALSE,FALSE,Standard Rate,Standard Rate,,10,,
4935MSXS403A,Road Equipment Buggy Whip with Safety Flag,,TRUE,1,558.779,642.59585,537.2875,617.88,,,,,,,,,,,FALSE,FALSE,FALSE,Standard Rate,Standard Rate,,10,,
5863MSXS403,Road Equipment Buggy Whip with Safety Flag,,TRUE,1,476.476,547.9474,458.15,526.87,,,,,,,,,,,FALSE,FALSE,FALSE,Standard Rate,Standard Rate,,10,,
5900MSXS105B-BLKY,Road Equipment Black & Yellow Parking Car Stopper,,TRUE,1,1163.5,1338.025,1118.75,1286.56,,,,,,,,,,,FALSE,FALSE,FALSE,Standard Rate,Standard Rate,,10,,
RQ-EP-B800X80P,Events Posts,,TRUE,1,281.554,323.7871,270.725,311.33,,,,,,,,,,,FALSE,FALSE,FALSE,Standard Rate,Standard Rate,,10,,
7489MSXS554,Road Equipment 4-Piece Manhole Safety Barrier,,TRUE,1,2665,3064.75,2562.5,2946.88,,,,,,,,,,,FALSE,FALSE,FALSE,Standard Rate,Standard Rate,,10,,
7677MSXS731,Road Equipment Cable Demarcation Stand,,TRUE,1,903.5,1039.025,868.75,999.06,,,,,,,,,,,FALSE,FALSE,FALSE,Standard Rate,Standard Rate,,10,,
SER001-W,Serviettes 1 Ply - X (1000),,TRUE,1,124.45,143.1175,119.7,137.66,,,,,,,,,,,FALSE,FALSE,FALSE,Standard Rate,Standard Rate,,10,,
SER002-W,Serviettes 2 Ply - X (1000),,TRUE,1,237.6,273.24,228.6,262.89,,,,,,,,,,,FALSE,FALSE,FALSE,Standard Rate,Standard Rate,,10,,
SER003-W,Serviettes Take Away 1 Ply - X (3000),,TRUE,1,237.6,273.24,228.6,262.89,,,,,,,,,,,FALSE,FALSE,FALSE,Standard Rate,Standard Rate,,10,,
KIT02-W,Kitchen Towel Roll,,TRUE,1,244.2,280.83,233.1,268.07,,,,,,,,,,,FALSE,FALSE,FALSE,Standard Rate,Standard Rate,,10,,
RFW-001-02-W,Refresher Towels And Sanitizing Wipes (Individually Packed),,TRUE,1,210,241.5,195,224.25,,,,,,,,,,,FALSE,FALSE,FALSE,Standard Rate,Standard Rate,,10,,
STR-8mm-W,Straws Wrapped Triple Thick (1400),,TRUE,1,379,435.85,349,401.35,,,,,,,,,,,FALSE,FALSE,FALSE,Standard Rate,Standard Rate,,10,,
STR-005-W,Straws Double Thick (1000),,TRUE,1,358.4446,412.21129,333.8936,383.98,,,,,,,,,,,FALSE,FALSE,FALSE,Standard Rate,Standard Rate,,10,,
PP7KP-7mm-BR,Blow Straw Blow Pipe,,TRUE,1,319.8,367.77,305.45,351.27,,,,,,,,,,,FALSE,FALSE,FALSE,Standard Rate,Standard Rate,,10,,
WOODKNIV-160MM-BR,Wooden Knives,,TRUE,1,80.595,92.68425,72.76071825,83.67,,,,,,,,,,,FALSE,FALSE,FALSE,Standard Rate,Standard Rate,,10,,
WOODFORK-160MM-BR,Wooden Forks,,TRUE,1,80.595,92.68425,72.76071825,83.67,,,,,,,,,,,FALSE,FALSE,FALSE,Standard Rate,Standard Rate,,10,,
WOODDESSSPOO-160MM-BR,Wooden Dessert Spoons,,TRUE,1,80.595,92.68425,72.76071825,83.67,,,,,,,,,,,FALSE,FALSE,FALSE,Standard Rate,Standard Rate,,10,,
CUT-110mm-BR,Wooden Teaspoons Short,,TRUE,1,45,51.75,39,44.85,,,,,,,,,,,FALSE,FALSE,FALSE,Standard Rate,Standard Rate,,10,,
CUT-013-BR,Wooden Cutlery Set,,TRUE,1,272.34,313.191,231.4,266.11,,,,,,,,,,,FALSE,FALSE,FALSE,Standard Rate,Standard Rate,,10,,
TM-V200-500-HW-PP-200ML-CL,PP RL200ML X 500 Tumblers,,TRUE,1,441,507.15,378,434.7,,,,,,,,,,,FALSE,FALSE,FALSE,Standard Rate,Standard Rate,,10,,
TM-V200-500-HW-PP-200ML-Y,PP RL200ML X 500 Tumblers,,TRUE,1,441,507.15,378,434.7,,,,,,,,,,,FALSE,FALSE,FALSE,Standard Rate,Standard Rate,,10,,
TM-V200-500-HW-PP-200ML-R,PP RL200ML X 500 Tumblers,,TRUE,1,441,507.15,378,434.7,,,,,,,,,,,FALSE,FALSE,FALSE,Standard Rate,Standard Rate,,10,,
TM-V200-500-HW-PP-200ML-PU,PP RL200ML X 500 Tumblers,,TRUE,1,441,507.15,378,434.7,,,,,,,,,,,FALSE,FALSE,FALSE,Standard Rate,Standard Rate,,10,,
TM-V200-500-HW-PP-200ML-P,PP RL200ML X 500 Tumblers,,TRUE,1,441,507.15,378,434.7,,,,,,,,,,,FALSE,FALSE,FALSE,Standard Rate,Standard Rate,,10,,
TM-V200-500-HW-PP-200ML-O,PP RL200ML X 500 Tumblers,,TRUE,1,441,507.15,378,434.7,,,,,,,,,,,FALSE,FALSE,FALSE,Standard Rate,Standard Rate,,10,,
TM-V200-500-HW-PP-200ML-G,PP RL200ML X 500 Tumblers,,TRUE,1,441,507.15,378,434.7,,,,,,,,,,,FALSE,FALSE,FALSE,Standard Rate,Standard Rate,,10,,
TM-V200-500-HW-PP-200ML-B,PP RL200ML X 500 Tumblers,,TRUE,1,441,507.15,378,434.7,,,,,,,,,,,FALSE,FALSE,FALSE,Standard Rate,Standard Rate,,10,,
TM-V200-500-HW-PP-200ML-BLK,PP RL200ML X 500 Tumblers,,TRUE,1,441,507.15,378,434.7,,,,,,,,,,,FALSE,FALSE,FALSE,Standard Rate,Standard Rate,,10,,
TM-340ML-HW-PP-340ML-CL,PP 340ML Tumbler (500),,TRUE,1,690,793.5,590,678.5,,,,,,,,,,,FALSE,FALSE,FALSE,Standard Rate,Standard Rate,,10,,
TM-340ML-CL-HW-PP-340ML-Y,PP 340ML Tumbler (500),,TRUE,1,609,700.35,522,600.3,,,,,,,,,,,FALSE,FALSE,FALSE,Standard Rate,Standard Rate,,10,,
TM-340ML-CL-HW-PP-340ML-R,PP 340ML Tumbler (500),,TRUE,1,609,700.35,522,600.3,,,,,,,,,,,FALSE,FALSE,FALSE,Standard Rate,Standard Rate,,10,,
TM-340ML-CL-HW-PP-340ML-PU,PP 340ML Tumbler (500),,TRUE,1,609,700.35,522,600.3,,,,,,,,,,,FALSE,FALSE,FALSE,Standard Rate,Standard Rate,,10,,
TM-340ML-CL-HW-PP-340ML-P,PP 340ML Tumbler (500),,TRUE,1,609,700.35,522,600.3,,,,,,,,,,,FALSE,FALSE,FALSE,Standard Rate,Standard Rate,,10,,
TM-340ML-CL-HW-PP-340ML-O,PP 340ML Tumbler (500),,TRUE,1,609,700.35,522,600.3,,,,,,,,,,,FALSE,FALSE,FALSE,Standard Rate,Standard Rate,,10,,
TM-340ML-CL-HW-PP-340ML-G,PP 340ML Tumbler (500),,TRUE,1,609,700.35,522,600.3,,,,,,,,,,,FALSE,FALSE,FALSE,Standard Rate,Standard Rate,,10,,
TM-340ML-CL-HW-PP-340ML-B,PP 340ML Tumbler (500),,TRUE,1,609,700.35,522,600.3,,,,,,,,,,,FALSE,FALSE,FALSE,Standard Rate,Standard Rate,,10,,
TM-340ML-CL-HW-PP-340ML-BLK,PP 340ML Tumbler (500),,TRUE,1,609,700.35,522,600.3,,,,,,,,,,,FALSE,FALSE,FALSE,Standard Rate,Standard Rate,,10,,
TM-V500-500CL-HW-PP-500ML-CL,PP 500ML Tumbler (500),,TRUE,1,756,869.4,648,745.2,,,,,,,,,,,FALSE,FALSE,FALSE,Standard Rate,Standard Rate,,10,,
TM-V500-500CL-HW-PP-500ML-Y,PP 500ML Tumbler (500),,TRUE,1,756,869.4,648,745.2,,,,,,,,,,,FALSE,FALSE,FALSE,Standard Rate,Standard Rate,,10,,
TM-V500-500CL-HW-PP-500ML-R,PP 500ML Tumbler (500),,TRUE,1,756,869.4,648,745.2,,,,,,,,,,,FALSE,FALSE,FALSE,Standard Rate,Standard Rate,,10,,
TM-V500-500CL-HW-PP-500ML-PU,PP 500ML Tumbler (500),,TRUE,1,756,869.4,648,745.2,,,,,,,,,,,FALSE,FALSE,FALSE,Standard Rate,Standard Rate,,10,,
TM-V500-500CL-HW-PP-500ML-P,PP 500ML Tumbler (500),,TRUE,1,756,869.4,648,745.2,,,,,,,,,,,FALSE,FALSE,FALSE,Standard Rate,Standard Rate,,10,,
TM-V500-500CL-HW-PP-500ML-O,PP 500ML Tumbler (500),,TRUE,1,756,869.4,648,745.2,,,,,,,,,,,FALSE,FALSE,FALSE,Standard Rate,Standard Rate,,10,,
TM-V500-500CL-HW-PP-500ML-G,PP 500ML Tumbler (500),,TRUE,1,756,869.4,648,745.2,,,,,,,,,,,FALSE,FALSE,FALSE,Standard Rate,Standard Rate,,10,,
TM-V500-500CL-HW-PP-500ML-B,PP 500ML Tumbler (500),,TRUE,1,756,869.4,648,745.2,,,,,,,,,,,FALSE,FALSE,FALSE,Standard Rate,Standard Rate,,10,,
TM-V500-500CL-HW-PP-500ML-BLK,PP 500ML Tumbler (500),,TRUE,1,756,869.4,648,745.2,,,,,,,,,,,FALSE,FALSE,FALSE,Standard Rate,Standard Rate,,10,,
CUPASSO500MMIL-500ML-CL,Cup Assorted 500ML Milla X 500,,TRUE,1,899,1033.85,790,908.5,,,,,,,,,,,FALSE,FALSE,FALSE,Standard Rate,Standard Rate,,10,,
CUPCLEA500MMIL-500ML-CL,Cup Clear 500ML Milla X 500,,TRUE,1,899,1033.85,790,908.5,,,,,,,,,,,FALSE,FALSE,FALSE,Standard Rate,Standard Rate,,10,,
SHOOCLEAPLAS25-25ML-CL,Shooter Clear Plastic 25ML X 350,,TRUE,1,395,454.25,355,408.25,,,,,,,,,,,FALSE,FALSE,FALSE,Standard Rate,Standard Rate,,10,,
SHOOASSOPLAS25-25ML-CL,Shooter Assorted Plastic 25ML X 350,,TRUE,1,395,454.25,355,408.25,,,,,,,,,,,FALSE,FALSE,FALSE,Standard Rate,Standard Rate,,10,,
FCU-250ml-CL,Fomo Cups 250ML X 1000,,TRUE,1,114.8,132.02,102.5,117.88,,,,,,,,,,,FALSE,FALSE,FALSE,Standard Rate,Standard Rate,,10,,
CUT-004-W,Plastic Dessert Spoons X 250,,TRUE,1,35.7,41.055,35.445,40.76,,,,,,,,,,,FALSE,FALSE,FALSE,Standard Rate,Standard Rate,,10,,
CUT-005-W,Plastic Forks X 250,,TRUE,1,35.7,41.055,35.445,40.76,,,,,,,,,,,FALSE,FALSE,FALSE,Standard Rate,Standard Rate,,10,,
CUT-006-W,Plastic Knives X 250,,TRUE,1,35.7,41.055,35.445,40.76,,,,,,,,,,,FALSE,FALSE,FALSE,Standard Rate,Standard Rate,,10,,
GUS-016-CL,Gusset Bag (Pack of 1000),,TRUE,1,271.6,312.34,269.66,310.11,,,,,,,,,,,FALSE,FALSE,FALSE,Standard Rate,Standard Rate,,10,,
ZIP-001-CL,Zip-Seal Bag 250 X 360,,TRUE,1,95,109.25,83.4,95.91,,,,,,,,,,,FALSE,FALSE,FALSE,Standard Rate,Standard Rate,,10,,
ZIP-002-CL,Zip-Seal Bag 120 X 180,,TRUE,1,22,25.3,21,24.15,,,,,,,,,,,FALSE,FALSE,FALSE,Standard Rate,Standard Rate,,10,,
ZIP-003-CL,Zip-Seal Bag 100 X 110,,TRUE,1,12,13.8,11.8175,13.59,,,,,,,,,,,FALSE,FALSE,FALSE,Standard Rate,Standard Rate,,10,,
ZIP-004-CL,Zip-Seal Bag 100 X 150,,TRUE,1,16,18.4,16.06,18.47,,,,,,,,,,,FALSE,FALSE,FALSE,Standard Rate,Standard Rate,,10,,
ZIP-005-CL,Zip-Seal Bag 180 X 320,,TRUE,1,54.6,62.79,53.82,61.89,,,,,,,,,,,FALSE,FALSE,FALSE,Standard Rate,Standard Rate,,10,,
ZIP-006-CL,Zip-Seal Bag 215 X 315,,TRUE,1,63,72.45,62.55,71.93,,,,,,,,,,,FALSE,FALSE,FALSE,Standard Rate,Standard Rate,,10,,
ZIP-007-CL,Zip-Seal Bag 40 X 40,,TRUE,1,50,57.5,48.65,55.95,,,,,,,,,,,FALSE,FALSE,FALSE,Standard Rate,Standard Rate,,10,,
ZIP-008-CL,Zip-Seal Bag 40 X 60,,TRUE,1,53,60.95,51.8,59.57,,,,,,,,,,,FALSE,FALSE,FALSE,Standard Rate,Standard Rate,,10,,
ZIP-009-CL,Zip-Seal Bag 50 X 70,,TRUE,1,56,64.4,56,64.4,,,,,,,,,,,FALSE,FALSE,FALSE,Standard Rate,Standard Rate,,10,,
ZIP-010-CL,Zip-Seal Bag 65 X 85,,TRUE,1,70,80.5,70,80.5,,,,,,,,,,,FALSE,FALSE,FALSE,Standard Rate,Standard Rate,,10,,
ZIP-011-CL,Zip-Seal Bag 80 X 120,,TRUE,1,12,13.8,10.721,12.33,,,,,,,,,,,FALSE,FALSE,FALSE,Standard Rate,Standard Rate,,10,,
ZIP-012-CL,Zip-Seal Bag 305 X 420,,TRUE,1,115,132.25,110.4,126.96,,,,,,,,,,,FALSE,FALSE,FALSE,Standard Rate,Standard Rate,,10,,
ZIP-013-CL,Zip-Seal Bag 150 X 180,,TRUE,1,30,34.5,29.181,33.56,,,,,,,,,,,FALSE,FALSE,FALSE,Standard Rate,Standard Rate,,10,,
ZIP-014-CL,Zip-Seal Bag 150 X 250,,TRUE,1,40,46,38.92,44.76,,,,,,,,,,,FALSE,FALSE,FALSE,Standard Rate,Standard Rate,,10,,
ZIP-015-CL,Zip-Seal Bag 25 X 25,,TRUE,1,45.22,52.003,45.22,52,,,,,,,,,,,FALSE,FALSE,FALSE,Standard Rate,Standard Rate,,10,,
ZIP-017-CL,Zip-Seal Bag 300 X 400,,TRUE,1,119,136.85,116.76,134.27,,,,,,,,,,,FALSE,FALSE,FALSE,Standard Rate,Standard Rate,,10,,
ZIP-018-CL,Zip-Seal Bag 200 X 200,,TRUE,1,39.2,45.08,38.92,44.76,,,,,,,,,,,FALSE,FALSE,FALSE,Standard Rate,Standard Rate,,10,,
ZIP-019-CL,Zip-Seal Bag 65 X 80,,TRUE,1,85.4,98.21,85.4,98.21,,,,,,,,,,,FALSE,FALSE,FALSE,Standard Rate,Standard Rate,,10,,
ZIP-020-CL,Zip-Seal Bag 80 X 100,,TRUE,1,103,118.45,102.2,117.53,,,,,,,,,,,FALSE,FALSE,FALSE,Standard Rate,Standard Rate,,10,,
CATER_UVH_01,Knife Parm Couted (Unwrapped) 100's x 10,,TRUE,1,362,416.3,335,385.25,,,,,,,,,,,FALSE,FALSE,FALSE,Standard Rate,Standard Rate,,10,,
CATER_UVH_02,Knife Parm Couted(Individually Wrapped) 150's,,TRUE,1,114,131.1,105,120.75,,,,,,,,,,,FALSE,FALSE,FALSE,Standard Rate,Standard Rate,,10,,
CATER_UVH_03,Fork Parm Couted(Unwrapped) 100's x 10,,TRUE,1,414,476.1,375,431.25,,,,,,,,,,,FALSE,FALSE,FALSE,Standard Rate,Standard Rate,,10,,
CATER_UVH_04,Fork Parm Couted(Individually Wrapped) 150's,,TRUE,1,124,142.6,115,132.25,,,,,,,,,,,FALSE,FALSE,FALSE,Standard Rate,Standard Rate,,10,,
CATER_UVH_05,Spoon Parm Couted(Unwrapped) 100's x 10,,TRUE,1,433,497.95,399,458.85,,,,,,,,,,,FALSE,FALSE,FALSE,Standard Rate,Standard Rate,,10,,
CATER_UVH_06,Spoon Parm Couted(Individually Wrapped) 150's,,TRUE,1,127,146.05,119,136.85,,,,,,,,,,,FALSE,FALSE,FALSE,Standard Rate,Standard Rate,,10,,
CATER_UVH_07,Tea Spoon Parm Couted(Unwrapped) 100's x 20,,TRUE,1,567,652.05,520,598,,,,,,,,,,,FALSE,FALSE,FALSE,Standard Rate,Standard Rate,,10,,
CATER_UVH_08,"Catering Pack Parm Couted(Knife, Fork & Serviette)",,TRUE,1,391,449.65,360,414,,,,,,,,,,,FALSE,FALSE,FALSE,Standard Rate,Standard Rate,,10,,
CATER_UVH_09,Wooden Cutlery Ab-Grade,,TRUE,1,303,348.45,280,322,,,,,,,,,,,FALSE,FALSE,FALSE,Standard Rate,Standard Rate,,10,,
CATER_UVH_10,Knife (Individually Wrapped) 150's,,TRUE,1,97,111.55,90,103.5,,,,,,,,,,,FALSE,FALSE,FALSE,Standard Rate,Standard Rate,,10,,
CATER_UVH_11,Fork (Unwrapped) 100's x 10,,TRUE,1,363,417.45,335,385.25,,,,,,,,,,,FALSE,FALSE,FALSE,Standard Rate,Standard Rate,,10,,
CATER_UVH_12,Selling Price Per Shrink Pack of 100 Units,,TRUE,1,36,41.4,34,39.1,,,,,,,,,,,FALSE,FALSE,FALSE,Standard Rate,Standard Rate,,10,,
CATER_UVH_13,Fork (Individually Wrapped) 150's,,TRUE,1,109,125.35,100,115,,,,,,,,,,,FALSE,FALSE,FALSE,Standard Rate,Standard Rate,,10,,
CATER_UVH_14,Spoon (Unwrapped) 100's x 10,,TRUE,1,375,431.25,340,391,,,,,,,,,,,FALSE,FALSE,FALSE,Standard Rate,Standard Rate,,10,,
CATER_UVH_15,Spoon (Individually Wrapped) 150's,,TRUE,1,111,127.65,102,117.3,,,,,,,,,,,FALSE,FALSE,FALSE,Standard Rate,Standard Rate,,10,,
CATER_UVH_16,Tea Spoon (Unwrapped) 100's x 20,,TRUE,1,481,553.15,440,506,,,,,,,,,,,FALSE,FALSE,FALSE,Standard Rate,Standard Rate,,10,,
CATER_UVH_17,"Catering Pack (Knife, Fork & Serviette)",,TRUE,1,311,357.65,280,322,,,,,,,,,,,FALSE,FALSE,FALSE,Standard Rate,Standard Rate,,10,,
CATER_UVH_18,Toothpicks (Individually Wrapped) 1000's x 6,,TRUE,1,232,266.8,215,247.25,,,,,,,,,,,FALSE,FALSE,FALSE,Standard Rate,Standard Rate,,10,,
CATER_UVH_19,Stirrer Stick Packs of 1000's x 8 per Box,,TRUE,1,444,510.6,395,454.25,,,,,,,,,,,FALSE,FALSE,FALSE,Standard Rate,Standard Rate,,10,,
DB-0080-BK-OD-B-80L-BLK,80ℓ Wheelie Bins Recycled ( Non SABS),,TRUE,1,390,448.5,360,414,,,,,,,,,,,FALSE,FALSE,FALSE,Standard Rate,Standard Rate,,10,,
DB-0080-BK-OD-B-80L-B,80ℓ Wheelie Bins Recycled ( Non SABS),,TRUE,1,390,448.5,360,414,,,,,,,,,,,FALSE,FALSE,FALSE,Standard Rate,Standard Rate,,10,,
DB-0080-BK-OD-B-80L-R,80ℓ Wheelie Bins Recycled ( Non SABS),,TRUE,1,390,448.5,360,414,,,,,,,,,,,FALSE,FALSE,FALSE,Standard Rate,Standard Rate,,10,,
DB-0080-BK-OD-B-80L-Y,80ℓ Wheelie Bins Recycled ( Non SABS),,TRUE,1,390,448.5,360,414,,,,,,,,,,,FALSE,FALSE,FALSE,Standard Rate,Standard Rate,,10,,
DB-0140-BK-OD-B-120L-BLK,120ℓ Wheelie Bins Recycled ( Non SABS),,TRUE,1,420,483,390,448.5,,,,,,,,,,,FALSE,FALSE,FALSE,Standard Rate,Standard Rate,,10,,
DB-0140-BK-OD-B-120L-B,120ℓ Wheelie Bins Recycled ( Non SABS),,TRUE,1,420,483,390,448.5,,,,,,,,,,,FALSE,FALSE,FALSE,Standard Rate,Standard Rate,,10,,
DB-0140-BK-OD-B-120L-R,120ℓ Wheelie Bins Recycled ( Non SABS),,TRUE,1,420,483,390,448.5,,,,,,,,,,,FALSE,FALSE,FALSE,Standard Rate,Standard Rate,,10,,
DB-0140-BK-OD-B-120L-Y,120ℓ Wheelie Bins Recycled ( Non SABS),,TRUE,1,420,483,390,448.5,,,,,,,,,,,FALSE,FALSE,FALSE,Standard Rate,Standard Rate,,10,,
DB-0240-BK-OD-B-240L-BLK,240ℓ Wheelie Bins Recycled (Non SABS),,TRUE,1,650,747.5,590,678.5,,,,,,,,,,,FALSE,FALSE,FALSE,Standard Rate,Standard Rate,,10,,
DB-0240-BK-OD-B-240L-B,240ℓ Wheelie Bins Recycled (Non SABS),,TRUE,1,650,747.5,590,678.5,,,,,,,,,,,FALSE,FALSE,FALSE,Standard Rate,Standard Rate,,10,,
DB-0240-BK-OD-B-240L-R,240ℓ Wheelie Bins Recycled (Non SABS),,TRUE,1,650,747.5,590,678.5,,,,,,,,,,,FALSE,FALSE,FALSE,Standard Rate,Standard Rate,,10,,
DB-0240-BK-OD-B-240L-Y,240ℓ Wheelie Bins Recycled (Non SABS),,TRUE,1,650,747.5,590,678.5,,,,,,,,,,,FALSE,FALSE,FALSE,Standard Rate,Standard Rate,,10,,
DB-0240-BK-OD-B/4-G,240ℓ Wheelie Bins for Recycling Lid,,TRUE,1,790,908.5,690,793.5,,,,,,,,,,,FALSE,FALSE,FALSE,Standard Rate,Standard Rate,,10,,
DB-0240-BK-OD-B/4-B,240ℓ Wheelie Bins for Recycling Lid,,TRUE,1,790,908.5,690,793.5,,,,,,,,,,,FALSE,FALSE,FALSE,Standard Rate,Standard Rate,,10,,
DB-0240-BK-OD-B/4-R,240ℓ Wheelie Bins for Recycling Lid,,TRUE,1,790,908.5,690,793.5,,,,,,,,,,,FALSE,FALSE,FALSE,Standard Rate,Standard Rate,,10,,
DB-0240-BK-OD-B/4-Y,240ℓ Wheelie Bins for Recycling Lid,,TRUE,1,790,908.5,690,793.5,,,,,,,,,,,FALSE,FALSE,FALSE,Standard Rate,Standard Rate,,10,,
DB-240-BK-SABS-B-240L,240ℓ Wheelie Bins Virgin (SABS Approved ),,TRUE,1,890,1023.5,850,977.5,,,,,,,,,,,FALSE,FALSE,FALSE,Standard Rate,Standard Rate,,10,,
TM-V200-500-HW-PP-UVH,PP 200ML Tumblers,,TRUE,1,441,507.15,378,434.7,,,,,,,,,,,FALSE,FALSE,FALSE,Standard Rate,Standard Rate,,10,,
TM-340ML-HW-PP-UVH-CL,PP 340ML Tumbler (500),,TRUE,1,609,700.35,522,600.3,,,,,,,,,,,FALSE,FALSE,FALSE,Standard Rate,Standard Rate,,10,,
TM-V500-500CL-HW-PP-UVH-CL,PP 500ML Tumbler (500),,TRUE,1,756,869.4,648,745.2,,,,,,,,,,,FALSE,FALSE,FALSE,Standard Rate,Standard Rate,,10,,
DB-0080-BK-OD-BLK,80ℓ Wheelie Bins Recycled ( Non SABS),,TRUE,1,390,448.5,360,414,,,,,,,,,,,FALSE,FALSE,FALSE,Standard Rate,Standard Rate,,10,,
DB-0080-BK-OD-B,80ℓ Wheelie Bins Recycled ( Non SABS),,TRUE,1,390,448.5,360,414,,,,,,,,,,,FALSE,FALSE,FALSE,Standard Rate,Standard Rate,,10,,
DB-0080-BK-OD-R,80ℓ Wheelie Bins Recycled ( Non SABS),,TRUE,1,5005,5755.75,462,531.3,,,,,,,,,,,FALSE,FALSE,FALSE,Standard Rate,Standard Rate,,10,,
DB-0080-BK-OD-Y,80ℓ Wheelie Bins Recycled ( Non SABS),,TRUE,1,5005,5755.75,462,531.3,,,,,,,,,,,FALSE,FALSE,FALSE,Standard Rate,Standard Rate,,10,,
DB-0080-BK-OD-GREEN,80ℓ Wheelie Bins Recycled ( Non SABS) - Municipality,,TRUE,1,5005,5755.75,462,531.3,,,,,,,,,,,FALSE,FALSE,FALSE,Standard Rate,Standard Rate,,10,,
DB-0140-BK-OD-BLK,120ℓ Wheelie Bins Recycled ( Non SABS),,TRUE,1,420,483,390,448.5,,,,,,,,,,,FALSE,FALSE,FALSE,Standard Rate,Standard Rate,,10,,
DB-0140-BK-OD-B,120ℓ Wheelie Bins Recycled ( Non SABS),,TRUE,1,420,483,390,448.5,,,,,,,,,,,FALSE,FALSE,FALSE,Standard Rate,Standard Rate,,10,,
DB-0140-BK-OD-R,120ℓ Wheelie Bins Recycled ( Non SABS),,TRUE,1,507,583.05,468,538.2,,,,,,,,,,,FALSE,FALSE,FALSE,Standard Rate,Standard Rate,,10,,
DB-0140-BK-OD-Y,120ℓ Wheelie Bins Recycled ( Non SABS),,TRUE,1,507,583.05,468,538.2,,,,,,,,,,,FALSE,FALSE,FALSE,Standard Rate,Standard Rate,,10,,
DB-0140-BK-OD-GREEN,120ℓ Wheelie Bins Recycled ( Non SABS) - Municipality,,TRUE,1,507,583.05,468,538.2,,,,,,,,,,,FALSE,FALSE,FALSE,Standard Rate,Standard Rate,,10,,
DB-0240-BK-OD-BLK,240ℓ Wheelie Bins Recycled (Non SABS),,TRUE,1,650,747.5,590,678.5,,,,,,,,,,,FALSE,FALSE,FALSE,Standard Rate,Standard Rate,,10,,
DB-0240-BK-OD-B,240ℓ Wheelie Bins Recycled (Non SABS),,TRUE,1,650,747.5,590,678.5,,,,,,,,,,,FALSE,FALSE,FALSE,Standard Rate,Standard Rate,,10,,
DB-0240-BK-OD-R,240ℓ Wheelie Bins Recycled (Non SABS),,TRUE,1,9035,10390.25,834,959.1,,,,,,,,,,,FALSE,FALSE,FALSE,Standard Rate,Standard Rate,,10,,
DB-0240-BK-OD-Y,240ℓ Wheelie Bins Recycled (Non SABS),,TRUE,1,9035,10390.25,834,959.1,,,,,,,,,,,FALSE,FALSE,FALSE,Standard Rate,Standard Rate,,10,,
DB-0240-BK-OD-GREEN,240ℓ Wheelie Bins Recycled (Non SABS) - Municipality,,TRUE,1,9035,10390.25,834,959.1,,,,,,,,,,,FALSE,FALSE,FALSE,Standard Rate,Standard Rate,,10,,
DB-0240-BK-OD-B-YELLOW,240ℓ Wheelie Bins for Recycling Lid,,TRUE,1,650,747.5,590,678.5,,,,,,,,,,,FALSE,FALSE,FALSE,Standard Rate,Standard Rate,,10,,
DB-0240-BK-OD-B-BLUE,240ℓ Wheelie Bins for Recycling Lid,,TRUE,1,650,747.5,590,678.5,,,,,,,,,,,FALSE,FALSE,FALSE,Standard Rate,Standard Rate,,10,,
DB-0240-BK-OD-B-R,240ℓ Wheelie Bins for Recycling Lid,,TRUE,1,650,747.5,590,678.5,,,,,,,,,,,FALSE,FALSE,FALSE,Standard Rate,Standard Rate,,10,,
DB-0240-BK-OD-B-G,240ℓ Wheelie Bins for Recycling Lid,,TRUE,1,650,747.5,590,678.5,,,,,,,,,,,FALSE,FALSE,FALSE,Standard Rate,Standard Rate,,10,,
DB-240-BK-SABS-BLK,240ℓ Wheelie Bins Virgin (SABS Approved ),,TRUE,1,890,1023.5,850,977.5,,,,,,,,,,,FALSE,FALSE,FALSE,Standard Rate,Standard Rate,,10,,
DB-240-BK-SABS-B,240ℓ Wheelie Bins Virgin (SABS Approved ),,TRUE,1,890,1023.5,850,977.5,,,,,,,,,,,FALSE,FALSE,FALSE,Standard Rate,Standard Rate,,10,,
DB-240-BK-SABS-R,240ℓ Wheelie Bins Virgin (SABS Approved ),,TRUE,1,936,1076.4,864,993.6,,,,,,,,,,,FALSE,FALSE,FALSE,Standard Rate,Standard Rate,,10,,
DB-240-BK-SABS-Y,240ℓ Wheelie Bins Virgin (SABS Approved ),,TRUE,1,936,1076.4,864,993.6,,,,,,,,,,,FALSE,FALSE,FALSE,Standard Rate,Standard Rate,,10,,
DB-240-BK-SABS-GREEN,240ℓ Wheelie Bins Virgin (SABS Approved ) - Municipality,,TRUE,1,936,1076.4,864,993.6,,,,,,,,,,,FALSE,FALSE,FALSE,Standard Rate,Standard Rate,,10,,
AW-1M-DY-B,1M Awning,,TRUE,1,550,632.5,530,609.5,,,,,,,,,,,FALSE,FALSE,FALSE,Standard Rate,Standard Rate,,10,,
AW-1.2M-DY-B,1.2M Awning,,TRUE,1,580,667,540,621,,,,,,,,,,,FALSE,FALSE,FALSE,Standard Rate,Standard Rate,,10,,
AW-2.4M-DY-B,2.4M Awning,,TRUE,1,950,1092.5,890,1023.5,,,,,,,,,,,FALSE,FALSE,FALSE,Standard Rate,Standard Rate,,10,,
CB-R008-HW-B,Cigarette Butt Bucket,,TRUE,1,12,13.8,11,12.65,,,,,,,,,,,FALSE,FALSE,FALSE,Standard Rate,Standard Rate,,10,,
CB-V008-HW-B-B,Cigarette Butt Bucket - Assorted Colours,,TRUE,1,13,14.95,11.5,13.23,,,,,,,,,,,FALSE,FALSE,FALSE,Standard Rate,Standard Rate,,10,,
CB-V008-HW-B-G,Cigarette Butt Bucket - Assorted Colours,,TRUE,1,13,14.95,11.5,13.23,,,,,,,,,,,FALSE,FALSE,FALSE,Standard Rate,Standard Rate,,10,,
CB-V008-HW-B-R,Cigarette Butt Bucket - Assorted Colours,,TRUE,1,13,14.95,11.5,13.23,,,,,,,,,,,FALSE,FALSE,FALSE,Standard Rate,Standard Rate,,10,,
DY-TB-032-BK,Full Toolbox,,TRUE,1,95,109.25,90,103.5,,,,,,,,,,,FALSE,FALSE,FALSE,Standard Rate,Standard Rate,,10,,
DY-TB-050-BK,Full Toolbox,,TRUE,1,145,166.75,130,149.5,,,,,,,,,,,FALSE,FALSE,FALSE,Standard Rate,Standard Rate,,10,,
SB-BK-DY-B-BLK,"Heavy Duty Stackable Crate (H197,W600,D390)",,TRUE,1,130,149.5,115,132.25,,,,,,,,,,,FALSE,FALSE,FALSE,Standard Rate,Standard Rate,,10,,
SB-CL-DY-B-W,"Heavy Duty Stackable Crate (H197,W600,D390)",,TRUE,1,170,195.5,155,178.25,,,,,,,,,,,FALSE,FALSE,FALSE,Standard Rate,Standard Rate,,10,,
SB-RC-DY-B-R,"Heavy Duty Stackable Crate (H197,W600,D390)",,TRUE,1,170,195.5,155,178.25,,,,,,,,,,,FALSE,FALSE,FALSE,Standard Rate,Standard Rate,,10,,
SB-0025-FB-DY-B,Pride 25ℓ Storage Box - Full,,TRUE,1,68,78.2,63,72.45,,,,,,,,,,,FALSE,FALSE,FALSE,Standard Rate,Standard Rate,,10,,
SB-0045-FB-DY-B,Pride 45ℓ Storage Box - Full,,TRUE,1,94,108.1,86,98.9,,,,,,,,,,,FALSE,FALSE,FALSE,Standard Rate,Standard Rate,,10,,
SB-0065-FB-DY-B,Pride 65ℓ Storage Box - Full,,TRUE,1,115,132.25,105,120.75,,,,,,,,,,,FALSE,FALSE,FALSE,Standard Rate,Standard Rate,,10,,
SB-03PC-FB-DY-B,Pride 3 Piece Storage Box - Full,,TRUE,1,280,322,255,293.25,,,,,,,,,,,FALSE,FALSE,FALSE,Standard Rate,Standard Rate,,10,,
SB-010-DY-B,Pride 110ℓ Storage Box,,TRUE,1,220,253,190,218.5,,,,,,,,,,,FALSE,FALSE,FALSE,Standard Rate,Standard Rate,,10,,
SB-0150-DY-B,Pride 150ℓ Storage Box,,TRUE,1,280,322,255,293.25,,,,,,,,,,,FALSE,FALSE,FALSE,Standard Rate,Standard Rate,,10,,
SB-0046-BKR-DY-B,Pride 46ℓ Ammo Box,,TRUE,1,155,178.25,140,161,,,,,,,,,,,FALSE,FALSE,FALSE,Standard Rate,Standard Rate,,10,,
CB-0008-RD-OD-B-B,8L Cooler Box,,TRUE,1,115,132.25,105,120.75,,,,,,,,,,,FALSE,FALSE,FALSE,Standard Rate,Standard Rate,,10,,
CB-0008-RD-OD-B-R,8L Cooler Box,,TRUE,1,115,132.25,105,120.75,,,,,,,,,,,FALSE,FALSE,FALSE,Standard Rate,Standard Rate,,10,,
CB-0008-RD-OD-B-SV,8L Cooler Box,,TRUE,1,115,132.25,105,120.75,,,,,,,,,,,FALSE,FALSE,FALSE,Standard Rate,Standard Rate,,10,,
CB-0008-RD-OD-B-OL,8L Cooler Box,,TRUE,1,115,132.25,105,120.75,,,,,,,,,,,FALSE,FALSE,FALSE,Standard Rate,Standard Rate,,10,,
DR-CB25-RD-HW-B-B,25L Cooler Box,,TRUE,1,166.6,191.59,155,178.25,,,,,,,,,,,FALSE,FALSE,FALSE,Standard Rate,Standard Rate,,10,,
DR-CB25-RD-HW-B-R,25L Cooler Box,,TRUE,1,166.6,191.59,155,178.25,,,,,,,,,,,FALSE,FALSE,FALSE,Standard Rate,Standard Rate,,10,,
DR-CB25-RD-HW-B-SV,25L Cooler Box,,TRUE,1,166.6,191.59,155,178.25,,,,,,,,,,,FALSE,FALSE,FALSE,Standard Rate,Standard Rate,,10,,
DR-CB25-RD-HW-B-OL,25L Cooler Box,,TRUE,1,166.6,191.59,155,178.25,,,,,,,,,,,FALSE,FALSE,FALSE,Standard Rate,Standard Rate,,10,,
DR-CB28-PRD-HW-B-BRB,28L Cooler Box,,TRUE,1,222.6,255.99,205,235.75,,,,,,,,,,,FALSE,FALSE,FALSE,Standard Rate,Standard Rate,,10,,
DR-CB28-PRD-HW-B-BRR,28L Cooler Box,,TRUE,1,222.6,255.99,205,235.75,,,,,,,,,,,FALSE,FALSE,FALSE,Standard Rate,Standard Rate,,10,,
DR-CB28-SUN-HW-B,28L IML Sun Cooler Box - Funky Colours,,TRUE,1,266,305.9,245,281.75,,,,,,,,,,,FALSE,FALSE,FALSE,Standard Rate,Standard Rate,,10,,
DB-0060-BK-OD-B,Dust Bin 60 ℓ,,TRUE,1,115,132.25,105,120.75,,,,,,,,,,,FALSE,FALSE,FALSE,Standard Rate,Standard Rate,,10,,
DB-0060-RBG-HW-B,"Dust Bin 60 ℓ -, & Lid",,TRUE,1,345,396.75,325,373.75,,,,,,,,,,,FALSE,FALSE,FALSE,Standard Rate,Standard Rate,,10,,
MOPWHTE18,Mop Caps 18 Single Stitch 10gsm - 100,,TRUE,1,18.0225,20.725875,16.27061288,18.71,,,,,,,,,,,FALSE,FALSE,FALSE,Standard Rate,Standard Rate,,10,,
MOP-CAP-21,Mop Caps 21 Double Stitch 10gsm - 100,,TRUE,1,39,44.85,35,40.25,,,,,,,,,,,FALSE,FALSE,FALSE,Standard Rate,Standard Rate,,10,,
ASTRO-CAP-18,Astro Cap Spunbond Non-Woven 18gsm - 100,,TRUE,1,190,218.5,180,207,,,,,,,,,,,FALSE,FALSE,FALSE,Standard Rate,Standard Rate,,10,,
OVERSH-WSHOE-W,Overshoes Spunbond Non-Woven 30gsm - 100,,TRUE,1,49.9,57.385,43.5625,50.1,,,,,,,,,,,FALSE,FALSE,FALSE,Standard Rate,Standard Rate,,10,,
CPE-SHOE-LD-BLU,CPE Shoe Cover Ld (Plastic) - 100,,TRUE,1,23,26.45,219,251.85,,,,,,,,,,,FALSE,FALSE,FALSE,Standard Rate,Standard Rate,,10,,
CPE-SHOE-BLU,CPE Shoe Cover (Plastic) - 100,,TRUE,1,399,458.85,375,431.25,,,,,,,,,,,FALSE,FALSE,FALSE,Standard Rate,Standard Rate,,10,,
CPE-SHOE-BLU-PLUS,CPE Shoe Cover Premium Plus - 100,,TRUE,1,119,136.85,109,125.35,,,,,,,,,,,FALSE,FALSE,FALSE,Standard Rate,Standard Rate,,10,,
SLEEVE-PE-WBRYG,Plastic (P.E.) Sleeve Protectors - 100,,TRUE,1,299,343.85,25,28.75,,,,,,,,,,,FALSE,FALSE,FALSE,Standard Rate,Standard Rate,,10,,
SLEEVE-PE-W50,Plastic (P.E.) Sleeve Protectors - 100,,TRUE,1,145,166.75,145,166.75,,,,,,,,,,,FALSE,FALSE,FALSE,Standard Rate,Standard Rate,,10,,
BEARD-COVER-WB,Beard Cover Spunbond Non-Woven 10 GSM - Bag of 100,,TRUE,1,39,44.85,34,39.1,,,,,,,,,,,FALSE,FALSE,FALSE,Standard Rate,Standard Rate,,10,,
WRIST-COVER-W,Wrist Cover Spunbond Non-Woven 20gsm - 100,,TRUE,1,80.595,92.68425,72.76071825,83.67,,,,,,,,,,,FALSE,FALSE,FALSE,Standard Rate,Standard Rate,,10,,
LAB-COAT-40W,Lab Coat Non-Woven 40gsm X 50,,TRUE,1,199,228.85,179,205.85,,,,,,,,,,,FALSE,FALSE,FALSE,Standard Rate,Standard Rate,,10,,
LAB-COAT-50W-LAW,Lab Coat Spunbond Non-Woven 50gsm X 50,,TRUE,1,35,40.25,32,36.8,,,,,,,,,,,FALSE,FALSE,FALSE,Standard Rate,Standard Rate,,10,,
COVERALL-40W,Coveralls Spunbond Non-Woven 40gsm,,TRUE,1,23,26.45,20,23,,,,,,,,,,,FALSE,FALSE,FALSE,Standard Rate,Standard Rate,,10,,
COVERALL-50W-AVI,Coveralls Spunbond Non-Woven 50gsm,,TRUE,1,28,32.2,25,28.75,,,,,,,,,,,FALSE,FALSE,FALSE,Standard Rate,Standard Rate,,10,,
COVERALL-MICRO-65W,Coveralls Spunbond Non-Woven Microporous 65gsm,,TRUE,1,48,55.2,43,49.45,,,,,,,,,,,FALSE,FALSE,FALSE,Standard Rate,Standard Rate,,10,,
COVERALL-T56-65W-S,Coveralls Type 5/6 65gsm,,TRUE,1,48,55.2,44,50.6,,,,,,,,,,,FALSE,FALSE,FALSE,Standard Rate,Standard Rate,,10,,
COVERALL-T56-65W-L,Coveralls Type 5/6 65 GSM,,TRUE,1,359,412.85,32,36.8,,,,,,,,,,,FALSE,FALSE,FALSE,Standard Rate,Standard Rate,,10,,
COVERALL-T56-BLUESTRIPE,Coveralls Stripe Type 5/6 65 GSM,,TRUE,1,39,44.85,35,40.25,,,,,,,,,,,FALSE,FALSE,FALSE,Standard Rate,Standard Rate,,10,,
APRONS-HDPE-10,Apron HDPE (Econo) 10 Micron - 100,,TRUE,1,33,37.95,30,34.5,,,,,,,,,,,FALSE,FALSE,FALSE,Standard Rate,Standard Rate,,10,,
APRONS-15MIC-W,Apron 15 Micron - 100,,TRUE,1,49,56.35,45,51.75,,,,,,,,,,,FALSE,FALSE,FALSE,Standard Rate,Standard Rate,,10,,
APRONS-20MIC,Apron 20 Micron - 100,,TRUE,1,59,67.85,55,63.25,,,,,,,,,,,FALSE,FALSE,FALSE,Standard Rate,Standard Rate,,10,,
APRONS-30MIC-HD,Apron Heavy Duty 30 Micron - 100,,TRUE,1,899,1033.85,85,97.75,,,,,,,,,,,FALSE,FALSE,FALSE,Standard Rate,Standard Rate,,10,,
APRONS-50MIC-PLUS,Apron Premium Plus 50 Micron - 100,,TRUE,1,210,241.5,195,224.25,,,,,,,,,,,FALSE,FALSE,FALSE,Standard Rate,Standard Rate,,10,,
APRONS-HC-17.5MIC,Apron on Header Card 17.5 Micron - 25 Per Card,,TRUE,1,22,25.3,19,21.85,,,,,,,,,,,FALSE,FALSE,FALSE,Standard Rate,Standard Rate,,10,,
APRONS-HC-30MIC-STRIPE,Apron on Header Card 30 Micron - 25 Per Card,,TRUE,1,49,56.35,45,51.75,,,,,,,,,,,FALSE,FALSE,FALSE,Standard Rate,Standard Rate,,10,,
SMOCKS-30MIC,Smocks 30 Micron - 100,,TRUE,1,230,264.5,205,235.75,,,,,,,,,,,FALSE,FALSE,FALSE,Standard Rate,Standard Rate,,10,,
SMOCKS-40MIC-PLUS,Smocks Premium Plus 40 Micron - 100,,TRUE,1,540,621,495,569.25,,,,,,,,,,,FALSE,FALSE,FALSE,Standard Rate,Standard Rate,,10,,
MOB-CAP-24PLUS,Mob Cap Premium Plus 24 15gsm - 100,,TRUE,1,49,56.35,45,51.75,,,,,,,,,,,FALSE,FALSE,FALSE,Standard Rate,Standard Rate,,10,,
COV-SPUN-30,Disposable Spunbond Coveralls (30gsm),,TRUE,1,2573,2958.95,2217,2549.55,,,,,,,,,,,FALSE,FALSE,FALSE,Standard Rate,Standard Rate,,10,,
COV-SPUN-40,Disposable Spunbond Coveralls (40gsm),,TRUE,1,2739,3149.85,236,271.4,,,,,,,,,,,FALSE,FALSE,FALSE,Standard Rate,Standard Rate,,10,,
COV-5B6B-65,Disposable Spunbond Coveralls Type 5B/6B - 65gsm,,TRUE,1,,0,,0,,,,,,,,,,,FALSE,FALSE,FALSE,Standard Rate,Standard Rate,,10,,
COV-NW-DISP,Disposable Coveralls Non Woven,,TRUE,1,415,477.25,3575,4111.25,,,,,,,,,,,FALSE,FALSE,FALSE,Standard Rate,Standard Rate,,10,,
COV-REUSE-GEN,Reusable Coveralls,,TRUE,1,166,190.9,143,164.45,,,,,,,,,,,FALSE,FALSE,FALSE,Standard Rate,Standard Rate,,10,,
COV-PP-DISP,Polypropylene Coveralls,,TRUE,1,,0,,0,,,,,,,,,,,FALSE,FALSE,FALSE,Standard Rate,Standard Rate,,10,,
COV-SP-OXF,Spray Paint Coveralls (Oxford),,TRUE,1,,0,,0,,,,,,,,,,,FALSE,FALSE,FALSE,Standard Rate,Standard Rate,,10,,
COV-SP-AS,Spray Paint Coveralls Antistatic,,TRUE,1,,0,,0,,,,,,,,,,,FALSE,FALSE,FALSE,Standard Rate,Standard Rate,,10,,
COV-56-BSTR,Type 5/6 Coveralls Stripe 65 GSM,,TRUE,1,39,44.85,35,40.25,,,,,,,,,,,FALSE,FALSE,FALSE,Standard Rate,Standard Rate,,10,,
W291,Hi Baby Wipes - Premium Baby Wet Wipes,,TRUE,1,3.1725,3.648375,2.9375,3.38,,,,,,,,,,,FALSE,FALSE,FALSE,Standard Rate,Standard Rate,,10,,
BN215,Hi Baby Every Day Baby Diapers - 20 Nappies,,TRUE,1,60,69,50,57.5,,,,,,,,,,,FALSE,FALSE,FALSE,Standard Rate,Standard Rate,,10,,
AD110,Certainty Premium Overnight Adult Diapers - M (10 Pieces),,TRUE,1,115,132.25,105,120.75,,,,,,,,,,,FALSE,FALSE,FALSE,Standard Rate,Standard Rate,,10,,
AD110-1,Certainty Premium Overnight Adult Diapers - S (10 Pieces),,TRUE,1,115,132.25,105,120.75,,,,,,,,,,,FALSE,FALSE,FALSE,Standard Rate,Standard Rate,,10,,
AD110-2,Certainty Premium Overnight Adult Diapers - L (10 Pieces),,TRUE,1,115,132.25,105,120.75,,,,,,,,,,,FALSE,FALSE,FALSE,Standard Rate,Standard Rate,,10,,
AD110-3,Certainty Premium Overnight Adult Diapers - (10 Pieces),,TRUE,1,115,132.25,105,120.75,,,,,,,,,,,FALSE,FALSE,FALSE,Standard Rate,Standard Rate,,10,,
AD110-4,Certainty Premium Overnight Adult Diapers - (10 Pieces),,TRUE,1,115,132.25,105,120.75,,,,,,,,,,,FALSE,FALSE,FALSE,Standard Rate,Standard Rate,,10,,
BN215-1,Certainty Unisex Super Absorbent Diapers Adult Diapers - M (10 Pieces),,TRUE,1,100,115,90,103.5,,,,,,,,,,,FALSE,FALSE,FALSE,Standard Rate,Standard Rate,,10,,
W560,Baby Softy Wet Wipes 80,,TRUE,1,4.05,4.6575,3.75,4.31,,,,,,,,,,,FALSE,FALSE,FALSE,Standard Rate,Standard Rate,,10,,
BN215-2,Certainty Unisex Super Absorbent Diapers Adult Diapers - L (10 Pieces),,TRUE,1,100,115,90,103.5,,,,,,,,,,,FALSE,FALSE,FALSE,Standard Rate,Standard Rate,,10,,
BN215-3,Certainty Unisex Super Absorbent Diapers Adult Diapers - (10 Pieces),,TRUE,1,100,115,90,103.5,,,,,,,,,,,FALSE,FALSE,FALSE,Standard Rate,Standard Rate,,10,,
BN215-4,Certainty Unisex Super Absorbent Diapers Adult Diapers - S (10 Pieces),,TRUE,1,100,115,90,103.5,,,,,,,,,,,FALSE,FALSE,FALSE,Standard Rate,Standard Rate,,10,,
CP104,Certainty Adult Pull Up 10 Nappies,,TRUE,1,125,143.75,110,126.5,,,,,,,,,,,FALSE,FALSE,FALSE,Standard Rate,Standard Rate,,10,,
CP105,Certainty Adult Pull Up 10 Nappies,,TRUE,1,125,143.75,110,126.5,,,,,,,,,,,FALSE,FALSE,FALSE,Standard Rate,Standard Rate,,10,,
CP106,Certainty Adult Pull Up 10 Nappies,,TRUE,1,125,143.75,110,126.5,,,,,,,,,,,FALSE,FALSE,FALSE,Standard Rate,Standard Rate,,10,,
CP107,Certainty Adult Pull Up 10 Nappies,,TRUE,1,125,143.75,110,126.5,,,,,,,,,,,FALSE,FALSE,FALSE,Standard Rate,Standard Rate,,10,,
BN213,Hi Baby Every Day Baby Diapers - 20 Nappies,,TRUE,1,60,69,50,57.5,,,,,,,,,,,FALSE,FALSE,FALSE,Standard Rate,Standard Rate,,10,,
BN214,Hi Baby Every Day Baby Diapers - 20 Nappies,,TRUE,1,60,69,50,57.5,,,,,,,,,,,FALSE,FALSE,FALSE,Standard Rate,Standard Rate,,10,,
BN216,Hi Baby Every Day Baby Diapers - 20 Nappies,,TRUE,1,60,69,50,57.5,,,,,,,,,,,FALSE,FALSE,FALSE,Standard Rate,Standard Rate,,10,,
EP160,Destiny Everyday Sanitary Pads 10 Pack,,TRUE,1,20,23,15,17.25,,,,,,,,,,,FALSE,FALSE,FALSE,Standard Rate,Standard Rate,,10,,
PP161,Destiny Premium Sanitary Pads 8 Pack,,TRUE,1,20,23,15,17.25,,,,,,,,,,,FALSE,FALSE,FALSE,Standard Rate,Standard Rate,,10,,
M005264,3D Waterless Car Wash Empty Bottle & Lid – Green,,TRUE,1,51.548,59.2802,40.502,46.58,,,,,,,,,,,FALSE,FALSE,FALSE,Standard Rate,Standard Rate,,10,,
M005265,3D Spray Cleaner Empty Bottle & Lid,,TRUE,1,51.548,59.2802,40.502,46.58,,,,,,,,,,,FALSE,FALSE,FALSE,Standard Rate,Standard Rate,,10,,
M006949,3D Foam Pro 2 Cleaning Sprayer – 2L,,TRUE,1,1093.134,1257.1041,858.891,987.72,,,,,,,,,,,FALSE,FALSE,FALSE,Standard Rate,Standard Rate,,10,,
M005227,3D Grey Chemical Resistant Sprayer,,TRUE,1,108.066,124.2759,84.909,97.65,,,,,,,,,,,FALSE,FALSE,FALSE,Standard Rate,Standard Rate,,10,,
M005337,3D 107 Eraser Water Spot Remover – 473ml,,TRUE,1,381.976,439.2724,300.124,345.14,,,,,,,,,,,FALSE,FALSE,FALSE,Standard Rate,Standard Rate,,10,,
M009297,3D 115 Surface Prep Wipe – 454ml,,TRUE,1,324.212,372.8438,254.738,292.95,,,,,,,,,,,FALSE,FALSE,FALSE,Standard Rate,Standard Rate,,10,,
M009384,3D 513 I-Cut Industrial Cutting Compound – 946ml,,TRUE,1,608.048,699.2552,477.752,549.41,,,,,,,,,,,FALSE,FALSE,FALSE,Standard Rate,Standard Rate,,10,,
M007168,3D 510 Cutting Compound – 946ml,,TRUE,1,1054.004,1212.1046,828.146,952.37,,,,,,,,,,,FALSE,FALSE,FALSE,Standard Rate,Standard Rate,,10,,
M009695,3D 400 One Cutting & Finishing Compound & Polish,,TRUE,1,525.448,604.2652,412.852,474.78,,,,,,,,,,,FALSE,FALSE,FALSE,Standard Rate,Standard Rate,,10,,
M005323,3D 400 One Cutting & Finishing Compound & Polish,,TRUE,1,993.762,1142.8263,780.813,897.93,,,,,,,,,,,FALSE,FALSE,FALSE,Standard Rate,Standard Rate,,10,,
M005078,3D 503 Spray Detailer,,TRUE,1,219.24,252.126,172.26,198.1,,,,,,,,,,,FALSE,FALSE,FALSE,Standard Rate,Standard Rate,,10,,
M005225,3D 503 Spray Detailer,,TRUE,1,539.112,619.9788,423.588,487.13,,,,,,,,,,,FALSE,FALSE,FALSE,Standard Rate,Standard Rate,,10,,
M005056,3D 520 ACA Finishing Polish – 946ml,,TRUE,1,1017.366,1169.9709,799.359,919.26,,,,,,,,,,,FALSE,FALSE,FALSE,Standard Rate,Standard Rate,,10,,
M006596,3D 602 Superior Metal Polish – 487ml,,TRUE,1,408.884,470.2166,321.266,369.46,,,,,,,,,,,FALSE,FALSE,FALSE,Standard Rate,Standard Rate,,10,,
M005555,3D 703 Magic Blue Dressing – 3.78L,,TRUE,1,1822.31,2095.6565,1431.815,1646.59,,,,,,,,,,,FALSE,FALSE,FALSE,Standard Rate,Standard Rate,,10,,
M005556,3D 706 Ultra Protectant – 470ml,,TRUE,1,352.786,405.7039,277.189,318.77,,,,,,,,,,,FALSE,FALSE,FALSE,Standard Rate,Standard Rate,,10,,
M009505,3D 709 Tire Shine – 3.78L,,TRUE,1,1210.524,1392.1026,951.126,1093.79,,,,,,,,,,,FALSE,FALSE,FALSE,Standard Rate,Standard Rate,,10,,
M006597,3D 711 Trim Care Protectant – 487ml,,TRUE,1,563.948,648.5402,443.102,509.57,,,,,,,,,,,FALSE,FALSE,FALSE,Standard Rate,Standard Rate,,10,,
M005370,3D 910 Liquid Leather – 3.78L,,TRUE,1,871.402,1002.1123,684.673,787.37,,,,,,,,,,,FALSE,FALSE,FALSE,Standard Rate,Standard Rate,,10,,
M005371,3D 915 Instant Shine Aerosol – 325ml,,TRUE,1,295.022,339.2753,231.803,266.57,,,,,,,,,,,FALSE,FALSE,FALSE,Standard Rate,Standard Rate,,10,,
M005372,3D 920 Nitro Seal Kit,,TRUE,1,1032.864,1187.7936,811.536,933.27,,,,,,,,,,,FALSE,FALSE,FALSE,Standard Rate,Standard Rate,,10,,
M009378,3D 940CC Ceramic Coating Kit,,TRUE,1,2222.052,2555.3598,1745.898,2007.78,,,,,,,,,,,FALSE,FALSE,FALSE,Standard Rate,Standard Rate,,10,,
M005344,3D Black Spider Finishing Pad,,TRUE,1,600.6,690.69,471.9,542.69,,,,,,,,,,,FALSE,FALSE,FALSE,Standard Rate,Standard Rate,,10,,
M005364,3D Black Spider Finishing Pad,,TRUE,1,412.412,474.2738,324.038,372.64,,,,,,,,,,,FALSE,FALSE,FALSE,Standard Rate,Standard Rate,,10,,
M005057,3D Black Spider Finishing Pad,,TRUE,1,632.282,727.1243,496.793,571.31,,,,,,,,,,,FALSE,FALSE,FALSE,Standard Rate,Standard Rate,,10,,
M004918,3D Cleaning Spur for Wool Pads,,TRUE,1,390.67,449.2705,306.955,353,,,,,,,,,,,FALSE,FALSE,FALSE,Standard Rate,Standard Rate,,10,,
M005342,3D Dark Purple Spider Cutting & Finishing Pad,,TRUE,1,572.04,657.846,449.46,516.88,,,,,,,,,,,FALSE,FALSE,FALSE,Standard Rate,Standard Rate,,10,,
M005058,3D Dark Purple Spider Cutting & Finishing Pad,,TRUE,1,632.282,727.1243,496.793,571.31,,,,,,,,,,,FALSE,FALSE,FALSE,Standard Rate,Standard Rate,,10,,
M008319-GY,3D Edgeless Microfiber Towel – 400gsm,,TRUE,1,64.96,74.704,51.04,58.7,,,,,,,,,,,FALSE,FALSE,FALSE,Standard Rate,Standard Rate,,10,,
M005127-DKB,3D Edgeless Microfiber Towel – 400gsm,,TRUE,1,64.96,74.704,51.04,58.7,,,,,,,,,,,FALSE,FALSE,FALSE,Standard Rate,Standard Rate,,10,,
M004914,"3D Flexible Green Rotary Backing Plate – 6""",,TRUE,1,575.764,662.1286,452.386,520.24,,,,,,,,,,,FALSE,FALSE,FALSE,Standard Rate,Standard Rate,,10,,
M005062,"3D Flexible Backing Plate European Grip – 6""",,TRUE,1,486.948,559.9902,382.602,439.99,,,,,,,,,,,FALSE,FALSE,FALSE,Standard Rate,Standard Rate,,10,,
M006598,"3D Green Standard Cutting Foam Pad – 6.5""",,TRUE,1,280.112,322.1288,220.088,253.1,,,,,,,,,,,FALSE,FALSE,FALSE,Standard Rate,Standard Rate,,10,,
M006599,"3D Grey Standard Finishing Foam Pad – 6.5""",,TRUE,1,280.112,322.1288,220.088,253.1,,,,,,,,,,,FALSE,FALSE,FALSE,Standard Rate,Standard Rate,,10,,
M004928,3D HD Speed Finishing Polish – 946ml,,TRUE,1,827.932,952.1218,650.518,748.1,,,,,,,,,,,FALSE,FALSE,FALSE,Standard Rate,Standard Rate,,10,,
M005128,3D Heavy Duty Soft Brush,,TRUE,1,281.988,324.2862,221.562,254.8,,,,,,,,,,,FALSE,FALSE,FALSE,Standard Rate,Standard Rate,,10,,
M005129,3D Heavy Duty Soft Brush,,TRUE,1,201.236,231.4214,158.114,181.83,,,,,,,,,,,FALSE,FALSE,FALSE,Standard Rate,Standard Rate,,10,,
M009473,"3D K-69 Glass Polish Pads – 6"" – Pack of 3",,TRUE,1,302.47,347.8405,237.655,273.3,,,,,,,,,,,FALSE,FALSE,FALSE,Standard Rate,Standard Rate,,10,,
M005343,3D Light Purple Spider Cutting & Finishing Pad,,TRUE,1,572.04,657.846,449.46,516.88,,,,,,,,,,,FALSE,FALSE,FALSE,Standard Rate,Standard Rate,,10,,
M005059,3D Light Purple Spider Cutting & Finishing Pad,,TRUE,1,632.282,727.1243,496.793,571.31,,,,,,,,,,,FALSE,FALSE,FALSE,Standard Rate,Standard Rate,,10,,
M004919,3D Nano Clay Pad,,TRUE,1,1789.382,2057.7893,1405.943,1616.83,,,,,,,,,,,FALSE,FALSE,FALSE,Standard Rate,Standard Rate,,10,,
M004915,"3D Premium Gold Lamb Wool Polishing Pad – 8""",,TRUE,1,1245.93,1432.8195,978.945,1125.79,,,,,,,,,,,FALSE,FALSE,FALSE,Standard Rate,Standard Rate,,10,,
M005393,3D Premium White Lamb Wool Polishing Pad,,TRUE,1,667.058,767.1167,524.117,602.73,,,,,,,,,,,FALSE,FALSE,FALSE,Standard Rate,Standard Rate,,10,,
M007059,3D Premium White Lamb Wool Polishing Pad,,TRUE,1,1157.114,1330.6811,909.161,1045.54,,,,,,,,,,,FALSE,FALSE,FALSE,Standard Rate,Standard Rate,,10,,
M009395,3D 103 G01 Bug Remover – 3.78L,,TRUE,1,505.582,581.4193,397.243,456.83,,,,,,,,,,,FALSE,FALSE,FALSE,Standard Rate,Standard Rate,,10,,
M009379,3D 108 G01 Towel Kleen Microfiber Detergent – 3.78L,,TRUE,1,562.1,646.415,441.65,507.9,,,,,,,,,,,FALSE,FALSE,FALSE,Standard Rate,Standard Rate,,10,,
M005369,3D 112 LVP Cleaner – 3.78L,,TRUE,1,533.526,613.5549,419.199,482.08,,,,,,,,,,,FALSE,FALSE,FALSE,Standard Rate,Standard Rate,,10,,
M005346,3D 913 Odour Eliminator – 3.78L,,TRUE,1,1000.594,1150.6831,786.181,904.11,,,,,,,,,,,FALSE,FALSE,FALSE,Standard Rate,Standard Rate,,10,,
M006967,3D Foaming Waterless Car Wash – 22.7L,,TRUE,1,2953.958,3397.0517,2320.967,2669.11,,,,,,,,,,,FALSE,FALSE,FALSE,Standard Rate,Standard Rate,,10,,
M005131,3D Super Soap Hyper-Concentrated Car Wash – 22.7L,,TRUE,1,12207.72,14038.878,9591.78,11030.55,,,,,,,,,,,FALSE,FALSE,FALSE,Standard Rate,Standard Rate,,10,,
M005125,3D Waterless Car Wash,,TRUE,1,2554.58,2937.767,2007.17,2308.25,,,,,,,,,,,FALSE,FALSE,FALSE,Standard Rate,Standard Rate,,10,,
M005132,3D Waterless Car Wash,,TRUE,1,247.814,284.9861,230.113,264.63,,,,,,,,,,,FALSE,FALSE,FALSE,Standard Rate,Standard Rate,,10,,
SPUN-ROLL-UVH-B,Jumbo Roll 400m - 800 Wipes Spunlace,,TRUE,1,294,338.1,264,303.6,,,,,,,,,,,FALSE,FALSE,FALSE,Standard Rate,Standard Rate,,10,,
SPUN-ROLL-UVH-G,Jumbo Roll 400m - 800 Wipes Spunlace,,TRUE,1,294,338.1,264,303.6,,,,,,,,,,,FALSE,FALSE,FALSE,Standard Rate,Standard Rate,,10,,
SPUN-ROLL-UVH-R,Jumbo Roll 400m - 800 Wipes Spunlace,,TRUE,1,294,338.1,264,303.6,,,,,,,,,,,FALSE,FALSE,FALSE,Standard Rate,Standard Rate,,10,,
SPUN-ROLL-UVH-W,Jumbo Roll 400m - 800 Wipes Spunlace,,TRUE,1,294,338.1,264,303.6,,,,,,,,,,,FALSE,FALSE,FALSE,Standard Rate,Standard Rate,,10,,
SPUN-ROLL-UVH-Y,Jumbo Roll 400m - 800 Wipes Spunlace,,TRUE,1,294,338.1,264,303.6,,,,,,,,,,,FALSE,FALSE,FALSE,Standard Rate,Standard Rate,,10,,
SPUN-ROLL-UVH-O,Jumbo Roll 400m - 800 Wipes Spunlace,,TRUE,1,294,338.1,264,303.6,,,,,,,,,,,FALSE,FALSE,FALSE,Standard Rate,Standard Rate,,10,,
WBA500-UVH-CL,Wipes Bucket Alcohol 500,,TRUE,1,149,171.35,115,132.25,,,,,,,,,,,FALSE,FALSE,FALSE,Standard Rate,Standard Rate,,10,,
WBA1000-UVH-CL,Wipes Bucket Alcohol 1000,,TRUE,1,219,251.85,175,201.25,,,,,,,,,,,FALSE,FALSE,FALSE,Standard Rate,Standard Rate,,10,,
WBA2000-UVH-CL,Wipes Bucket Alcohol 2000,,TRUE,1,319,366.85,275,316.25,,,,,,,,,,,FALSE,FALSE,FALSE,Standard Rate,Standard Rate,,10,,
WBA500-UVH1-CL,Wipes Bucket Alcohol 500 Dry,,TRUE,1,149,171.35,115,132.25,,,,,,,,,,,FALSE,FALSE,FALSE,Standard Rate,Standard Rate,,10,,
WBA1000-UVH2-CL,Wipes Bucket Alcohol 1000 Dry,,TRUE,1,219,251.85,175,201.25,,,,,,,,,,,FALSE,FALSE,FALSE,Standard Rate,Standard Rate,,10,,
WBA100J-UVH-CL,Alcohol Wipes 100 - All Clear,,TRUE,1,36,41.4,33,37.95,,,,,,,,,,,FALSE,FALSE,FALSE,Standard Rate,Standard Rate,,10,,
SPB50-UVH-65GSM-B,Premium Wipes Stealth 65gsm,,TRUE,1,65,74.75,55,63.25,,,,,,,,,,,FALSE,FALSE,FALSE,Standard Rate,Standard Rate,,10,,
SPB50-UVH-65GSM-G,Premium Wipes Stealth 65gsm,,TRUE,1,65,74.75,55,63.25,,,,,,,,,,,FALSE,FALSE,FALSE,Standard Rate,Standard Rate,,10,,
SPB50-UVH-65GSM-R,Premium Wipes Stealth 65gsm,,TRUE,1,65,74.75,55,63.25,,,,,,,,,,,FALSE,FALSE,FALSE,Standard Rate,Standard Rate,,10,,
SPB50-UVH-65GSM-W,Premium Wipes Stealth 65gsm,,TRUE,1,65,74.75,55,63.25,,,,,,,,,,,FALSE,FALSE,FALSE,Standard Rate,Standard Rate,,10,,
SPB50-UVH-65GSM-Y,Premium Wipes Stealth 65gsm,,TRUE,1,65,74.75,55,63.25,,,,,,,,,,,FALSE,FALSE,FALSE,Standard Rate,Standard Rate,,10,,
SPB50-UVH-65GSM-O,Premium Wipes Stealth 65gsm,,TRUE,1,65,74.75,55,63.25,,,,,,,,,,,FALSE,FALSE,FALSE,Standard Rate,Standard Rate,,10,,
CPTLITEB-UVH-40GSM-B,Spunlace Lite Stealth 40gsm,,TRUE,1,62,71.3,52,59.8,,,,,,,,,,,FALSE,FALSE,FALSE,Standard Rate,Standard Rate,,10,,
CPTLITEB-UVH-40GSM-BLK,Spunlace Lite Stealth 40gsm,,TRUE,1,62,71.3,52,59.8,,,,,,,,,,,FALSE,FALSE,FALSE,Standard Rate,Standard Rate,,10,,
CPTLITEB-UVH-40GSM-G,Spunlace Lite Stealth 40gsm,,TRUE,1,62,71.3,52,59.8,,,,,,,,,,,FALSE,FALSE,FALSE,Standard Rate,Standard Rate,,10,,
CPTLITEB-UVH-40GSM-R,Spunlace Lite Stealth 40gsm,,TRUE,1,62,71.3,52,59.8,,,,,,,,,,,FALSE,FALSE,FALSE,Standard Rate,Standard Rate,,10,,
CPTLITEB-UVH-40GSM-W,Spunlace Lite Stealth 40gsm,,TRUE,1,62,71.3,52,59.8,,,,,,,,,,,FALSE,FALSE,FALSE,Standard Rate,Standard Rate,,10,,
CPTLITEB-UVH-40GSM-Y,Spunlace Lite Stealth 40gsm,,TRUE,1,62,71.3,52,59.8,,,,,,,,,,,FALSE,FALSE,FALSE,Standard Rate,Standard Rate,,10,,
CPTLITEB-UVH-40GSM-O,Spunlace Lite Stealth 40gsm,,TRUE,1,62,71.3,52,59.8,,,,,,,,,,,FALSE,FALSE,FALSE,Standard Rate,Standard Rate,,10,,
ECOLITEB-UVH-B,Eco Lite Cloth,,TRUE,1,49,56.35,44,50.6,,,,,,,,,,,FALSE,FALSE,FALSE,Standard Rate,Standard Rate,,10,,
ECOLITEB-UVH-G,Eco Lite Cloth,,TRUE,1,49,56.35,44,50.6,,,,,,,,,,,FALSE,FALSE,FALSE,Standard Rate,Standard Rate,,10,,
ECOLITEB-UVH-O,Eco Lite Cloth,,TRUE,1,49,56.35,44,50.6,,,,,,,,,,,FALSE,FALSE,FALSE,Standard Rate,Standard Rate,,10,,
ECOLITEB-UVH-R,Eco Lite Cloth,,TRUE,1,49,56.35,44,50.6,,,,,,,,,,,FALSE,FALSE,FALSE,Standard Rate,Standard Rate,,10,,
MICRO-CLOTH-200gsm,Microlite Microfibre Cloths 200Gsm,,TRUE,1,8,9.2,65,74.75,,,,,,,,,,,FALSE,FALSE,FALSE,Standard Rate,Standard Rate,,10,,
MICRO-CLOTH-280gsm,Microlite Microfibre Cloths 280Gsm,,TRUE,1,11,12.65,9,10.35,,,,,,,,,,,FALSE,FALSE,FALSE,Standard Rate,Standard Rate,,10,,
DURAPAL,Durapal 115 GSM,,TRUE,1,82,94.3,78,89.7,,,,,,,,,,,FALSE,FALSE,FALSE,Standard Rate,Standard Rate,,10,,
DURACLEAN-40,Duraclean,,TRUE,1,39,44.85,38,43.7,,,,,,,,,,,FALSE,FALSE,FALSE,Standard Rate,Standard Rate,,10,,
DURACLEAN-80,Duraclean,,TRUE,1,79,90.85,75,86.25,,,,,,,,,,,FALSE,FALSE,FALSE,Standard Rate,Standard Rate,,10,,
DURALITE-SPUNLACE,Duralite Spunlace Packs,,TRUE,1,44,50.6,42,48.3,,,,,,,,,,,FALSE,FALSE,FALSE,Standard Rate,Standard Rate,,10,,
PROFORM-WIPES,Proform Critical Cleaning Wipes,,TRUE,1,92,105.8,89,102.35,,,,,,,,,,,FALSE,FALSE,FALSE,Standard Rate,Standard Rate,,10,,
DURACHEM-WIPES,Durachem Disinfectant Wipes,,TRUE,1,480,552,450,517.5,,,,,,,,,,,FALSE,FALSE,FALSE,Standard Rate,Standard Rate,,10,,
SCOUR-PAD,Scouring Pad,,TRUE,1,32,36.8,29,33.35,,,,,,,,,,,FALSE,FALSE,FALSE,Standard Rate,Standard Rate,,10,,
SCOUR-PAD-MINI,Scouring Pad,,TRUE,1,33,37.95,31,35.65,,,,,,,,,,,FALSE,FALSE,FALSE,Standard Rate,Standard Rate,,10,,
HAND-PAD,Hand Pad,,TRUE,1,43,49.45,38,43.7,,,,,,,,,,,FALSE,FALSE,FALSE,Standard Rate,Standard Rate,,10,,
SPONGE-SCOUR-S,Sponge Scourer,,TRUE,1,99,113.85,89,102.35,,,,,,,,,,,FALSE,FALSE,FALSE,Standard Rate,Standard Rate,,10,,
SPONGE-SCOUR-L,Sponge Scourer,,TRUE,1,159,182.85,145,166.75,,,,,,,,,,,FALSE,FALSE,FALSE,Standard Rate,Standard Rate,,10,,
FLOOR-PAD-425,Floor Pads (425),,TRUE,1,114.8,132.02,102.5,117.88,,,,,,,,,,,FALSE,FALSE,FALSE,Standard Rate,Standard Rate,,10,,
FLOOR-PAD-450,Floor Pads (450),,TRUE,1,114.8,132.02,102.5,117.88,,,,,,,,,,,FALSE,FALSE,FALSE,Standard Rate,Standard Rate,,10,,
MOP-300g,Mop Econo 300g,,TRUE,1,32,36.8,299,343.85,,,,,,,,,,,FALSE,FALSE,FALSE,Standard Rate,Standard Rate,,10,,
MOPSHORJUMB400-400G,Mop Short Jumbo 400g,,TRUE,1,44,50.6,399,458.85,,,,,,,,,,,FALSE,FALSE,FALSE,Standard Rate,Standard Rate,,10,,
MOPLONG400G400-400G,Mop Long 400g,,TRUE,1,42,48.3,45,51.75,,,,,,,,,,,FALSE,FALSE,FALSE,Standard Rate,Standard Rate,,10,,
DUSTMOPFRAMELI-40CM,Dust Mop Frame E-Line,,TRUE,1,99,113.85,90,103.5,,,,,,,,,,,FALSE,FALSE,FALSE,Standard Rate,Standard Rate,,10,,
DUSTMOPSLEEACR-40CM,Dust Mop Sleeve (Acrylic),,TRUE,1,95,109.25,85,97.75,,,,,,,,,,,FALSE,FALSE,FALSE,Standard Rate,Standard Rate,,10,,
MOP-400G,Mop Head 400g,,TRUE,1,32,36.8,29,33.35,,,,,,,,,,,FALSE,FALSE,FALSE,Standard Rate,Standard Rate,,10,,
MOP-007,Mop Wringer Geerpres/Powepress Only (Metal),,TRUE,1,1790,2058.5,1690,1943.5,,,,,,,,,,,FALSE,FALSE,FALSE,Standard Rate,Standard Rate,,10,,
BRM-001,Broom Budget (Flagged Broom),,TRUE,1,20.09,23.1035,18.5,21.28,,,,,,,,,,,FALSE,FALSE,FALSE,Standard Rate,Standard Rate,,10,,
BRM-002,Broom Deluxe,,TRUE,1,61.6,70.84,57,65.55,,,,,,,,,,,FALSE,FALSE,FALSE,Standard Rate,Standard Rate,,10,,
BROOHEADHARD-300MM,Broom Head Hard,,TRUE,1,127,146.05,119,136.85,,,,,,,,,,,FALSE,FALSE,FALSE,Standard Rate,Standard Rate,,10,,
BROOHEADSOFT-300MM,Broom Head Soft,,TRUE,1,126,144.9,117,134.55,,,,,,,,,,,FALSE,FALSE,FALSE,Standard Rate,Standard Rate,,10,,
HYG-55cm,Floor Squeegee,,TRUE,1,196,225.4,180,207,,,,,,,,,,,FALSE,FALSE,FALSE,Standard Rate,Standard Rate,,10,,
EQU-001,Garage Roll Stand Aluminium,,TRUE,1,455,523.25,420,483,,,,,,,,,,,FALSE,FALSE,FALSE,Standard Rate,Standard Rate,,10,,
HYG-015,Dispenser Tidy Centerfeed,,TRUE,1,669.2,769.58,573.6,659.64,,,,,,,,,,,FALSE,FALSE,FALSE,Standard Rate,Standard Rate,,10,,
HYG-275MM,Dispenser Toilet X 2 Rolls,,TRUE,1,298,342.7,2556,2939.4,,,,,,,,,,,FALSE,FALSE,FALSE,Standard Rate,Standard Rate,,10,,
D01-1.2L,Stainless Manual Dispenser 1.2L,,TRUE,1,418.6,481.39,358.8,412.62,,,,,,,,,,,FALSE,FALSE,FALSE,Standard Rate,Standard Rate,,10,,
D18,Toilet Paper Dispenser Tr2 Round,,TRUE,1,203,233.45,174,200.1,,,,,,,,,,,FALSE,FALSE,FALSE,Standard Rate,Standard Rate,,10,,
D11,Toilet Paper Dispenser Tr3 Round,,TRUE,1,259,297.85,222,255.3,,,,,,,,,,,FALSE,FALSE,FALSE,Standard Rate,Standard Rate,,10,,
D110,Round TR5,,TRUE,1,448,515.2,384,441.6,,,,,,,,,,,FALSE,FALSE,FALSE,Standard Rate,Standard Rate,,10,,
D91,C Fold Paper Dispenser,,TRUE,1,287,330.05,246,282.9,,,,,,,,,,,FALSE,FALSE,FALSE,Standard Rate,Standard Rate,,10,,
D260,1 Litre Manual Dispenscer,,TRUE,1,343,394.45,294,338.1,,,,,,,,,,,FALSE,FALSE,FALSE,Standard Rate,Standard Rate,,10,,
D280,Autocut Paper Dispencer,,TRUE,1,1398.6,1608.39,1198.8,1378.62,,,,,,,,,,,FALSE,FALSE,FALSE,Standard Rate,Standard Rate,,10,,
FA-BAG-EMTY-ORG-O,Empty First Aid Bag or,,TRUE,1,114.8,132.02,102.5,117.88,,,,,,,,,,,FALSE,FALSE,FALSE,Standard Rate,Standard Rate,,10,,
FA-BAG-EMTY-ORG-R,Empty First Aid Bag or,,TRUE,1,114.8,132.02,102.5,117.88,,,,,,,,,,,FALSE,FALSE,FALSE,Standard Rate,Standard Rate,,10,,
FA-REF-REG3-GOV,Regulation 3 First Aid Kit Refill - Government Specs,,TRUE,1,114.8,132.02,102.5,117.88,,,,,,,,,,,FALSE,FALSE,FALSE,Standard Rate,Standard Rate,,10,,
FA-REF-REG7-GOV,Regulation 7 First Aid Kit Refill (Government Spec),,TRUE,1,239.463,275.38245,203.625,234.17,,,,,,,,,,,FALSE,FALSE,FALSE,Standard Rate,Standard Rate,,10,,
FA-REF-SPRT,Sports First Aid Kit,,TRUE,1,344.07252,395.683398,325.82625,374.7,,,,,,,,,,,FALSE,FALSE,FALSE,Standard Rate,Standard Rate,,10,,
FA-BAG-MINI-GRB,Mini Grabber Bag,,TRUE,1,114.8,132.02,102.5,117.88,,,,,,,,,,,FALSE,FALSE,FALSE,Standard Rate,Standard Rate,,10,,
FA-BAG-GRB,Grabber Bag,,TRUE,1,114.8,132.02,102.5,117.88,,,,,,,,,,,FALSE,FALSE,FALSE,Standard Rate,Standard Rate,,10,,
FA-BOX-PLAS-TBX,Plastic Tool Box First Aid Box,,TRUE,1,128.3568,147.61032,123.42,141.93,,,,,,,,,,,FALSE,FALSE,FALSE,Standard Rate,Standard Rate,,10,,
FA-BOX-PLAS-STD,Plastic First Aid Suitcase,,TRUE,1,114.30936,131.455764,103.19595,118.68,,,,,,,,,,,FALSE,FALSE,FALSE,Standard Rate,Standard Rate,,10,,
FA-BOX-PLAS-SUT,Metal First Aid Box - Wall Mountable Medical Storage Case,,TRUE,1,410.812395,472.4342543,386.101875,444.02,,,,,,,,,,,FALSE,FALSE,FALSE,Standard Rate,Standard Rate,,10,,
FA-BOX-METL-WMT,First Aid Backpack,,TRUE,1,114.8,132.02,102.5,117.88,,,,,,,,,,,FALSE,FALSE,FALSE,Standard Rate,Standard Rate,,10,,
FA-CASE-MED-STG-BLK,First Aid Bag - Portable Emergency Kit Bag,,TRUE,1,114.8,132.02,102.5,117.88,,,,,,,,,,,FALSE,FALSE,FALSE,Standard Rate,Standard Rate,,10,,
FA-BAG-BKPK-ORG-O,First Aid Bag - Portable Emergency Kit Bag,,TRUE,1,114.8,132.02,102.5,117.88,,,,,,,,,,,FALSE,FALSE,FALSE,Standard Rate,Standard Rate,,10,,
FA-BAG-PORT-BLK,Regulation 3 First Aid Kit with Metal First Aid Box,,TRUE,1,114.8,132.02,102.5,117.88,,,,,,,,,,,FALSE,FALSE,FALSE,Standard Rate,Standard Rate,,10,,
FA-BAG-PORT-ORG,Regulation 3 First Aid Kit with Plastic Suitcase,,TRUE,1,114.8,132.02,102.5,117.88,,,,,,,,,,,FALSE,FALSE,FALSE,Standard Rate,Standard Rate,,10,,
FA-KIT-REG3-PTBX,Regulation 3 First Aid Kit with Plastic Toolbox,,TRUE,1,114.8,132.02,102.5,117.88,,,,,,,,,,,FALSE,FALSE,FALSE,Standard Rate,Standard Rate,,10,,
FA-KIT-REG3-GRB,Regulation 3 First Aid Kit with Grabber First Aid Bag,,TRUE,1,114.8,132.02,102.5,117.88,,,,,,,,,,,FALSE,FALSE,FALSE,Standard Rate,Standard Rate,,10,,
FA-KIT-REG3-MGRB,Regulation 3 First Aid Kit with Mini Grabber First Aid Bag,,TRUE,1,114.8,132.02,102.5,117.88,,,,,,,,,,,FALSE,FALSE,FALSE,Standard Rate,Standard Rate,,10,,
FA-KIT-REG3-BKPK,Regulation 3 First Aid Kit with First Aid Backpack,,TRUE,1,114.8,132.02,102.5,117.88,,,,,,,,,,,FALSE,FALSE,FALSE,Standard Rate,Standard Rate,,10,,
FA-KIT-REG3-PBLK-BLK,Regulation 3 First Aid Kit with First Aid Bag Portable,,TRUE,1,114.8,132.02,102.5,117.88,,,,,,,,,,,FALSE,FALSE,FALSE,Standard Rate,Standard Rate,,10,,
FA-KIT-REG3-PORG-O,Regulation 3 First Aid Kit with First Aid Bag Portable,,TRUE,1,114.8,132.02,102.5,117.88,,,,,,,,,,,FALSE,FALSE,FALSE,Standard Rate,Standard Rate,,10,,
FA-KIT-REG7-METL,Regulation 7 First Aid Kit with Metal First Aid Box,,TRUE,1,114.8,132.02,102.5,117.88,,,,,,,,,,,FALSE,FALSE,FALSE,Standard Rate,Standard Rate,,10,,
FA-KIT-REG7-GRB,Regulation 7 First Aid Kit with Grabber First Aid Bag,,TRUE,1,114.8,132.02,102.5,117.88,,,,,,,,,,,FALSE,FALSE,FALSE,Standard Rate,Standard Rate,,10,,
FA-KIT-REG7-PTBX,Regulation 7 First Aid Kit (Government Spec) with Plastic First Aid Toolbox,,TRUE,1,114.8,132.02,102.5,117.88,,,,,,,,,,,FALSE,FALSE,FALSE,Standard Rate,Standard Rate,,10,,
FA-KIT-REG7-MGRB,Regulation 7 First Aid Kit with Mini Grabber First Aid Bag,,TRUE,1,114.8,132.02,102.5,117.88,,,,,,,,,,,FALSE,FALSE,FALSE,Standard Rate,Standard Rate,,10,,
FA-KIT-REG7-BKPK,Regulation 7 First Aid Kit with First Aid Backpack,,TRUE,1,114.8,132.02,102.5,117.88,,,,,,,,,,,FALSE,FALSE,FALSE,Standard Rate,Standard Rate,,10,,
FA-KIT-REG7-PBLK-BLK,Regulation 7 First Aid Kit with First Aid Bag Portable,,TRUE,1,114.8,132.02,102.5,117.88,,,,,,,,,,,FALSE,FALSE,FALSE,Standard Rate,Standard Rate,,10,,
FA-KIT-REG7-PORG-O,Regulation 7 First Aid Kit with First Aid Bag Portable,,TRUE,1,114.8,132.02,102.5,117.88,,,,,,,,,,,FALSE,FALSE,FALSE,Standard Rate,Standard Rate,,10,,
COR-COVXPS-1,Cove XPS Cornice,,TRUE,1,46,52.9,,0,,,,,,,,,,,FALSE,FALSE,FALSE,Standard Rate,Standard Rate,,10,,
COR-SANXPS-1,Sante XPS Cornice,,TRUE,1,46,52.9,,0,,,,,,,,,,,FALSE,FALSE,FALSE,Standard Rate,Standard Rate,,10,,
COR-QRNXPS-1,25mm Q-Round XPS Cornice,,TRUE,1,50,57.5,,0,,,,,,,,,,,FALSE,FALSE,FALSE,Standard Rate,Standard Rate,,10,,
COR-APHXPS-1,Aphrodite XPS Cornice,,TRUE,1,58,66.7,,0,,,,,,,,,,,FALSE,FALSE,FALSE,Standard Rate,Standard Rate,,10,,
COR-PERXPS-1,Peroni XPS Cornice,,TRUE,1,58,66.7,,0,,,,,,,,,,,FALSE,FALSE,FALSE,Standard Rate,Standard Rate,,10,,
COR-NMCXPS-1,NMC GR XPS Cornice,,TRUE,1,58,66.7,,0,,,,,,,,,,,FALSE,FALSE,FALSE,Standard Rate,Standard Rate,,10,,
COR-TULXPS-1,Tulip Shallow Dip XPS Cornice,,TRUE,1,58,66.7,,0,,,,,,,,,,,FALSE,FALSE,FALSE,Standard Rate,Standard Rate,,10,,
COR-ALIXPS-1,Alina XPS Cornice,,TRUE,1,58,66.7,,0,,,,,,,,,,,FALSE,FALSE,FALSE,Standard Rate,Standard Rate,,10,,
COR-BIAXPS-1,Biance XPS Cornice,,TRUE,1,58,66.7,,0,,,,,,,,,,,FALSE,FALSE,FALSE,Standard Rate,Standard Rate,,10,,
COR-COVXPS-2,Cove XPS Cornice,,TRUE,1,72,82.8,,0,,,,,,,,,,,FALSE,FALSE,FALSE,Standard Rate,Standard Rate,,10,,
COR-APHXPS-2,Aphrodite XPS Cornice,,TRUE,1,86,98.9,,0,,,,,,,,,,,FALSE,FALSE,FALSE,Standard Rate,Standard Rate,,10,,
COR-TAMXPS-1,Tamara XPS Cornice,,TRUE,1,86,98.9,,0,,,,,,,,,,,FALSE,FALSE,FALSE,Standard Rate,Standard Rate,,10,,
COR-BIAXPS-2,Biance XPS Cornice,,TRUE,1,86,98.9,,0,,,,,,,,,,,FALSE,FALSE,FALSE,Standard Rate,Standard Rate,,10,,
COR-NEMXPS-1,Nemesis XPS Cornice,,TRUE,1,86,98.9,,0,,,,,,,,,,,FALSE,FALSE,FALSE,Standard Rate,Standard Rate,,10,,
COR-EVEXPS-1,Eve XPS Cornice,,TRUE,1,86,98.9,,0,,,,,,,,,,,FALSE,FALSE,FALSE,Standard Rate,Standard Rate,,10,,
COR-MANXPS-1,Manta XPS Cornice,,TRUE,1,86,98.9,,0,,,,,,,,,,,FALSE,FALSE,FALSE,Standard Rate,Standard Rate,,10,,
COR-ALIXPS-2,Alina XPS Cornice,,TRUE,1,86,98.9,,0,,,,,,,,,,,FALSE,FALSE,FALSE,Standard Rate,Standard Rate,,10,,
COR-TRYXPS-1,Troy XPS Cornice,,TRUE,1,86,98.9,,0,,,,,,,,,,,FALSE,FALSE,FALSE,Standard Rate,Standard Rate,,10,,
COR-NMCXPS-2,NMC GR XPS Cornice,,TRUE,1,86,98.9,,0,,,,,,,,,,,FALSE,FALSE,FALSE,Standard Rate,Standard Rate,,10,,
COR-LISXPS-1,Lisa XPS Cornice,,TRUE,1,106,121.9,,0,,,,,,,,,,,FALSE,FALSE,FALSE,Standard Rate,Standard Rate,,10,,
COR-LISXPS-2,Lisa XPS Cornice,,TRUE,1,108,124.2,,0,,,,,,,,,,,FALSE,FALSE,FALSE,Standard Rate,Standard Rate,,10,,
COR-XPSGLO-1,Gloria XPS Cornice,,TRUE,1,108,124.2,,0,,,,,,,,,,,FALSE,FALSE,FALSE,Standard Rate,Standard Rate,,10,,
COR-XPSGLO-2,Gloria XPS Cornice,,TRUE,1,108,124.2,,0,,,,,,,,,,,FALSE,FALSE,FALSE,Standard Rate,Standard Rate,,10,,
46357-W,Premium 1Ply Decca Roll 5000,,TRUE,1,439,504.85,390,448.5,,,,,,,,,,,FALSE,FALSE,FALSE,Standard Rate,Standard Rate,,10,,
46358-W,Superior Decca Roll 3000,,TRUE,1,299,343.85,259,297.85,,,,,,,,,,,FALSE,FALSE,FALSE,Standard Rate,Standard Rate,,10,,
46359-W,Luxury 2Ply Decca Roll 2700,,TRUE,1,449,516.35,395,454.25,,,,,,,,,,,FALSE,FALSE,FALSE,Standard Rate,Standard Rate,,10,,
SPV48-W,Premium Single Ply Toilet Paper 48 (500 Sheets),,TRUE,1,264.67,304.3705,254.72,292.93,,,,,,,,,,,FALSE,FALSE,FALSE,Standard Rate,Standard Rate,,10,,
SPV400-W,Single Ply Toilet Paper 48 (400 Sheets),,TRUE,1,233.16,268.134,222.72,256.13,,,,,,,,,,,FALSE,FALSE,FALSE,Standard Rate,Standard Rate,,10,,
SPV300-W,Single Ply Toilet Paper 48 (300 Sheets),,TRUE,1,224.99,258.7385,193.7,222.76,,,,,,,,,,,FALSE,FALSE,FALSE,Standard Rate,Standard Rate,,10,,
RSP48-W,Superior Mixed Grade Toilet Paper 48 (500 Sheets),,TRUE,1,214.42,246.583,194.79,224.01,,,,,,,,,,,FALSE,FALSE,FALSE,Standard Rate,Standard Rate,,10,,
RSP400-W,Mixed Grade Toilet Paper 48 (400 Sheets),,TRUE,1,181.61,208.8515,162.56,186.94,,,,,,,,,,,FALSE,FALSE,FALSE,Standard Rate,Standard Rate,,10,,
RSP300-W,Mixed Grade Toilet Paper 48 (300 Sheets),,TRUE,1,159.43,183.3445,138.03,158.73,,,,,,,,,,,FALSE,FALSE,FALSE,Standard Rate,Standard Rate,,10,,
VDP48(F)-W,Luxury Double Ply Toilet Tissue 48 (350 Sheets),,TRUE,1,361.05,415.2075,313.74,360.8,,,,,,,,,,,FALSE,FALSE,FALSE,Standard Rate,Standard Rate,,10,,
VDP24-W,Luxury Double Ply Toilet Tissue 24 (350 Sheets),,TRUE,1,181.77,209.0355,161.85,186.13,,,,,,,,,,,FALSE,FALSE,FALSE,Standard Rate,Standard Rate,,10,,
VDP200-W,Superior Double Ply Toilet Tissue 48 (200 Sheets),,TRUE,1,235.32,270.618,205.11,235.88,,,,,,,,,,,FALSE,FALSE,FALSE,Standard Rate,Standard Rate,,10,,
LINENSAVT-6-Gen,Linen Savers Pulp 6 Ply,,TRUE,1,495,569.25,460,529,,,,,,,,,,,FALSE,FALSE,FALSE,Standard Rate,Standard Rate,,10,,
LINENSAVT-4,Linen Savers Tissue 4 Ply,,TRUE,1,448,515.2,405.9968,466.9,,,,,,,,,,,FALSE,FALSE,FALSE,Standard Rate,Standard Rate,,10,,
LINENSAVT6-Gen,Linen Savers Tissue 6 Ply,,TRUE,1,450,517.5,420,483,,,,,,,,,,,FALSE,FALSE,FALSE,Standard Rate,Standard Rate,,10,,
COV-SPUN-50,Disposable Spunbond Coveralls (50gsm),,TRUE,1,3237,3722.55,2789,3207.35,,,,,,,,,,,FALSE,FALSE,FALSE,Standard Rate,Standard Rate,,10,,
APP-PAT-GN,Patient Gown,,TRUE,1,2988,3436.2,2574,2960.1,,,,,,,,,,,FALSE,FALSE,FALSE,Standard Rate,Standard Rate,,10,,
APP-SURG-NS-50,Reinforced Surgical Gowns Non-Sterile 50gsm,,TRUE,1,3818,4390.7,3289,3782.35,,,,,,,,,,,FALSE,FALSE,FALSE,Standard Rate,Standard Rate,,10,,
APP-THEAT-ST,Sterile Theatre/ Surgical Gowns Level 4 with 2 Paper Towels,,TRUE,1,6474,7445.1,5577,6413.55,,,,,,,,,,,FALSE,FALSE,FALSE,Standard Rate,Standard Rate,,10,,
APP-LAB-CT,Lab Coat - Spunbond,,TRUE,1,415,477.25,3575,4111.25,,,,,,,,,,,FALSE,FALSE,FALSE,Standard Rate,Standard Rate,,10,,
APP-ISO-GN,Isolation Gown,,TRUE,1,2324,2672.6,2002,2302.3,,,,,,,,,,,FALSE,FALSE,FALSE,Standard Rate,Standard Rate,,10,,
APP-SCRUB-RE,Reusable Scrub,,TRUE,1,49634,57079.1,42757,49170.55,,,,,,,,,,,FALSE,FALSE,FALSE,Standard Rate,Standard Rate,,10,,
Item-No,Proflex Glove - Box Qty,,TRUE,1,,0,,0,,,,,,,,,,,FALSE,FALSE,FALSE,Standard Rate,Standard Rate,,10,,
13-100299,Proflex Supra,,TRUE,1,32.2,37.03,28.75,33.06,,,,,,,,,,,FALSE,FALSE,FALSE,Standard Rate,Standard Rate,,10,,
13-1002991,Proflex Zuka,,TRUE,1,35,40.25,31.25,35.94,,,,,,,,,,,FALSE,FALSE,FALSE,Standard Rate,Standard Rate,,10,,
13-100303,Proflex Smooth,,TRUE,1,9.8,11.27,8.75,10.06,,,,,,,,,,,FALSE,FALSE,FALSE,Standard Rate,Standard Rate,,10,,
13-1003031,Proflex Neon,,TRUE,1,18.2,20.93,16.25,18.69,,,,,,,,,,,FALSE,FALSE,FALSE,Standard Rate,Standard Rate,,10,,
13-1003271,Proflex Tough,,TRUE,1,14,16.1,12.5,14.38,,,,,,,,,,,FALSE,FALSE,FALSE,Standard Rate,Standard Rate,,10,,
13-1003032,Proflex Allgrip,,TRUE,1,14,16.1,12.5,14.38,,,,,,,,,,,FALSE,FALSE,FALSE,Standard Rate,Standard Rate,,10,,
13-1003272,Proflex Thermo-Grip,,TRUE,1,22.4,25.76,20,23,,,,,,,,,,,FALSE,FALSE,FALSE,Standard Rate,Standard Rate,,10,,
13-1003273,Proflex Oilgrip,,TRUE,1,40.6,46.69,36.25,41.69,,,,,,,,,,,FALSE,FALSE,FALSE,Standard Rate,Standard Rate,,10,,
13-1003274,Proflex Aquagrip,,TRUE,1,37.8,43.47,33.75,38.81,,,,,,,,,,,FALSE,FALSE,FALSE,Standard Rate,Standard Rate,,10,,
TS001-R,Classic T-Shirts 100% Cotton 230G,,TRUE,1,180,207,163,187.45,,,,,,,,,,,FALSE,FALSE,FALSE,Standard Rate,Standard Rate,,10,,
TS002,Heavy Duty T-Shirts 100% Cotton 310G Oversized Cut,,TRUE,1,370,425.5,334,384.1,,,,,,,,,,,FALSE,FALSE,FALSE,Standard Rate,Standard Rate,,10,,
GF001,Golf Shirts 100% Polyester,,TRUE,1,200,230,181,208.15,,,,,,,,,,,FALSE,FALSE,FALSE,Standard Rate,Standard Rate,,10,,
GF002,Golf Shirts 100% Cotton,,TRUE,1,310,356.5,281,323.15,,,,,,,,,,,FALSE,FALSE,FALSE,Standard Rate,Standard Rate,,10,,
EVBT003,Craftsman Safety Shoe,,TRUE,1,1092,1255.8,1008,1159.2,,,,,,,,,,,FALSE,FALSE,FALSE,Standard Rate,Standard Rate,,10,,
JS004,Everest Summit Safety Mountain Trek Steel Toe Boot,,TRUE,1,690,793.5,624,717.6,,,,,,,,,,,FALSE,FALSE,FALSE,Standard Rate,Standard Rate,,10,,
JS005,Apex Shield,,TRUE,1,1690,1943.5,1563,1797.45,,,,,,,,,,,FALSE,FALSE,FALSE,Standard Rate,Standard Rate,,10,,
JS006,Pull Over,,TRUE,1,480,552,431,495.65,,,,,,,,,,,FALSE,FALSE,FALSE,Standard Rate,Standard Rate,,10,,
JS002,Stealth Softshell,,TRUE,1,590,678.5,531,610.65,,,,,,,,,,,FALSE,FALSE,FALSE,Standard Rate,Standard Rate,,10,,
JS001,Aero Lite,,TRUE,1,550,632.5,499,573.85,,,,,,,,,,,FALSE,FALSE,FALSE,Standard Rate,Standard Rate,,10,,
GOL-HAN-NITBL-B,Golden Hands Nitrile Gloves - 100 Per Box,,TRUE,1,75,86.25,69,79.35,,,,,,,,,,,FALSE,FALSE,FALSE,Standard Rate,Standard Rate,,10,,
GOL-HAN-NITBLA-BLK,Golden Hands Nitrile Gloves - 100 Per Box,,TRUE,1,78,89.7,702,807.3,,,,,,,,,,,FALSE,FALSE,FALSE,Standard Rate,Standard Rate,,10,,
GOL-HANEX-LATPW,Golden Hands Examination Latex Powdered - 100 Per Box,,TRUE,1,7957,9150.55,,0,,,,,,,,,,,FALSE,FALSE,FALSE,Standard Rate,Standard Rate,,10,,
GOL-HAN-EXLA,Golden Hands Examination Latex Powder Free - 100 Per Box,,TRUE,1,8467,9737.05,7488,8611.2,,,,,,,,,,,FALSE,FALSE,FALSE,Standard Rate,Standard Rate,,10,,
GOL-HAN-SURSTER,Golden Hands Surgical - Powder Free - 100 Per Box,,TRUE,1,350,402.5,3125,3593.75,,,,,,,,,,,FALSE,FALSE,FALSE,Standard Rate,Standard Rate,,10,,
GOL-HAN-SURSTER-POW,Golden Hands Surgical Powdered - 100 Per Box,,TRUE,1,3952,4544.8,365,419.75,,,,,,,,,,,FALSE,FALSE,FALSE,Standard Rate,Standard Rate,,10,,
GOL-HANDEL-GLO,Golden Hands Deli Gloves - 100 Per Box,,TRUE,1,5,5.75,416,478.4,,,,,,,,,,,FALSE,FALSE,FALSE,Standard Rate,Standard Rate,,10,,
GOL-HAN-TPEBL,Golden Hands TPE Gloves - 200 Per Box,,TRUE,1,52,59.8,481,553.15,,,,,,,,,,,FALSE,FALSE,FALSE,Standard Rate,Standard Rate,,10,,
GOL-HAN-TPECLEAR,Golden Hands TPE Gloves Clear - 200 Per Box,,TRUE,1,54,62.1,50,57.5,,,,,,,,,,,FALSE,FALSE,FALSE,Standard Rate,Standard Rate,,10,,
RR-KRPL-06-HW-B-RBW,Kiddies Corner Rainbow Plates 6'S,,TRUE,1,33.6,38.64,28.8,33.12,,,,,,,,,,,FALSE,FALSE,FALSE,Standard Rate,Standard Rate,,10,,
RR-KRBL-06-HW-B-RBW,Kiddies Corner Rainbow Bowls 6'S,,TRUE,1,27.58,31.717,23.64,27.19,,,,,,,,,,,FALSE,FALSE,FALSE,Standard Rate,Standard Rate,,10,,
RR-KRTM-06-HW-B-RBW,Kiddies Corner Rainbow Tumblers 6'S,,TRUE,1,27.58,31.717,23.64,27.19,,,,,,,,,,,FALSE,FALSE,FALSE,Standard Rate,Standard Rate,,10,,
RR-KRCT-18-HW-B-RBW,Kiddies Corner Rainbow Cutlery 18'S,,TRUE,1,34.468,39.6382,29.544,33.98,,,,,,,,,,,FALSE,FALSE,FALSE,Standard Rate,Standard Rate,,10,,
CH-SCH-BL-KR-B-Y,Kiddies Corner School Chair,,TRUE,1,59.5,68.425,51,58.65,,,,,,,,,,,FALSE,FALSE,FALSE,Standard Rate,Standard Rate,,10,,
CH-SCH-BL-KR-B-G,Kiddies Corner School Chair,,TRUE,1,59.5,68.425,51,58.65,,,,,,,,,,,FALSE,FALSE,FALSE,Standard Rate,Standard Rate,,10,,
CH-SCH-BL-KR-B-B,Kiddies Corner School Chair,,TRUE,1,59.5,68.425,51,58.65,,,,,,,,,,,FALSE,FALSE,FALSE,Standard Rate,Standard Rate,,10,,
CH-SCH-BL-KR-B-R,Kiddies Corner School Chair,,TRUE,1,59.5,68.425,51,58.65,,,,,,,,,,,FALSE,FALSE,FALSE,Standard Rate,Standard Rate,,10,,
TL-SCH-YL-KR-B-Y,Kiddies Corner Table,,TRUE,1,231,265.65,198,227.7,,,,,,,,,,,FALSE,FALSE,FALSE,Standard Rate,Standard Rate,,10,,
TL-SCH-YL-KR-B-G,Kiddies Corner Table,,TRUE,1,231,265.65,198,227.7,,,,,,,,,,,FALSE,FALSE,FALSE,Standard Rate,Standard Rate,,10,,
TL-SCH-YL-KR-B-B,Kiddies Corner Table,,TRUE,1,231,265.65,198,227.7,,,,,,,,,,,FALSE,FALSE,FALSE,Standard Rate,Standard Rate,,10,,
TL-SCH-YL-KR-B-R,Kiddies Corner Table,,TRUE,1,231,265.65,198,227.7,,,,,,,,,,,FALSE,FALSE,FALSE,Standard Rate,Standard Rate,,10,,
PB-ASST-S-KR-B-6cm,Kiddies Corner Play Balls 100's,,TRUE,1,128.8,148.12,110.4,126.96,,,,,,,,,,,FALSE,FALSE,FALSE,Standard Rate,Standard Rate,,10,,
PB-ASST-L-KR-B-8CM,Kiddies Corner Play Balls 100's,,TRUE,1,147,169.05,126,144.9,,,,,,,,,,,FALSE,FALSE,FALSE,Standard Rate,Standard Rate,,10,,
AC01,Premium Auto Cut 1Ply Paper Towels – 6 Pack,,TRUE,1,379.73,436.6895,367.77,422.94,,,,,,,,,,,FALSE,FALSE,FALSE,Standard Rate,Standard Rate,,10,,
AC02,Auto Cut Large Core 1Ply Paper Towels – 6 Pack,,TRUE,1,431.8,496.57,421.6,484.84,,,,,,,,,,,FALSE,FALSE,FALSE,Standard Rate,Standard Rate,,10,,
AC03,Superior Soft Auto Cut 1Ply Paper Towels – 6 Pack,,TRUE,1,300.03,345.0345,291.27,334.96,,,,,,,,,,,FALSE,FALSE,FALSE,Standard Rate,Standard Rate,,10,,
AC04,Laminated Auto Cut 2Ply Paper Towels – 6 Pack,,TRUE,1,400,460,409.6,471.04,,,,,,,,,,,FALSE,FALSE,FALSE,Standard Rate,Standard Rate,,10,,
AC05,Laminated Auto Cut 2Ply Paper Towels – 6 Pack,,TRUE,1,345.6,397.44,334.8,385.02,,,,,,,,,,,FALSE,FALSE,FALSE,Standard Rate,Standard Rate,,10,,
FOL01,Laminated 2Ply Inter-Folded Hand Towels,,TRUE,1,389.4,447.81,374.65,430.85,,,,,,,,,,,FALSE,FALSE,FALSE,Standard Rate,Standard Rate,,10,,
FOL02,Laminated 2Ply Inter-Folded Hand Towels,,TRUE,1,343.2,394.68,314.4,361.56,,,,,,,,,,,FALSE,FALSE,FALSE,Standard Rate,Standard Rate,,10,,
FOL03,"C-Folded 1Ply Hand Towels – 2,000 Sheets",,TRUE,1,462.4,531.76,435.2,500.48,,,,,,,,,,,FALSE,FALSE,FALSE,Standard Rate,Standard Rate,,10,,
FOLD01,White Plastic Folded Hand Towel Dispenser,,TRUE,1,355,408.25,335,385.25,,,,,,,,,,,FALSE,FALSE,FALSE,Standard Rate,Standard Rate,,10,,
MASK3PLYBLK-BLK,Mask 3 Ply with Loops,,TRUE,1,22.05,25.3575,20.0804175,23.09,,,,,,,,,,,FALSE,FALSE,FALSE,Standard Rate,Standard Rate,,10,,
MASKS002L,Face Mask 3 Ply Loops Medical (50),,TRUE,1,25.05,28.8075,23.0784675,26.54,,,,,,,,,,,FALSE,FALSE,FALSE,Standard Rate,Standard Rate,,10,,
MASK3PLY-B,Mask 3 Ply with Loops,,TRUE,1,17.49,20.1135,16.0447815,18.45,,,,,,,,,,,FALSE,FALSE,FALSE,Standard Rate,Standard Rate,,10,,
MASKKN95_L,KN95 Face Mask (20S),,TRUE,1,29,33.35,26.37415,30.33,,,,,,,,,,,FALSE,FALSE,FALSE,Standard Rate,Standard Rate,,10,,
MASK3PLYBLK-Gen-3-ply-BLK,3 Ply Mask with Loops,,TRUE,1,22.05,25.3575,20.0804175,23.09,,,,,,,,,,,FALSE,FALSE,FALSE,Standard Rate,Standard Rate,,10,,
MASKS002L-Gen-3-ply-B,3 Ply Face Mask with Loop Medical (50),,TRUE,1,25.05,28.8075,23.0784675,26.54,,,,,,,,,,,FALSE,FALSE,FALSE,Standard Rate,Standard Rate,,10,,
MASK3PLY-Gen-3-ply-B,3 Ply Mask with Loops,,TRUE,1,17.49,20.1135,16.0447815,18.45,,,,,,,,,,,FALSE,FALSE,FALSE,Standard Rate,Standard Rate,,10,,
MASKKN95L-Gen-W,KN95 Face Mask (20S),,TRUE,1,49,56.35,40,46,,,,,,,,,,,FALSE,FALSE,FALSE,Standard Rate,Standard Rate,,10,,
SLEEVYLW-Y,Plastic (P.E.) Sleeve Protectors,,TRUE,1,425,488.75,,0,,,,,,,,,,,FALSE,FALSE,FALSE,Standard Rate,Standard Rate,,10,,
SLEEVBLU-B,Plastic (P.E.) Sleeve Protectors,,TRUE,1,,0,,0,,,,,,,,,,,FALSE,FALSE,FALSE,Standard Rate,Standard Rate,,10,,
SLEEVWHTE-W,Plastic (P.E.) Sleeve Protectors,,TRUE,1,,0,,0,,,,,,,,,,,FALSE,FALSE,FALSE,Standard Rate,Standard Rate,,10,,
UVH-MGC-WIP-JUM,Jumbos,,TRUE,1,,0,,0,,,,,,,,,,,FALSE,FALSE,FALSE,Standard Rate,Standard Rate,,10,,
UVH-MGC-WIP-WH50,Workhorse 50gsm,,TRUE,1,,0,,0,,,,,,,,,,,FALSE,FALSE,FALSE,Standard Rate,Standard Rate,,10,,
UVH-MGC-WIP-WH80,Workhorse 80gsm,,TRUE,1,,0,,0,,,,,,,,,,,FALSE,FALSE,FALSE,Standard Rate,Standard Rate,,10,,
UVH-MGC-WIP-WH120,Workhorse 120gsm,,TRUE,1,,0,,0,,,,,,,,,,,FALSE,FALSE,FALSE,Standard Rate,Standard Rate,,10,,
UVH-MGC-WIP-MUL,Multiwipe,,TRUE,1,,0,,0,,,,,,,,,,,FALSE,FALSE,FALSE,Standard Rate,Standard Rate,,10,,
DUR-NIT-MED,Dura Medical Nitrile Gloves – Box of 100,,TRUE,1,69,79.35,61,70.15,,,,,,,,,,,FALSE,FALSE,FALSE,Standard Rate,Standard Rate,,10,,
DUR-NIT-BLK,Dura Black Nitrile Gloves – Box of 100,,TRUE,1,79,90.85,65,74.75,,,,,,,,,,,FALSE,FALSE,FALSE,Standard Rate,Standard Rate,,10,,
DUR-NIT-PREM,Dura Premium Medical Nitrile Gloves – Box of 100,,TRUE,1,83,95.45,7544,8675.6,,,,,,,,,,,FALSE,FALSE,FALSE,Standard Rate,Standard Rate,,10,,
DUR-LAT-PWFREE,Dura Latex Examination Gloves – Box of 100,,TRUE,1,79,90.85,75,86.25,,,,,,,,,,,FALSE,FALSE,FALSE,Standard Rate,Standard Rate,,10,,
DUR-LAT-POW,Dura Latex Examination Gloves – Box of 100,,TRUE,1,75,86.25,68,78.2,,,,,,,,,,,FALSE,FALSE,FALSE,Standard Rate,Standard Rate,,10,,
EV-NSLAT-EXGL,Evergreen Non-Sterile Latex Examination Gloves – Box of 100,,TRUE,1,80,92,72,82.8,,,,,,,,,,,FALSE,FALSE,FALSE,Standard Rate,Standard Rate,,10,,
EV-NSNIT-EXGL,Evergreen Non-Sterile Nitrile Examination Gloves – Box of 100,,TRUE,1,81,93.15,75,86.25,,,,,,,,,,,FALSE,FALSE,FALSE,Standard Rate,Standard Rate,,10,,
EV-SURLAT-PWFREE,Evergreen Surgical Latex Powder free Gloves - 50 pairs per box,,TRUE,1,223,256.45,207,238.05,,,,,,,,,,,FALSE,FALSE,FALSE,Standard Rate,Standard Rate,,10,,
EV-NONSTER-PWFREE,Evergreen NON-Sterile High Risk Powder free Gloves - 50 gloves per box,,TRUE,1,126,144.9,117,134.55,,,,,,,,,,,FALSE,FALSE,FALSE,Standard Rate,Standard Rate,,10,,
EV-STERLATELB-PWFREE,Evergreen Sterile Latex Powder Free - 25 Sets per box,,TRUE,1,490,563.5,455,523.25,,,,,,,,,,,FALSE,FALSE,FALSE,Standard Rate,Standard Rate,,10,,
OM-SB-1L-Y,Sharps Bin Medical Waste Containers 1L,,TRUE,1,49.9,57.385,43.5625,50.1,,,,,,,,,,,FALSE,FALSE,FALSE,Standard Rate,Standard Rate,,10,,
OM-SB-2.5L-2L-Y,Sharps Bin Medical Waste Containers 2.5L,,TRUE,1,49.9,57.385,43.5625,50.1,,,,,,,,,,,FALSE,FALSE,FALSE,Standard Rate,Standard Rate,,10,,
OM-SB-2.5L-5L-Y,Sharps Bin Medical Waste Containers 2.5L,,TRUE,1,49.9,57.385,43.5625,50.1,,,,,,,,,,,FALSE,FALSE,FALSE,Standard Rate,Standard Rate,,10,,
OM-SB-5L-Y,Sharps Bin Medical Waste Containers 5L,,TRUE,1,49.9,57.385,43.5625,50.1,,,,,,,,,,,FALSE,FALSE,FALSE,Standard Rate,Standard Rate,,10,,
OM-SB-10L-Y,Sharps Bin Medical Waste Containers 10L,,TRUE,1,49.9,57.385,43.5625,50.1,,,,,,,,,,,FALSE,FALSE,FALSE,Standard Rate,Standard Rate,,10,,
OM-SB-20L-Y,Sharps Bin Medical Waste Containers 20L,,TRUE,1,49.9,57.385,43.5625,50.1,,,,,,,,,,,FALSE,FALSE,FALSE,Standard Rate,Standard Rate,,10,,
DW3341B-UVH-33x41cm-B,Durawipe S80 (25 Clothes Per Pack),,TRUE,1,85,97.75,75,86.25,,,,,,,,,,,FALSE,FALSE,FALSE,Standard Rate,Standard Rate,,10,,
DW3341B-UVH-33x41cm-G,Durawipe S80 (25 Clothes Per Pack),,TRUE,1,85,97.75,75,86.25,,,,,,,,,,,FALSE,FALSE,FALSE,Standard Rate,Standard Rate,,10,,
DW3341B-UVH-33x41cm-R,Durawipe S80 (25 Clothes Per Pack),,TRUE,1,85,97.75,75,86.25,,,,,,,,,,,FALSE,FALSE,FALSE,Standard Rate,Standard Rate,,10,,
DW3341B-UVH-33x41cm-W,Durawipe S80 (25 Clothes Per Pack),,TRUE,1,85,97.75,75,86.25,,,,,,,,,,,FALSE,FALSE,FALSE,Standard Rate,Standard Rate,,10,,
DW3341B-UVH-33x41cm-Y,Durawipe S80 (25 Clothes Per Pack),,TRUE,1,85,97.75,75,86.25,,,,,,,,,,,FALSE,FALSE,FALSE,Standard Rate,Standard Rate,,10,,
DW305065B-UVH-65gsm,Durawipe Premium Wipes 65GSM,,TRUE,1,54,62.1,49,56.35,,,,,,,,,,,FALSE,FALSE,FALSE,Standard Rate,Standard Rate,,10,,
13-100080,Superweld Premium Red Welding Gloves with Black Palm,,TRUE,1,123.2,141.68,110,126.5,,,,,,,,,,,FALSE,FALSE,FALSE,Standard Rate,Standard Rate,,10,,
13-100081,Superweld Premium Goatskin TIG Welding Gloves,,TRUE,1,82.6,94.99,73.75,84.81,,,,,,,,,,,FALSE,FALSE,FALSE,Standard Rate,Standard Rate,,10,,
INFERNO-M-TN,Dromex Inferno NFPA Leather Firefighter Gloves,,TRUE,1,,0,,0,,,,,,,,,,,FALSE,FALSE,FALSE,Standard Rate,Standard Rate,,10,,
DW-BELTXX-S-S,Dromex Leather Workwear Belt,,TRUE,1,257.4,296.01,247.5,284.63,,,,,,,,,,,FALSE,FALSE,FALSE,Standard Rate,Standard Rate,,10,,
DW-BELTXX-S-M,Dromex Leather Workwear Belt,,TRUE,1,257.4,296.01,247.5,284.63,,,,,,,,,,,FALSE,FALSE,FALSE,Standard Rate,Standard Rate,,10,,
DW-BELTXX-S-L,Dromex Leather Workwear Belt,,TRUE,1,257.4,296.01,247.5,284.63,,,,,,,,,,,FALSE,FALSE,FALSE,Standard Rate,Standard Rate,,10,,
DW-BELTXX-S-XL,Dromex Leather Workwear Belt,,TRUE,1,257.4,296.01,247.5,284.63,,,,,,,,,,,FALSE,FALSE,FALSE,Standard Rate,Standard Rate,,10,,
DW-BELTXX-S-2XL,Dromex Leather Workwear Belt,,TRUE,1,257.4,296.01,247.5,284.63,,,,,,,,,,,FALSE,FALSE,FALSE,Standard Rate,Standard Rate,,10,,
DW-BELTXX-S-3XL,Dromex Leather Workwear Belt,,TRUE,1,257.4,296.01,247.5,284.63,,,,,,,,,,,FALSE,FALSE,FALSE,Standard Rate,Standard Rate,,10,,
TEC0078-CL,Sport Safety Spectacles,,TRUE,1,20.524,23.6026,18.325,21.07,,,,,,,,,,,FALSE,FALSE,FALSE,Standard Rate,Standard Rate,,10,,
TEC0079-G,Sport Safety Spectacles,,TRUE,1,20.524,23.6026,18.325,21.07,,,,,,,,,,,FALSE,FALSE,FALSE,Standard Rate,Standard Rate,,10,,
TEC00791,Sport Safety Spectacles,,TRUE,1,20.524,23.6026,18.325,21.07,,,,,,,,,,,FALSE,FALSE,FALSE,Standard Rate,Standard Rate,,10,,
BG,Black Non-Steel Toe Safety Gumboots,,TRUE,1,,0,,0,,,,,,,,,,,FALSE,FALSE,FALSE,Standard Rate,Standard Rate,,10,,
AOO-001-5l,ALFA LEONE 100% Pure Extra Virgin Olive Oil – 5L,,TRUE,1,1650,1897.5,,0,,,,,,,,,,,FALSE,FALSE,FALSE,Standard Rate,Standard Rate,,10,,