sku,retail_price,wholesale_price
K-MSK-FFP1-Dro,6345,5875
K-MSK-FFP2-Dro,81,75
K-MSK-FFP2V-Dro,1134,105
K-MSK-FFP2FF-Dro,100,925
K-MSK-FFP2FFV-Dro,702,65
K-MSK-FFP3FF-Dro,145,135
K-MSK-FFP3FFV-Dro,159,145
K-MSK-FFP2FFAC-Dro,129,119
K-MSK-FFP3FFAC-Dro,45,42
55M-Y-7,23.712,22.724
55M-Y-8,23.712,22.724
55M-Y-9,23.712,22.724
55M-Y-10,23.712,22.724
59YSP-8,50.22,48.1275
59YSP-9,50.22,48.1275
59YSP-10,50.22,48.1275
59YSP-11,50.22,48.1275
58SC-9,50.22,48.1275
58SC-10,50.22,48.1275
57H201B-10,153.456,147.062
57H201PLUS-8,195.312,187.174
57H201PLUS-9,195.312,187.174
57H201PLUS-10,195.312,187.174
#57-7,46.032,44.114
#57-8,46.032,44.114
#57-9,46.032,44.114
#57-10,46.032,44.114
#57-11,46.032,44.114
#57-12,46.032,44.114
52J-8-CAM,55.8,53.475
52J-9-CAM,55.8,53.475
52J-10-CAM,55.8,53.475
52J-11-CAM,55.8,53.475
52LSTPV-8,107.25,93.587
52LSTPV-9,107.25,93.587
52LSTPV-10,107.25,93.587
DG-HFM305-6,71.5,66.8495
DG-HFM305-7,71.5,68.75
DG-HFM305-8,71.5,68.75
DG-HFM305-9,71.5,68.75
DG-HFM305-10,71.5,68.75
DG-HFM305-11,71.5,68.75
DG-HFM606-7,111.6,106.95
DG-HFM606-8,111.6,106.95
DG-HFM606-9,111.6,106.95
DG-HFM606-10,111.6,106.95
DG-HFM606-11,111.6,106.95
DG-OIL-TECH-10,70,67
DG-OIL-TECH-11,68.4,65.55
DG-OILTECH-KW-8,62.92,60.5
DG-OILTECH-KW-9,62.92,60.5
DG-OILTECH-KW-10,62.92,60.5
ULTICHEM-8,83,80
ULTICHEM-9,79.512,76.199
ULTICHEM-10,79.512,76.199
ULTICHEMPLUS-8,171.6,165
ULTICHEMPLUS-9,171.6,165
ULTICHEMPLUS-10,171.6,165
1956-6,15,16.15625
1956-7,15,16.15625
1956-8,15,16.15625
1956-9,15,16.15625
1956-10,15,16.15625
VIPER-9,42.9,41.25
VIPER-10,47.19,41.25
VIPERPLUS-9,104,100
VIPERPLUS-10,104,100
H1-40-BLKO,30.745,29.5625
H2-40-BLKO,39.325,37.8125
H2-55-BLKO,50.05,48.125
55LF-7,78.65,75.625
55LF-8,78.65,75.625
55LF-9,78.65,75.625
55LF-10,78.65,75.625
55LF-11,78.65,75.625
RTCMG-XS-G,1444,1502
RTCMG-S-G,1444,1502
RTCMG-M-G,1444,1502
RTCMG-L-G,1444,1502
RTCMG-XL-G,1444,1502
50-135TY,50.05,48.125
50-60THV,78.65,75.625
TAEKI-APRON-60120,772,743
TAEKI-JACKET,2059,1980
MIIZU300BLU-7-B,15.3725,14.78125
MIIZU300BLU-8-B,15.3725,14.78125
MIIZU300BLU-9-B,15.3725,14.78125
MIIZU300BLU-10-B,15.3725,14.78125
MIIZU300BLU-11-B,15.3725,14.78125
MIIZU300HI-6-G,15.3725,14.78125
MIIZU300HI-7-G,15.3725,14.78125
MIIZU300HI-8-G,15.3725,14.78125
MIIZU300HI-9-G,15.3725,14.78125
MIIZU300HI-10-G,15.3725,14.78125
MIIZU300HI-11-G,15.3725,14.78125
MIIZULFM4001W-7-BLK,44.33,42.625
MIIZULFM4001W-8-BLK,44.33,42.625
MIIZULFM4001W-9-BLK,44.33,42.625
MIIZULFM4001W-10-BLK,44.33,42.625
PU5-7,27.43,26.375
PU5-8,27.43,26.375
PU5-9,27.43,26.375
PU5-10,27.43,26.375
DG-NE423AF-7-BLK,500.5,481.25
DG-NE423AF-8-BLK,500.5,481.25
DG-NE423AF-9-BLK,500.5,481.25
DG-NE423AF-10-BLK,500.5,481.25
DG-NE423AF-11-BLK,500.5,481.25
DG-NE423AF-12-BLK,500.5,481.25
DG-NE423AF-13-BLK,500.5,481.25
DG-ARC55-S,930,894
DG-ARC55-M,930,894
DG-ARC55-L,930,894
DG-ARC55-XL,930,894
DG-ARC100-S,2002,1925
DG-ARC100-M,2002,1925
DG-ARC100-L,2002,1925
DG-ARC100-XL,2002,1925
PU2001-7-W,9,8
PU2001-8-W,9,8
PU2001-9-W,9,8
PU2001-10-W,9,8
PU2001B-7-BLK,10,9
PU2001B-8-BLK,10,9
PU2001B-9-BLK,10,9
PU2001B-10-BLK,10,9
PU2007-7-BLK,19,18
PU2007-8-BLK,19,18
PU2007-9-BLK,19,18
PU2007-10-BLK,19,18
SUPERLITE-8-BLK,19.305,18.5625
SUPERLITE-9-BLK,19.305,18.5625
SUPERLITE-10-BLK,19.305,18.5625
NITRIFLEXPALM-7-BLK,28,27
NITRIFLEXPALM-8-BLK,28,27
NITRIFLEXPALM-9-BLK,28,27
NITRIFLEXPALM-10-BLK,28,27
NITRIFLEXPALM-11-BLK,28,27
NITRIFLEXFULL-7-BLK,34,32
NITRIFLEXFULL-8-BLK,34,32
NITRIFLEXFULL-9-BLK,34,32
NITRIFLEXFULL-10-BLK,34,32
NITRIFLEXFULL-11-BLK,34,32
NITROLITE-8-GY,7.15,6.875
NITROLITE-9-GY,7.15,6.875
NITROLITE-10-GY,7.15,6.875
GNYLON-W8-8,5.005,4.8125
GNYLON-W8-9,5.005,4.8125
GNYLON-W8-10,5.005,4.8125
DG-MIG-F6-8,243.1,233.75
DG-MIG-F6-9,243.1,233.75
DG-MIG-F6-10,243.1,233.75
DG-MIG-F6-11,243.1,233.75
DG-MIG-F6-12,243.1,233.75
MACH-4-8-O,171.6,165
MACH-4-9-O,171.6,165
MACH-4-10-O,171.6,165
MACH-4-11-O,171.6,165
MACH-4-12-O,171.6,165
MACH-6-8-O,171.6,165
MACH-6-9-O,171.6,165
MACH-6-10-O,171.6,165
MACH-30WP-8,171.6,165
MACH-30WP-9,228.8,220
MACH-30WP-10,228.8,220
MACH-100WP-9,243.1,233.75
MACH-100WP-11,243.1,233.75
MACH-777-8-BLKY,171.6,165
MACH-777-9-BLKY,171.6,165
MACH-777-10-BLKY,171.6,165
MACH-777-11-BLKY,171.6,165
MACH-777-12-BLKY,171.6,165
MACH-5-9-Y,171.6,165
MACH-5-10-Y,171.6,165
GCOT-W,3.2175,3.09375
GCOT/DD-W,6.5,6.25
DH100-WY,7.865,7.5625
1412A-8-Y,8.931,8.5875
1412A-9-Y,11.5,8.5875
1412A-10-Y,11.5,8.5875
GCOM/KW-Y,20.0889,19.31625
GLATEX/35-Y,59.345,57.0625
GCRAY-Y,10.3675,9.96875
DG-HS-Y-S-Y,6.578,6.325
DG-HS-Y-M-Y,6.578,6.325
DG-HS-Y-L-Y,6.578,6.325
DG-HS-Y-XL-Y,6.578,6.325
DG-HS-B-M-B,8.008,7.7
DG-HS-B-L-B,8.008,7.7
DG-HS-B-XL-B,8.008,7.7
DG-NITS-S-B,750.75,721.875
DG-NITS-M-B,800.8,721.875
DG-NITS-L-B,800.8,721.875
DG-NITS-XL-B,800.8,721.875
0921/10-Y,15.73,15.125
DH0911A-9-AF,13.9,12.9
0722/10-B,16.445,15.8125
0742/10-B,17.875,17.1875
WELD/BLUE-B,80.595,72.76071825
WELD/PRIME-G,80.595,72.76071825
WELD/RED-R,80.595,72.76071825
WELD/2.5,80.595,72.76071825
WELD/2.5GR-G,80.595,72.76071825
GTIG-8-TN,47.19,45.375
GTIG-9-TN,49,46.0625
GTIG-10-TN,49,46.0625
GTIG-11-TN,55,49.5
GTIG-12-TN,59,54.3125
GRIGGER/EXEC-G,28.6,27.5
GGOAT-8-W,35,33
GGOAT-9-W,35,33
GGOAT-10-W,35,33
GGOAT-15CMC-8,50.05,48.125
GGOAT-15CMC-9,50,48
GGOAT-15CMC-10,54.34,52.25
GCANDY,25,23
GCLIP-DROMEX-Y,31.46,30.25
XTRA/KW-BR,20.02,19.25
CRONUS/E-G,21.45,20.625
CRONUS/RGW-RG,14.3,13.75
GPVC/27/HG-G,16.445,15.8125
GPVC/KW-R,10.725,10.3125
GFREEZER/OC-O,50.05,48.125
DG-THOR5-8-Y,993.85,955.625
DG-THOR5-9-Y,993.85,955.625
DG-THOR5-10-Y,993.85,955.625
DG-THOR10-8-Y,1215.5,1168.75
DG-THOR10-9-Y,1250,1168.75
DG-THOR10-10-Y,1250,1168.75
DG-OV-S-O,279,265
DG-OV-M-O,279,265
DG-OV-L-O,279,265
DG-OV-XL-O,279,265
DB-WELDJ-S-BLK,1573,1512.5
DB-WELDJ-M-BLK,1573,1512.5
DB-WELDJ-L-BLK,1573,1512.5
DB-WELDJ-XL-BLK,1573,1512.5
DB-WELDJ-2XL-BLK,1573,1512.5
DB-WELDJ-3XL-BLK,1573,1512.5
ACE-60X90-W,88,84
ACE-YOKE-L-B,183,173
ACE-YOKE-XL-B,183,173
ACE-YOKE-2XL-B,183,173
DH-SPAT-KNEE-W,115,105
KBELT-S-W,85,77
KBELT-M-W,85,77
KBELT-L-W,85,77
KBELT-XL-W,85,77
KBELT-2XL-W,85,77
DHYDRO-S-Y,175,165
DHYDRO-M-Y,175,165
DHYDRO-L-Y,175,165
DHYDRO-XL-Y,175,165
DHYDRO-2XL-Y,175,165
DHYDRO-3XL-Y,175,165
DHYDRO-4XL-Y,175,165
DB-HYDROPLUS-S-O,786.5,756.25
DB-HYDROPLUS-M-O,786.5,756.25
DB-HYDROPLUS-L-O,786.5,756.25
DB-HYDROPLUS-XL-O,786.5,756.25
DB-HYDROPLUS-2XL-O,786.5,756.25
DB-HYDROPLUS-3XL-O,786.5,756.25
PRSRUB/SB-S-N,110,106
PRSRUB/SB-M-N,110,106
PRSRUB/SB-L-N,110,106
PRSRUB/SB-XL-N,110,106
PRSRUB/SB-2XL-N,110,106
PRSRUB/SB-3XL-N,110,106
PRSRUB/SB-4XL-N,110,106
PRSRUB/SY-S-Y,110,106
PRSRUB/SY-M-Y,110,106
PRSRUB/SY-L-Y,110,106
PRSRUB/SY-XL-Y,110,106
PRSRUB/SY-2XL-Y,110,106
PRSRUB/SY-3XL-Y,110,106
PRSRUB/SY-4XL-Y,110,106
PRSRUB/SBLK-4XLBLK-S-BLK,82.94,79.75
PRSRUB/SBLK-4XLBLK-M-BLK,82.94,79.75
PRSRUB/SBLK-4XLBLK-L-BLK,82.94,79.75
PRSRUB/SBLK-4XLBLK-XL-BLK,82.94,79.75
PRSRUB/SBLK-4XLBLK-2XL-BLK,82.94,79.75
PRSRUB/SBLK-4XLBLK-3XL-BLK,82.94,79.75
PRSRUB/SBLK-4XLBLK-4XL-BLK,82.94,79.75
PRSRUB/SOR-S-O,140,135
PRSRUB/SOR-M-O,140,135
PRSRUB/SOR-L-O,140,135
PRSRUB/SOR-XL-O,140,135
PRSRUB/SOR-2XL-O,140,135
PRSRUB/SOR-3XL-O,140,135
PRSRUB/SOR-4XL-O,140,135
PRSRUB/SFL-S-LMG,140,135
PRSRUB/SFL-M-LMG,140,135
PRSRUB/SFL-L-LMG,140,135
PRSRUB/SFL-XL-LMG,140,135
PRSRUB/SFL-2XL-LMG,140,135
PRSRUB/SFL-3XL-LMG,140,135
PRSRUB/BRT-S-NVB,140,135
PRSRUB/BRT-M-NVB,140,135
PRSRUB/BRT-L-NVB,140,135
PRSRUB/BRT-XL-NVB,140,135
PRSRUB/BRT-2XL-NVB,140,135
PRSRUB/BRT-3XL-NVB,140,135
RUBCOAT/SB-S-NVB,93,89
RUBCOAT/SB-M-NVB,93,89
RUBCOAT/SB-L-NVB,93,89
RUBCOAT/SB-XL-NVB,93,89
RUBCOAT/SB-2XL-NVB,93,89
RUBCOAT/SB-3XL-NVB,93,89
RUBCOAT/SY-S-Y,93,89
RUBCOAT/SY-M-Y,93,89
RUBCOAT/SY-L-Y,93,89
RUBCOAT/SY-XL-Y,93,89
RUBCOAT/SY-2XL-Y,93,89
RUBCOAT/SY-3XL-Y,93,89
DB-MAC-XS-G,343,330
DB-MAC-S-G,336.05,323.125
DB-MAC-M-G,343.2,323.5
DB-MAC-L-G,343.2,323.875
DB-MAC-XL-G,343.2,324.25
DB-MAC-2XL-G,343.2,324.625
DB-MAC-3XL-G,343.2,325
DB-MAC-4XL-G,377.52,363
DB-MAC-5XL-G,377.52,363
DB-AGRIMAC-J-S-G,336.05,323.125
DB-AGRIMAC-J-M-G,336.05,323.125
DB-AGRIMAC-J-L-G,336.05,323.125
DB-AGRIMAC-J-XL-G,336.05,323.125
DB-AGRIMAC-J-2XL-G,336.05,323.125
DB-AGRIMAC-J-3XL-G,336.05,323.125
DB-AGRIMAC-BP-S-G,264.55,254.375
DB-AGRIMAC-BP-M-G,264.55,254.375
DB-AGRIMAC-BP-L-G,264.55,254.375
DB-AGRIMAC-BP-XL-G,264.55,254.375
DB-AGRIMAC-BP-2XL-G,264.55,254.375
DB-AGRIMAC-BP-3XL-G,264.55,254.375
DB-APOLLO-S,600.6,577.5
DB-APOLLO-M,600.6,577.5
DB-APOLLO-L,600.6,577.5
DB-APOLLO-XL,600.6,577.5
DB-APOLLO-2XL,600.6,577.5
DB-APOLLO-3XL,600.6,577.5
DB-APOLLO-4XL,600.6,577.5
DB-APOLLO-5XL,600.6,577.5
DB-WETPRO-LNB-S-YNVB,572,550
DB-WETPRO-LNB-M-YNVB,572,550
DB-WETPRO-LNB-L-YNVB,572,550
DB-WETPRO-LNB-XL-YNVB,572,550
DB-WETPRO-LNB-2XL-YNVB,572,550
DB-WETPRO-LNB-3XL-YNVB,572,550
DB-WETPRO-LNB-4XL-YNVB,572,550
DB-WETPRO-LNB-5XL-YNVB,572,550
DB-PJ-S,514.8,495
DB-PJ-M,514.8,495
DB-PJ-L,514.8,495
DB-PJ-XL,514.8,495
DB-PJ-2XL,514.8,495
DB-PJ-3XL,514.8,495
DB-PJ-4XL,514.8,495
DB-PJ-5XL,514.8,495
DB-2TPJ-XS,514.8,495
DB-2TPJ-S,514.8,495
DB-2TPJ-M,514.8,495
DB-2TPJ-L,514.8,495
DB-2TPJ-XL,514.8,495
DB-2TPJ-2XL,514.8,495
DB-2TPJ-3XL,514.8,495
DB-2TPJ-4XL,514.8,495
DB-2TPJ-5XL,514.8,495
DB-SS-XS,414.7,398.75
DB-SS-S,414.7,398.75
DB-SS-M,414.7,398.75
DB-SS-L,414.7,398.75
DB-SS-XL,414.7,398.75
DB-SS-2XL,414.7,398.75
DB-SS-3XL,414.7,398.75
DB-SS-4XL,414.7,398.75
DB-SS-5XL,414.7,398.75
DB-STP-J-XS-N,450,433
DB-STP-J-S-N,464.75,446.875
DB-STP-J-M-N,464.75,446.875
DB-STP-J-L-N,464.75,446.875
DB-STP-J-XL-N,464.75,446.875
DB-STP-J-2XL-N,464.75,446.875
DB-STP-J-3XL-N,464.75,446.875
DB-STP-J-4XL-N,464.75,446.875
DB-STP-J-5XL-N,450,433
DB-STP-P-S-N,228.8,220
DB-STP-P-M-N,228.8,220
DB-STP-P-L-N,228.8,220
DB-STP-P-XL-N,228.8,220
DB-STP-P-2XL-N,228.8,220
DB-STP-P-3XL-N,228.8,220
DB-STP-P-4XL-N,228.8,220
DB-STG-J-S-N,429,412.5
DB-STG-J-M-N,429,412.5
DB-STG-J-L-N,429,412.5
DB-STG-J-XL-N,429,412.5
DB-STG-J-2XL-N,429,412.5
DB-STG-J-3XL-N,429,412.5
DB-STG-P-S-N,243.1,233.75
DB-STG-P-M-N,243.1,233.75
DB-STG-P-L-N,243.1,233.75
DB-STG-P-XL-N,243.1,233.75
DB-STG-P-2XL-N,243.1,233.75
DB-STG-P-3XL-N,243.1,233.75
DB-STL-S-BLK,372,358
DB-STL-M-BLK,372,358
DB-STL-L-BLK,372,358
DB-STL-XL-BLK,372,358
DB-STL-2XL-BLK,372,358
DB-STL-3XL-BLK,372,358
DB-STL-NB-S-N,371.8,357.5
DB-STL-NB-M-N,371.8,357.5
DB-STL-NB-L-N,371.8,357.5
DB-STL-NB-XL-N,371.8,357.5
DB-STL-NB-2XL-N,371.8,357.5
DB-STL-NB-3XL-N,371.8,357.5
DB-STBW-A-S-BLKW,257.4,247.5
DB-STBW-A-M-BLKW,257.4,247.5
DB-STBW-A-L-BLKW,257.4,247.5
DB-STBW-A-XL-BLKW,257.4,247.5
DB-STBW-A-2XL-BLKW,257.4,247.5
DB-STBW-A-3XL-BLKW,257.4,247.5
DB-STBW-H-S-BLKW,228.8,220
DB-STBW-H-M-BLKW,228.8,220
DB-STBW-H-L-BLKW,228.8,220
DB-STBW-H-XL-BLKW,228.8,220
DB-STBW-H-2XL-BLKW,228.8,220
DB-STBW-H-3XL-BLKW,228.8,220
PROMAX-C4000-M-Y,358,344
PROMAX-C4000-L-Y,358,344
PROMAX-C4000-XL-Y,358,344
PROMAX-C4000-2XL-Y,358,344
PROMAX-C4000-3XL-Y,358,344
PROMAX-1000-M-W,114,110
PROMAX-1000-L-W,114,110
PROMAX-1000-XL-W,114,110
PROMAX-S-W,57,55
PROMAX-M-W,57,55
PROMAX-L-W,57,55
PROMAX-XL-W,57,55
PROMAX-2XL-W,57,55
PROMAX-3XL-W,57,55
PDISPO-M-W,27,26
PDISPO-L-W,27,26
PDISPO-XL-W,27,26
PDISPO-2XL-W,27,26
PDISPO-3XL-W,27,26
SA19-L,15.015,14.4375
SA10-S-L,31,30
SA10-M-L,31,30
SA10-L-L,31,30
SA10-XL-L,31,30
SA10-2XL-L,31,30
SA10-3XL-L,31,30
SA10-5XL-L,31,30
SA10-OR-S-O,31,30
SA10-OR-M-O,31,30
SA10-OR-L-O,31,30
SA10-OR-XL-O,31,30
SA10-OR-2XL-O,31,30
SA10-OR-3XL-O,31,30
SA10-OR-5XL-O,31,30
SA7B2-S-L,34,33
SA7B2-M-L,34,33
SA7B2-L,34,33
SA7B2-XL-L,34,33
SA7B2-2XL-L,34,33
SA7B2-3XL-L,34,33
SA7B2-5XL-L,34.32,33
SA16A-M-L,39,37
SA16A-L-L,39,37
SA16A-XL-L,39,37
SA16A-2XL-L,39,37
SA16A-3XL-L,39,37
SA-S-LO,51,50
SA-M-LO,51,50
SA-L-LO,51,50
SA-XL-LO,51,50
SA-2XL-LO,51,50
SA-3XL-LO,51,50
SA-5XL-LO,51,50
SA50-YB-S-LO,114,110
SA50-YB-M-LO,92.95,89.375
SA50-YB-L-LO,92.95,89.375
SA50-YB-XL-LO,92.95,89.375
SA50-YB-2XL-LO,92.95,89.375
SA50-YB-3XL-LO,92.95,89.375
SA50-YOR-S-LR,114.4,110
SA50-YOR-M-LR,114.4,110
SA50-YOR-L-LR,114.4,110
SA50-YOR-XL-LR,114.4,110
SA50-YOR-2XL-LR,114.4,110
SA50-YOR-3XL-LR,114.4,110
SA11-ASFR-XL-LR,157.3,151.25
SA11-ASFR-2XL-LR,157.3,151.25
SA11-ASFR-3XL-LR,157.3,151.25
SA11-ASFR-5XL-LR,157.3,151.25
SA003FR-Y-S-L,193.05,185.625
SA003FR-Y-M-L,193,186
SA003FR-Y-L-L,193,186
SA003FR-Y-XL-L,193.05,185.625
SA003FR-Y-2XL-L,193.05,185.625
SA003FR-Y-3XL-L,193.05,185.625
SA003FR-Y-5XL-L,193.05,185.625
SA13-SL-S-LO,178.75,171.875
SA13-SL-M-LO,178.75,171.875
SA13-SL-L-LO,178.75,171.875
SA13-SL-XL-LO,178.75,171.875
SA13-SL-2XL-LO,178.75,171.875
SA13-SL-3XL-LO,178.75,171.875
SA14-NS-S-LO,157.3,151.25
SA14-NS-M-LO,157.3,151.25
SA14-NS-L-LO,157.3,151.25
SA14-NS-XL-LO,157.3,151.25
SA14-NS-2XL-LO,157.3,151.25
SA14-NS-3XL-LO,157.3,151.25
FA-3,622.05,598.125
FA-3/REFILL,336.05,323.125
FA-7,693.55,666.875
FA-7/REFILL,407.55,391.875
DFA-PN10,529.1,508.75
DFA-PN21,593.58,570.75
DFA-PN10-PS,321.75,309.375
DFA-PN361N,544.83,523.875
DFA-STS01,274.17,263.625
DFA-TL01,104.39,100.375
DFA-TL02,160.16,154
DFA-TPGS06,3432,3300
DFA-TPGS15,7865,7562.5
DFA-PN2002,1601.6,1540
DFA-MIC02,2402.4,2310
WELDSCR-2X2-Y,80.595,72.76071825
WELDSCR-2X3-Y,80.595,72.76071825
DH-HH-W,90.09,86.625
DH-HH-DB-DKB,90.09,86.625
DH-HH-B,90.09,86.625
DH-HH-RD-R,90.09,86.625
DH-HH-G,90.09,86.625
DH-HH-Y,90.09,86.625
DH-HH-OR-O,90.09,86.625
DH-HH-GY,90.09,86.625
DH-HH-P,82,78
DH-HH-BLK,90.09,86.625
DH-HH-BRN-BR,90.09,86.625
DH-HHCL-W,104.39,100.375
DH-HHCL-B,104.39,100.375
DH-HHCL-RD-R,104.39,100.375
DH-HHCL-Y,104.39,100.375
DH-HHCL-G,104.39,100.375
DH-HHCL-OR-O,104.39,100.375
DH-HHCL-GY,104.39,100.375
DH-HHCL-DB-DKB,104.39,100.375
BUMPCAP-NB-NVB,92.95,89.375
BUMPCAP-BLK-B,92.95,89.375
DV-11-CL,9.9385,9.55625
DV-21-CL,12.5125,12.03125
DV-004MAX-CL,57.2,55
DV-EF20B-CL,143,137.5
DV-GW5-CL,28.6,27.5
DV-026A-AM,9.6525,9.28125
DV-353C-AF-R-CL,25.74,24.75
DV-353C-AF-B-CL,25.74,24.75
DV-353C-AF-L-CL,25.74,24.75
DV-894G-AF-R-GY,51.48,49.5
DV-894G-AF-B-GY,51.48,49.5
DV-894G-AF-Y-GY,51.48,49.5
DV-326B-C-AF-CL,78.65,75.625
DV-326B-G-AF-GY,78.65,75.625
DV-1C-CL,11.5089,15
DV-1GN-G,11.5089,15
DV-504-CL,30.03,28.875
DV-026C-CL,9.6525,9.28125
DV-026C-AF-CL,13.585,13.0625
DV-026GN-G,9.6525,9.28125
DV-026G-GY,9.6525,9.28125
DV-026A-CL,9.6525,9.28125
DV-026-IR5-G,40.04,38.5
DV-026-IR3-G,40.04,38.5
DV-55C-AF-CL,24.31,23.375
DV-55G-AF-GY,24.31,23.375
DV-12C-CL,8.9375,8.59375
DV-12C-AF-CL,13.585,13.0625
DV-12G-GY,8.9375,8.59375
DV-12GN-G,8.5514,8.2225
DV-12A-AF-Y,13.585,13.0625
DV-12M-MI,15.015,14.4375
DV-894G-AF-B,51.48,49.5
DV-894G-AF-Y,51.48,49.5
F-POUCH-BLK,7.15,6.875
8A-G,5.005,4.8125
DR-098-G,1.573,1.5125
DR-098C-G,2.6455,2.54375
DR-099C-PY,3.861,3.7125
DRO30-DISP,1716,1650
DRO30-G,1.716,1.65
DR-118C-BG,2.6455,2.54375
DR-090C-GG,2.6455,2.54375
DR-090CDET-BB,4.9335,4.74375
DR-090CI-G,8.58,8.25
EG3301B-B,15.73,15.125
JM-B,37.18,35.75
CEM-B,114.4,110
INTEREX-YBLK,157.3,151.25
HHCARRIER-WCL,86,83
DH-MARTCARE-GY,78.65,75.625
DH-FFM,1215.5,1168.75
DH-FFMBAG,71.5,68.75
DH-302-S,157.3,151.25
DH-302-M,157.3,151.25
DH-302-L,157.3,151.25
DR-A1-EN,143,137.5
DR-A2-EN,171.6,165
DR-A1P2-EN,228.8,220
DR-A2P3-EN,286,275
DR-P2-EN,62.92,60.5
DR-P2PF-EN,128.7,123.75
DR-P3PF-EN,85.8,82.5
DR-P3-OV-EN,114.4,110
DR-ABEK1-EN,271.7,261.25
DR-ABEK1P3-EN,357.5,343.75
DH-101,68.64,66
DHCS-A1,100.1,96.25
DHCS-P2,51.48,49.5
DHCS-P2PF,102.96,99
DH-102,77.22,74.25
DH-202,102.96,99
DHRB-BLK,57.2,55
DHCT-A1,74.36,71.5
DHCT-A2,94.38,90.75
DHCT-B1,100.1,96.25
DHCT-ABEK1,228.8,220
DHCT-P2,45.76,44
DHCT-P3,85.8,82.5
DHCT-P2PF,114.4,110
DHCT-P3PF,107.25,103.125
FFP-DRO-01,114.8,102.5
FFP-DRO-02,114.8,102.5
FFP-DRO-03-W,114.8,102.5
FFP-DRO-04,114.8,102.5
FFP-DRO-05,114.8,102.5
FFP-DRO-06-W,114.8,102.5
N95-5150,2940,1925
QSA-2010,1230,11825
QSA-2020,1401,13475
QSA-2021,1304,1254
QSA-2020RP5,1716,1650
DF-9160-4-BLK,31,30
DF-9160-5-BLK,31,30
DF-9160-6-BLK,31,30
DF-9160-7-BLK,31,30
DF-9160-8-BLK,31,30
DF-9160-9-BLK,31,30
DF-9160-10-BLK,31,30
DF-9160-11-BLK,31,30
DF-9160-NB-4-NVB,31,30
DF-9160-NB-5-NVB,31,30
DF-9160-NB-6-NVB,31,30
DF-9160-NB-7-NVB,31,30
DF-9160-NB-8-NVB,31,30
DF-9160-NB-9-NVB,31,30
DF-9160-NB-10-NVB,31,30
DF-9160-NB-11-NVB,31,30
DF-9160-4-CH,31,30
DF-9160-5-CH,31,30
DF-9160-6-CH,31,30
DF-9160-7-CH,31,30
DF-9160-8-CH,31,30
DF-9160-9-CH,31,30
DF-9160-10-CH,31,30
DF-9160-11-CH,31,30
DF-9160-KH-4-K,31,30
DF-9160-KH-5-K,31,30
DF-9160-KH-6-K,31,30
DF-9160-KH-7-K,31,30
DF-9160-KH-8-K,31,30
DF-9160-KH-9-K,31,30
DF-9160-KH-10-K,31,30
DF-9160-KH-11-K,31,30
DF-9161-4-BLK,46,45
DF-9161-5-BLK,46,45
DF-9161-6-BLK,46,45
DF-9161-7-BLK,46,45
DF-9161-8-BLK,46,45
DF-9161-9-BLK,46,45
DF-9161-10-BLK,46,45
DF-9161-11-BLK,46,45
DF-9161-NB-4-NVB,46,45
DF-9161-NB-5-NVB,46,45
DF-9161-NB-6-NVB,46,45
DF-9161-NB-7-NVB,46,45
DF-9161-NB-8-NVB,46,45
DF-9161-NB-9-NVB,46,45
DF-9161-NB-10-NVB,46,45
DF-9161-NB-11-NVB,46,45
DF-9162-8-CH,157,151
DF-9162-9-CH,157,151
DF-9162-10-CH,157,151
DF-9162-11-CH,157,151
SS1011/SHOE-3-BLK,240.24,231
SS1011/SHOE-4-BLK,240.24,231
SS1011/SHOE-5-BLK,240.24,231
SS1011/SHOE-6-BLK,240.24,231
SS1011/SHOE-7-BLK,240.24,231
SS1011/SHOE-8-BLK,240.24,231
SS1011/SHOE-9-BLK,240.24,231
SS1011/SHOE-10-BLK,240.24,231
SS1011/SHOE-11-BLK,240.24,231
SS1011/SHOE-12-BLK,240.24,231
SS1011/SHOE-13-BLK,240.24,231
SS1020/BOOT-3-BLK,243.1,233.75
SS1020/BOOT-4-BLK,243.1,233.75
SS1020/BOOT-5-BLK,243.1,233.75
SS1020/BOOT-6-BLK,243.1,233.75
SS1020/BOOT-7-BLK,243.1,233.75
SS1020/BOOT-8-BLK,243.1,233.75
SS1020/BOOT-9-BLK,243.1,233.75
SS1020/BOOT-10-BLK,243.1,233.75
SS1020/BOOT-11-BLK,243.1,233.75
SS1020/BOOT-12-BLK,243.1,233.75
SS1020/BOOT-13-BLK,753.61,233.75
DF-UBLK-3-BLK,564.85,543.125
DF-UBLK-4-BLK,564.85,543.125
DF-UBLK-5-BLK,564.85,543.125
DF-UBLK-6-BLK,564.85,543.125
DF-UBLK-7-BLK,564.85,543.125
DF-UBLK-8-BLK,564.85,543.125
DF-UBLK-9-BLK,564.85,543.125
DF-UBLK-10-BLK,564.85,543.125
DF-UBLK-11-BLK,564.85,543.125
DF-UBLK-12-BLK,564.85,543.125
DF-UBLK-13-BLK,564.85,543.125
DF-USHOE-3-BLK,536.25,515.625
DF-USHOE-4-BLK,536.25,515.625
DF-USHOE-5-BLK,536.25,515.625
DF-USHOE-6-BLK,536.25,515.625
DF-USHOE-7-BLK,536.25,515.625
DF-USHOE-8-BLK,536.25,515.625
DF-USHOE-9-BLK,536.25,515.625
DF-USHOE-10-BLK,536.25,515.625
DF-USHOE-11-BLK,536.25,515.625
DF-USHOE-12-BLK,536.25,515.625
DF-USHOE-13-BLK,536.25,515.625
DF-SK7026-3-BLK,686.4,660
DF-SK7026-4-BLK,686.4,660
DF-SK7026-5-BLK,686.4,660
DF-SK7026-6-BLK,686.4,660
DF-SK7026-7-BLK,686.4,660
DF-SK7026-8-BLK,686.4,660
DF-SK7026-9-BLK,686.4,660
DF-SK7026-10-BLK,686.4,660
DF-SK7026-11-BLK,686.4,660
DF-SK7026-12-BLK,686.4,660
DF-SK7026-13-BLK,686.4,660
DF-NOBUHLE-2-BLK,700.7,673.75
DF-NOBUHLE-3-BLK,700.7,673.75
DF-NOBUHLE-4-BLK,700.7,673.75
DF-NOBUHLE-5-BLK,700.7,673.75
DF-NOBUHLE-6-BLK,700.7,673.75
DF-NOBUHLE-7-BLK,700.7,673.75
DF-NOBUHLE-8-BLK,700.7,673.75
DF-NOBUHLE-9-BLK,700.7,673.75
DF-CHELSEA-3-BLKBR,893.75,859.375
DF-CHELSEA-4-BLKBR,893.75,859.375
DF-CHELSEA-5-BLKBR,893.75,859.375
DF-CHELSEA-6-BLKBR,893.75,859.375
DF-CHELSEA-7-BLKBR,893.75,859.375
DF-CHELSEA-8-BLKBR,893.75,859.375
DF-CHELSEA-9-BLKBR,893.75,859.375
DF-CHELSEA-10-BLKBR,893.75,859.375
DF-CHELSEA-11-BLKBR,893.75,859.375
DF-CHELSEA-12-BLKBR,893.75,859.375
DF-CHELSEA-13-BLKBR,893.75,859.375
DF-SS1050-3-BLK,393.25,378.125
DF-SS1050-4-BLK,414.7,398.75
DF-SS1050-5-BLK,414.7,398.75
DF-SS1050-6-BLK,414.7,398.75
DF-SS1050-7-BLK,414.7,398.75
DF-SS1050-8-BLK,414.7,398.75
DF-SS1050-9-BLK,414.7,398.75
DF-SS1050-10-BLK,414.7,398.75
DF-SS1050-11-BLK,414.7,398.75
DF-SS1050-12-BLK,414.7,398.75
DF-SS1050-13-BLK,414.7,398.75
DFB-3-BLK,2860,2750
DFB-4½-BLK,2860,2750
DFB-5½-BLK,2860,2750
DFB-6-BLK,2860,2750
DFB-7-BLK,2860,2750
DFB-8-BLK,2860,2750
DFB-9½-BLK,2860,2750
DFB-10½-BLK,2860,2750
DFB-11½-BLK,2860,2750
DF-EMPEROR-BR,2145,2063
DF-BOLT-3-BLK,1194.05,1148.125
DF-BOLT-4-BLK,1194.05,1148.125
DF-BOLT-5-BLK,1194.05,1148.125
DF-BOLT-6-BLK,1194.05,1148.125
DF-BOLT-7-BLK,1194.05,1148.125
DF-BOLT-8-BLK,1194.05,1148.125
DF-BOLT-9-BLK,1194.05,1148.125
DF-BOLT-10-BLK,1194.05,1148.125
DF-BOLT-11-BLK,1194.05,1148.125
DF-BOLT-12-BLK,1194.05,1148.125
DF-BOLT-13-BLK,1194.05,1148.125
DF-SWIFT-4-BLK,800.8,770
DF-SWIFT-5-BLK,800.8,770
DF-SWIFT-6-BLK,800.8,770
DF-SWIFT-7-BLK,800.8,770
DF-SWIFT-8-BLK,800.8,770
DF-SWIFT-9-BLK,800.8,770
DF-SWIFT-10-BLK,800.8,770
DF-SWIFT-11-BLK,800.8,770
DF-SWIFT-12-BLK,800.8,770
DF-SWIFT-13-BLK,800.8,770
DF-FLITE-M-4-GYB,950.95,914.375
DF-FLITE-M-5-GYB,950.95,914.375
DF-FLITE-M-6-GYB,950.95,914.375
DF-FLITE-M-7-GYB,950.95,914.375
DF-FLITE-M-8-GYB,950.95,914.375
DF-FLITE-M-9-GYB,950.95,914.375
DF-FLITE-M-10-GYB,950.95,914.375
DF-FLITE-M-11-GYB,950.95,914.375
DF-FLITE-M-12-GYB,2947.945,914.375
DF-FLITE-M-13-GYB,950.95,914.375
DF-FLITE-L-2-GYP,929.5,893.75
DF-FLITE-L-3-GYP,929.5,893.75
DF-FLITE-L-4-GYP,929.5,893.75
DF-FLITE-L-5-GYP,929.5,893.75
DF-FLITE-L-6-GYP,929.5,893.75
DF-FLITE-L-7-GYP,929.5,893.75
DF-FLITE-L-8-GYP,929.5,893.75
DF-FLITE-L-9-GYP,929.5,893.75
DF-GB-GP-4-BLK,128.7,123.75
DF-GB-GP-5-BLK,128.7,123.75
DF-GB-GP-6-BLK,128.7,123.75
DF-GB-GP-7-BLK,128.7,123.75
DF-GB-GP-8-BLK,128.7,123.75
DF-GB-GP-9-BLK,128.7,123.75
DF-GB-GP-10-BLK,128.7,123.75
DF-GB-GP-11-BLK,128.7,123.75
DF-GB-GP-12-BLK,128.7,123.75
DF-GB-GP-13-BLK,128.7,123.75
DF-SP-STCM-4-BLK,228.8,220
DF-SP-STCM-5-BLK,228.8,220
DF-SP-STCM-6-BLK,228.8,220
DF-SP-STCM-7-BLK,228.8,220
DF-SP-STCM-8-BLK,228.8,220
DF-SP-STCM-9-BLK,228.8,220
DF-SP-STCM-10-BLK,228.8,220
DF-SP-STCM-11-BLK,228.8,220
DF-SP-STCM-12-BLK,228.8,220
DF-SP-STCM-13-BLK,228.8,220
DF-GB-LL-3-W,117.26,112.75
DF-GB-LL-4-W,117.26,112.75
DF-GB-LL-5-W,117.26,112.75
DF-GB-LL-6-W,117.26,112.75
DF-GB-LL-7-W,117.26,112.75
DF-GB-LL-8-W,117.26,112.75
DF-GB-LL-9-W,117.26,112.75
DF-GB-MN-4-W,122.98,118.25
DF-GB-MN-5-W,122.98,118.25
DF-GB-MN-6-W,122.98,118.25
DF-GB-MN-7-W,122.98,118.25
DF-GB-MN-8-W,122.98,118.25
DF-GB-MN-9-W,122.98,118.25
DF-GB-MN-10-W,122.98,118.25
DF-GB-MN-11-W,122.98,118.25
DF-GB-MN-12-W,122.98,118.25
DF-GB-MN-13-W,122.98,118.25
DF-CH-GB-4-BLKW,257.4,247.5
DF-CH-GB-5-BLKW,257.4,247.5
DF-CH-GB-6-BLKW,257.4,247.5
DF-CH-GB-7-BLKW,257.4,247.5
DF-CH-GB-8-BLKW,257.4,247.5
DF-CH-GB-9-BLKW,257.4,247.5
DF-CH-GB-10-BLKW,257.4,247.5
DF-CH-GB-11-BLKW,257.4,247.5
DF-CH-GB-12-BLKW,257.4,247.5
DW-TSHIRTXX-XS,68.64,66
DW-TSHIRTXX-S,68.64,66
DW-TSHIRTXX-M,68.64,66
DW-TSHIRTXX-L,68.64,66
DW-TSHIRTXX-XL,68.64,66
DW-TSHIRTXX-2XL,68.64,66
DW-TSHIRTXX-3XL,68.64,66
DW-TSHIRTXX-4XL,68.64,66
DW-TSHIRTXX-5XL,68.64,66
DW-TECH-TXX-XS,64.35,61.875
DW-TECH-TXX-S,64.35,61.875
DW-TECH-TXX-M,64.35,61.875
DW-TECH-TXX-L,64.35,61.875
DW-TECH-TXX-XL,64.35,61.875
DW-TECH-TXX-2XL,64.35,61.875
DW-TECH-TXX-3XL,64.35,61.875
DW-TECH-TXX-4XL,64.35,61.875
DW-TECH-TXX-5XL,64.35,61.875
DW-GOLFER-XS,87.23,83.875
DW-GOLFER-S,87.23,83.875
DW-GOLFER-M,87.23,83.875
DW-GOLFER-L,87.23,83.875
DW-GOLFER-XL,87.23,83.875
DW-GOLFER-2XL,87.23,83.875
DW-GOLFER-3XL,87.23,83.875
DW-GOLFER-4XL,87.23,83.875
DW-GOLFER-5XL,87.23,83.875
DW-TECH-GXX-XS,85.8,82.5
DW-TECH-GXX-S,85.8,82.5
DW-TECH-GXX-M,85.8,82.5
DW-TECH-GXX-L,85.8,82.5
DW-TECH-GXX-XL,85.8,82.5
DW-TECH-GXX-2XL,85.8,82.5
DW-TECH-GXX-3XL,85.8,82.5
DW-TECH-GXX-4XL,85.8,82.5
DW-TECH-GXX-5XL,85.8,82.5
DW-HVTECH-GXX-XS,101.53,97.625
DW-HVTECH-GXX-S,101.53,97.625
DW-HVTECH-GXX-M,101.53,97.625
DW-HVTECH-GXX-L,101.53,97.625
DW-HVTECH-GXX-XL,101.53,97.625
DW-HVTECH-GXX-2XL,101.53,97.625
DW-HVTECH-GXX-3XL,101.53,97.625
DW-HVTECH-GXX-4XL,101.53,97.625
DW-HVTECH-GXX-5XL,101.53,97.625
DW-CHINOS-28,314.6,302.5
DW-CHINOS-30,314.6,302.5
DW-CHINOS-32,314.6,302.5
DW-CHINOS-34,314.6,302.5
DW-CHINOS-36,314.6,302.5
DW-CHINOS-38,314.6,302.5
DW-CHINOS-40,314.6,302.5
DW-CHINOS-42,314.6,302.5
DW-CHINOS-44,314.6,302.5
DW-CHINOS-46,314.6,302.5
DW-CHINOS-48,314.6,302.5
DW-CHINOS-50,314.6,302.5
DW-CHINO-SHORTS-28,314.6,302.5
DW-CHINO-SHORTS-30,314.6,302.5
DW-CHINO-SHORTS-32,314.6,302.5
DW-CHINO-SHORTS-34,314.6,302.5
DW-CHINO-SHORTS-36,314.6,302.5
DW-CHINO-SHORTS-38,314.6,302.5
DW-CHINO-SHORTS-40,314.6,302.5
DW-CHINO-SHORTS-42,314.6,302.5
DW-CHINO-SHORTS-44,314.6,302.5
DW-CHINO-SHORTS-46,314.6,302.5
DW-CHINO-SHORTS-48,314.6,302.5
DW-CHINO-SHORTS-50,314.6,302.5
DW-FORMLS-S,221.65,213.125
DW-FORMLS-M,221.65,213.125
DW-FORMLS-L,221.65,213.125
DW-FORMLS-XL,221.65,213.125
DW-FORMLS-2XL,221.65,213.125
DW-FORMLS-3XL,221.65,213.125
DW-FORMSS-S,207.35,199.375
DW-FORMSS-M,207.35,199.375
DW-FORMSS-L,207.35,199.375
DW-FORMSS-XL,207.35,199.375
DW-FORMSS-2XL,207.35,199.375
DW-FORMSS-3XL,207.35,199.375
DW-SH-XS-K,329,316
DW-SH-S-K,329,316
DW-SH-M-K,329,316
DW-SH-L-K,329,316
DW-SH-XL-K,329,316
DW-SH-2XL-K,329,316
DW-SH-3XL-K,329,316
DW-SH-4XL-K,329,316
DW-SH-5XL-K,329,316
DW-DSHIRT-XS-B,357.5,343.75
DW-DSHIRT-S-B,357.5,343.75
DW-DSHIRT-M-B,357.5,343.75
DW-DSHIRT-L-B,357.5,343.75
DW-DSHIRT-XL-B,357.5,343.75
DW-DSHIRT-2XL-B,357.5,343.75
DW-DSHIRT-3XL-B,357.5,343.75
DW-DSHIRT-4XL-B,357.5,343.75
DW-DSHIRT-5XL-B,357.5,343.75
DW-2TSHIRTS-XS,336.05,323.125
DW-2TSHIRTS-S,336.05,323.125
DW-2TSHIRTS-M,336.05,323.125
DW-2TSHIRTS-L,336.05,323.125
DW-2TSHIRTS-XL,336.05,323.125
DW-2TSHIRTS-2XL,336.05,323.125
DW-2TSHIRTS-3XL,336.05,323.125
DW-2TSHIRTS-4XL,336.05,323.125
DW-2TSHIRTS-5XL,336.05,323.125
DW-ST-CARGO-SH-28,421.85,405.625
DW-ST-CARGO-SH-30,421.85,405.625
DW-ST-CARGO-SH-32,421.85,405.625
DW-ST-CARGO-SH-34,421.85,405.625
DW-ST-CARGO-SH-36,421.85,405.625
DW-ST-CARGO-SH-38,421.85,405.625
DW-ST-CARGO-SH-40,421.85,405.625
DW-ST-CARGO-SH-42,421.85,405.625
DW-ST-CARGO-SH-44,421.85,405.625
DW-ST-CARGO-SH-46,421.85,405.625
DW-ST-CARGO-SH-48,421.85,405.625
DW-ST-CARGO-SH-50,421.85,405.625
DW-UTI-SH-28,464.75,446.875
DW-UTI-SH-30,464.75,446.875
DW-UTI-SH-32,464.75,446.875
DW-UTI-SH-34,464.75,446.875
DW-UTI-SH-36,464.75,446.875
DW-UTI-SH-38,464.75,446.875
DW-UTI-SH-40,464.75,446.875
DW-UTI-SH-42,464.75,446.875
DW-UTI-SH-44,464.75,446.875
DW-UTI-SH-46,464.75,446.875
DW-UTI-SH-48,464.75,446.875
DW-UTI-SH-50,464.75,446.875
DW-UTI-PN-28,564.85,543.125
DW-UTI-PN-30,564.85,543.125
DW-UTI-PN-32,564.85,543.125
DW-UTI-PN-34,564.85,543.125
DW-UTI-PN-36,564.85,543.125
DW-UTI-PN-38,564.85,543.125
DW-UTI-PN-40,564.85,543.125
DW-UTI-PN-42,564.85,543.125
DW-UTI-PN-44,564.85,543.125
DW-UTI-PN-46,564.85,543.125
DW-UTI-PN-48,564.85,543.125
DW-UTI-PN-50,564.85,543.125
DW-UTI-J-S,643.5,618.75
DW-UTI-J-M,643.5,618.75
DW-UTI-J-L,643.5,618.75
DW-UTI-J-XL,643.5,618.75
DW-UTI-J-2XL,643.5,618.75
DW-UTI-J-3XL,643.5,618.75
DW-UTI-FA-PN-AB-28-B,750.75,721.875
DW-UTI-FA-PN-AB-30-B,750.75,721.875
DW-UTI-FA-PN-AB-32-B,750.75,721.875
DW-UTI-FA-PN-AB-34-B,750.75,721.875
DW-UTI-FA-PN-AB-36-B,750.75,721.875
DW-UTI-FA-PN-AB-38-B,750.75,721.875
DW-UTI-FA-PN-AB-40-B,750.75,721.875
DW-UTI-FA-PN-AB-42-B,750.75,721.875
DW-UTI-FA-PN-AB-44-B,750.75,721.875
DW-UTI-FA-PN-AB-46-B,750.75,721.875
DW-UTI-FA-PN-AB-48-B,750.75,721.875
DW-UTI-FA-PN-AB-50-B,750.75,721.875
DW-UTI-FA-J-AB-S-B,822.25,790.625
DW-UTI-FA-J-AB-M-B,822.25,790.625
DW-UTI-FA-J-AB-L-B,822.25,790.625
DW-UTI-FA-J-AB-XL-B,822.25,790.625
DW-UTI-FA-J-AB-2XL-B,822.25,790.625
DW-UTI-FA-J-AB-3XL-B,822.25,790.625
DW-UTI-KPN-28-BLK,615,591
DW-UTI-KPN-30-BLK,615,591
DW-UTI-KPN-32-BLK,615,591
DW-UTI-KPN-34-BLK,615,591
DW-UTI-KPN-36-BLK,615,591
DW-UTI-KPN-38-BLK,615,591
DW-UTI-KPN-40-BLK,615,591
DW-UTI-KPN-42-BLK,615,591
DW-UTI-KPN-44-BLK,615,591
DW-UTI-KPN-46-BLK,615,591
DW-UTI-KPN-48-BLK,615,591
DW-UTI-KPN-50-BLK,615,591
DW-HYB-RB-S32-32-RYB,133,128
DW-HYB-RB-S32-34-RYB,133,128
DW-HYB-RB-S32-36-RYB,133,128
DW-HYB-RB-S32-38-RYB,133,128
DW-HYB-RB-S32-40-RYB,133,128
DW-HYB-RB-S32-42-RYB,133,128
DW-HYB-RB-S32-44-RYB,133,128
DW-HYB-RB-S32-46-RYB,133,128
DW-HYB-RB-S32-48-RYB,133,128
DW-HYB-RB-S32-50-RYB,133,128
DW-HYBRT-RB-S32-32-RYB,150,144
DW-HYBRT-RB-S32-34-RYB,150,144
DW-HYBRT-RB-S32-36-RYB,150,144
DW-HYBRT-RB-S32-38-RYB,150,144
DW-HYBRT-RB-S32-40-RYB,150,144
DW-HYBRT-RB-S32-42-RYB,150,144
DW-HYBRT-RB-S32-44-RYB,150,144
DW-HYBRT-RB-S32-46-RYB,150,144
DW-HYBRT-RB-S32-48-RYB,150,144
DW-HYBRT-RB-S32-50-RYB,150,144
DW-HACCP-J-30,157.3,151.25
DW-HACCP-J-32,157.3,151.25
DW-HACCP-J-34,157.3,151.25
DW-HACCP-J-36,157.3,151.25
DW-HACCP-J-38,157.3,151.25
DW-HACCP-J-40,157.3,151.25
DW-HACCP-J-42,157.3,151.25
DW-HACCP-J-44,157.3,151.25
DW-HACCP-J-46,157.3,151.25
DW-HACCP-J-48,157.3,151.25
DW-HACCP-J-50,157.3,151.25
DW-HACCP-J-52,157.3,151.25
DW-HACCP-J-54,157.3,151.25
DW-HACCP-J-56,157.3,151.25
DW-HACCP-J-58,157.3,151.25
DW-HACCP-J-60,157.3,151.25
DW-HACCP-P-26,157.3,151.25
DW-HACCP-P-28,157.3,151.25
DW-HACCP-P-30,157.3,151.25
DW-HACCP-P-32,157.3,151.25
DW-HACCP-P-34,157.3,151.25
DW-HACCP-P-36,157.3,151.25
DW-HACCP-P-38,157.3,151.25
DW-HACCP-P-40,157.3,151.25
DW-HACCP-P-42,157.3,151.25
DW-HACCP-P-44,157.3,151.25
DW-HACCP-P-46,157.3,151.25
DW-HACCP-P-48,157.3,151.25
DW-HACCP-P-50,157.3,151.25
DW-HACCP-P-52,157.3,151.25
DW-HACCP-P-54,157.3,151.25
DW-HACCP-P-56,157.3,151.25
DW-HACCP-DC-XS,265,254
DW-HACCP-DC-S,265,254
DW-HACCP-DC-M,265,254
DW-HACCP-DC-L,265,254
DW-HACCP-DC-XL,264.55,254.375
DW-HACCP-DC-2XL,264.55,254.375
DW-HACCP-DC-3XL,264.55,254.375
DW-CONTIRB-S30-30,167,161
DW-CONTIRB-S30-32,167,161
DW-CONTIRB-S30-34,167,161
DW-CONTIRB-S30-36,167,161
DW-CONTIRB-S30-38,167,161
DW-CONTIRB-S30-40,167,161
DW-CONTIRB-S30-42,167,161
DW-CONTIRB-S30-44,167,161
DW-CONTIRB-S30-46,167,161
DW-CONTIRB-S30-48,167,161
DW-CONTIRB-S30-50,167,161
DW-CONTIRB-S30-52,167,161
DW-CONTIRB-S30-54,167,161
DW-CONTIRB-S30-56,167,161
DW-CONTIRB-S30-58,167,161
DW-CONTIRB-S30-60,167,161
DW-CONTIRB-S30-62,167,161
DW-CONTIRB-S30-64,167,161
DW-CONTIXX-S30-30,167,161
DW-CONTIXX-S30-32,167,161
DW-CONTIXX-S30-34,167,161
DW-CONTIXX-S30-36,167,161
DW-CONTIXX-S30-38,167,161
DW-CONTIXX-S30-40,167,161
DW-CONTIXX-S30-42,167,161
DW-CONTIXX-S30-44,167,161
DW-CONTIXX-S30-46,167,161
DW-CONTIXX-S30-48,167,161
DW-CONTIXX-S30-50,167,161
DW-CONTIXX-S30-52,167,161
DW-CONTIXX-S30-54,167,161
DW-CONTIXX-S30-56,167,161
DW-CONTIXX-S30-58,167,161
DW-CONTIXX-S30-60,167,161
DW-CONTIXX-S30-62,167,161
DW-CONTIXX-S30-64,167,161
DW-CONTI-RT-S30-30-RYB,187,180
DW-CONTI-RT-S30-32-RYB,187,180
DW-CONTI-RT-S30-34-RYB,187,180
DW-CONTI-RT-S30-36-RYB,187,180
DW-CONTI-RT-S30-38-RYB,187,180
DW-CONTI-RT-S30-40-RYB,187,180
DW-CONTI-RT-S30-42-RYB,187,180
DW-CONTI-RT-S30-44-RYB,187,180
DW-CONTI-RT-S30-46-RYB,187,180
DW-CONTI-RT-S30-48-RYB,187,180
DW-CONTI-RT-S30-50-RYB,187,180
DW-CONTI-RT-S30-52-RYB,187,180
DW-CONTI-RT-S30-54-RYB,187,180
DW-CONTI-RT-S30-56-RYB,187,180
DW-CONTI-RT-S30-58-RYB,187,180
DW-CONTI-RT-S30-60-RYB,187,180
DW-CONTI-RT-S30-62-RYB,187,180
DW-CONTI-RT-S30-64-RYB,187,180
DW-CONTI-RTXX-S30-30,187,180
DW-CONTI-RTXX-S30-32,187,180
DW-CONTI-RTXX-S30-34,187,180
DW-CONTI-RTXX-S30-36,187,180
DW-CONTI-RTXX-S30-38,187,180
DW-CONTI-RTXX-S30-40,187,180
DW-CONTI-RTXX-S30-42,187,180
DW-CONTI-RTXX-S30-44,187,180
DW-CONTI-RTXX-S30-46,187,180
DW-CONTI-RTXX-S30-48,187,180
DW-CONTI-RTXX-S30-50,187,180
DW-CONTI-RTXX-S30-52,187,180
DW-CONTI-RTXX-S30-54,187,180
DW-CONTI-RTXX-S30-56,187,180
DW-CONTI-RTXX-S30-58,187,180
DW-CONTI-RTXX-S30-60,187,180
DW-CONTI-RTXX-S30-62,187,180
DW-CONTI-RTXX-S30-64,187,180
DW-MAXIMUS-S30-30,215,206
DW-MAXIMUS-S30-32,215,206
DW-MAXIMUS-S30-34,215,206
DW-MAXIMUS-S30-36,215,206
DW-MAXIMUS-S30-38,215,206
DW-MAXIMUS-S30-40,215,206
DW-MAXIMUS-S30-42,215,206
DW-MAXIMUS-S30-44,214.5,206.25
DW-MAXIMUS-S30-46,215,206
DW-MAXIMUS-S30-48,215,206
DW-MAXIMUS-S30-50,215,206
DW-MAXIMUS-S30-52,215,206
DW-MAXIMUS-S30-54,215,206
DW-MAXIMUS-S30-56,215,206
DW-MAXIMUS-S30-58,215,206
DW-MAXIMUS-S30-60,215,206
DW-ACID-30,203.06,195.25
DW-ACID-30-32,203.06,195.25
DW-ACID-30-34,203.06,195.25
DW-ACID-30-36,203.06,195.25
DW-ACID-30-38,203.06,195.25
DW-ACID-30-40,203.06,195.25
DW-ACID-30-42,203.06,195.25
DW-ACID-30-44,203.06,195.25
DW-ACID-30-46,203.06,195.25
DW-ACID-30-48,203.06,195.25
DW-ACID-30-50,203.06,195.25
DW-ACID-30-52,203.06,195.25
DW-ACID-30-54,203.06,195.25
DW-ACID-30-56,203.06,195.25
DW-ACID-30-58,203.06,195.25
DW-ACID-30-60,203.06,195.25
DW-ACID-30-62,203.06,195.25
DW-ACID-30-64,203.06,195.25
DW-8020XX-DCXS-S,162,155
DW-8020XX-DCXS-M,162,155
DW-8020XX-DCXS-L,162,155
DW-8020XX-DCXS-XL,162,155
DW-8020XX-DCXS-2XL,162,155
DW-8020XX-DCXS-3XL,162,155
DW-HVLSNB-JS-S-N,328.9,316.25
DW-HVLSNB-JS-M-N,328.9,316.25
DW-HVLSNB-JS-L-N,328.9,316.25
DW-HVLSNB-JS-XL-N,328.9,316.25
DW-HVLSNB-JS-2XL-N,328.9,316.25
DW-HVLSNB-JS-3XL-N,328.9,316.25
DW-HVLSNB-JS-4XL-N,328.9,316.25
DW-HVLSNB-JS-5XL-N,328.9,316.25
DW-HVLSORNB-JS-S-ON,328.9,316.25
DW-HVLSORNB-JS-M-ON,328.9,316.25
DW-HVLSORNB-JS-L-ON,328.9,316.25
DW-HVLSORNB-JS-XL-ON,328.9,316.25
DW-HVLSORNB-JS-2XL-ON,328.9,316.25
DW-HVLSORNB-JS-3XL-ON,328.9,316.25
DW-HVLSORNB-JS-4XL-ON,328.9,316.25
DW-HVLSORNB-JS-5XL-ON,328.9,316.25
DW-HVLSYLNB-JS-S-YN,328.9,316.25
DW-HVLSYLNB-JS-M-YN,328.9,316.25
DW-HVLSYLNB-JS-L-YN,328.9,316.25
DW-HVLSYLNB-JS-XL-YN,328.9,316.25
DW-HVLSYLNB-JS-2XL-YN,328.9,316.25
DW-HVLSYLNB-JS-3XL-YN,328.9,316.25
DW-HVLSYLNB-JS-4XL-YN,328.9,316.25
DW-HVLSYLNB-JS-5XL-YN,328.9,316.25
DW-HVSSORNB-JS-S-ON,293.15,281.875
DW-HVSSORNB-JS-M-ON,293.15,281.875
DW-HVSSORNB-JS-L-ON,293.15,281.875
DW-HVSSORNB-JS-XL-ON,293.15,281.875
DW-HVSSORNB-JS-2XL-ON,293.15,281.875
DW-HVSSORNB-JS-3XL-ON,293.15,281.875
DW-HVSSORNB-JS-4XL-ON,293.15,281.875
DW-HVSSORNB-JS-5XL-ON,293.15,281.875
DW-HVSSYLNB-JS-S-YN,293.15,281.875
DW-HVSSYLNB-JS-M-YN,293.15,281.875
DW-HVSSYLNB-JS-L-YN,293.15,281.875
DW-HVSSYLNB-JS-XL-YN,293.15,281.875
DW-HVSSYLNB-JS-2XL-YN,293.15,281.875
DW-HVSSYLNB-JS-3XL-YN,293.15,281.875
DW-HVSSYLNB-JS-4XL-YN,293.15,281.875
DW-HVSSYLNB-JS-5XL-YN,293.15,281.875
DW-CARGO-PRT26-26-NVB,357.5,343.75
DW-CARGO-PRT26-28-NVB,357.5,343.75
DW-CARGO-PRT26-30-NVB,357.5,343.75
DW-CARGO-PRT26-32-NVB,357.5,343.75
DW-CARGO-PRT26-34-NVB,357.5,343.75
DW-CARGO-PRT26-36-NVB,357.5,343.75
DW-CARGO-PRT26-38-NVB,357.5,343.75
DW-CARGO-PRT26-40-NVB,357.5,343.75
DW-CARGO-PRT26-42-NVB,357.5,343.75
DW-CARGO-PRT26-44-NVB,357.5,343.75
DW-CARGO-PRT26-46-NVB,357.5,343.75
DW-CARGO-PRT26-48-NVB,357.5,343.75
DW-CARGO-PRT26-50-NVB,357.5,343.75
DW-CARGO-PRT26-52-NVB,357.5,343.75
DW-DENIMJEAN-28-28-B,267.41,257.125
DW-DENIMJEAN-28-30-B,267.41,257.125
DW-DENIMJEAN-28-32-B,267.41,257.125
DW-DENIMJEAN-28-34-B,267.41,257.125
DW-DENIMJEAN-28-36-B,267.41,257.125
DW-DENIMJEAN-28-38-B,267.41,257.125
DW-DENIMJEAN-28-40-B,267.41,257.125
DW-DENIMJEAN-28-42-B,267.41,257.125
DW-DENIMJEAN-28-44-B,267.41,257.125
DW-DENIMJEAN-28-46-B,267.41,257.125
DW-DENIMJEAN-28-48-B,267.41,257.125
DW-DENIMJEAN-28-50-B,267.41,257.125
DW-DENIM-J30-30-IN,290,279
DW-DENIM-J30-32-IN,290,279
DW-DENIM-J30-34-IN,290,279
DW-DENIM-J30-36-IN,290,279
DW-DENIM-J30-38-IN,290,279
DW-DENIM-J30-40-IN,290,279
DW-DENIM-J30-42-IN,290,279
DW-DENIM-J30-44-IN,290,279
DW-DENIM-J30-46-IN,290,279
DW-DENIM-J30-48-IN,290,279
DW-DENIM-J30-50-IN,290,279
DW-DENIM-J30-52-IN,290,279
DW-DENIM-J30-54-IN,290,279
DW-DENIM-J30-56-IN,290,279
DW-DENIM-J30-58-IN,290,279
DW-DENIM-J30-60-IN,290,279
DW-DENIM-J30-62-IN,290,279
DW-DENIM-J30-64-IN,290,279
DW-DENIM-P26-26-IN,246,237
DW-DENIM-P26-28-IN,246,237
DW-DENIM-P26-30-IN,246,237
DW-DENIM-P26-32-IN,246,237
DW-DENIM-P26-34-IN,246,237
DW-DENIM-P26-36-IN,246,237
DW-DENIM-P26-38-IN,246,237
DW-DENIM-P26-40-IN,246,237
DW-DENIM-P26-42-IN,246,237
DW-DENIM-P26-44-IN,246,237
DW-DENIM-P26-46-IN,246,237
DW-DENIM-P26-48-IN,246,237
DW-DENIM-P26-50-IN,246,237
DW-DENIM-P26-52-IN,246,237
DW-DENIM-P26-54-IN,246,237
DW-DENIM-P26-56-IN,246,237
DW-DENIM-P26-58-IN,246,237
DW-DENIM-P26-60-IN,246,237
DW-DENIM-P26-62-IN,246,237
DW-DENIM-P26-64-IN,246,237
DW-6535XX-J30-30,210,202
DW-6535XX-J30-32,210,202
DW-6535XX-J30-34,210,202
DW-6535XX-J30-36,210,202
DW-6535XX-J30-38,210,202
DW-6535XX-J30-40,210,202
DW-6535XX-J30-42,210,202
DW-6535XX-J30-44,210,202
DW-6535XX-J30-46,210,202
DW-6535XX-J30-48,210,202
DW-6535XX-J30-50,210,202
DW-6535XX-J30-52,210,202
DW-6535XX-J30-54,210,202
DW-6535XX-J30-56,210,202
DW-6535XX-J30-58,210,202
DW-6535XX-J30-60,210,202
DW-6535XX-P26-26,196,188
DW-6535XX-P26-28,196,188
DW-6535XX-P26-30,196,188
DW-6535XX-P26-32,196,188
DW-6535XX-P26-34,196,188
DW-6535XX-P26-36,196,188
DW-6535XX-P26-38,196,188
DW-6535XX-P26-40,196,188
DW-6535XX-P26-42,196,188
DW-6535XX-P26-44,196,188
DW-6535XX-P26-46,196,188
DW-6535XX-P26-48,196,188
DW-6535XX-P26-50,196,188
DW-6535XX-P26-52,196,188
DW-6535XX-P26-54,196,188
DW-6535XX-P26-56,196,188
DW-6535XX-2TJ30-26,222,213
DW-6535XX-2TJ30-28,222,213
DW-6535XX-2TJ30-30,222,213
DW-6535XX-2TJ30-32,222,213
DW-6535XX-2TJ30-34,222,213
DW-6535XX-2TJ30-36,222,213
DW-6535XX-2TJ30-38,222,213
DW-6535XX-2TJ30-40,222,213
DW-6535XX-2TJ30-42,222,213
DW-6535XX-2TJ30-44,222,213
DW-6535XX-2TJ30-46,222,213
DW-6535XX-2TJ30-48,222,213
DW-6535XX-2TJ30-50,222,213
DW-6535XX-2TJ30-52,222,213
DW-6535XX-2TJ30-54,222,213
DW-6535XX-2TJ30-56,222,213
DW-6535XX-2TJ30-58,222,213
DW-6535XX-2TJ30-60,222,213
DW-6535RBRT-J30-30-RYB,236,227
DW-6535RBRT-J30-32-RYB,236,227
DW-6535RBRT-J30-34-RYB,236,227
DW-6535RBRT-J30-36-RYB,236,227
DW-6535RBRT-J30-38-RYB,236,227
DW-6535RBRT-J30-40-RYB,236,227
DW-6535RBRT-J30-42-RYB,236,227
DW-6535RBRT-J30-44-RYB,236,227
DW-6535RBRT-J30-46-RYB,236,227
DW-6535RBRT-J30-48-RYB,236,227
DW-6535RBRT-J30-50-RYB,236,227
DW-6535RBRT-J30-52-RYB,236,227
DW-6535RBRT-J30-54-RYB,236,227
DW-6535RBRT-J30-56-RYB,236,227
DW-6535RBRT-J30-58-RYB,236,227
DW-6535RBRT-J30-60-RYB,236,227
DW-6535RBRT-P26-26-RYB,215,206
DW-6535RBRT-P26-28-RYB,215,206
DW-6535RBRT-P26-30-RYB,215,206
DW-6535RBRT-P26-32-RYB,215,206
DW-6535RBRT-P26-34-RYB,215,206
DW-6535RBRT-P26-36-RYB,215,206
DW-6535RBRT-P26-38-RYB,215,206
DW-6535RBRT-P26-40-RYB,215,206
DW-6535RBRT-P26-42-RYB,215,206
DW-6535RBRT-P26-44-RYB,215,206
DW-6535RBRT-P26-46-RYB,215,206
DW-6535RBRT-P26-48-RYB,215,206
DW-6535RBRT-P26-50-RYB,215,206
DW-6535RBRT-P26-52-RYB,215,206
DW-6535RBRT-P26-54-RYB,215,206
DW-6535RBRT-P26-56-RYB,215,206
DW-J54XX-J30-30,190,183
DW-J54XX-J30-32,190,183
DW-J54XX-J30-34,190,183
DW-J54XX-J30-36,190,183
DW-J54XX-J30-38,190,183
DW-J54XX-J30-40,190,183
DW-J54XX-J30-42,190,183
DW-J54XX-J30-44,190,183
DW-J54XX-J30-46,190,183
DW-J54XX-J30-48,190,183
DW-J54XX-J30-50,190,183
DW-J54XX-J30-52,190,183
DW-J54XX-J30-54,190,183
DW-J54XX-J30-56,190,183
DW-J54XX-J30-58,190,183
DW-J54XX-J30-60,190,183
DW-J54XX-J30-62,190,183
DW-J54XX-J30-64,190,183
DW-J54XX-P26-26,176,169
DW-J54XX-P26-28,176,169
DW-J54XX-P26-30,176,169
DW-J54XX-P26-32,176,169
DW-J54XX-P26-34,176,169
DW-J54XX-P26-36,176,169
DW-J54XX-P26-38,176,169
DW-J54XX-P26-40,176,169
DW-J54XX-P26-42,176,169
DW-J54XX-P26-44,176,169
DW-J54XX-P26-46,176,169
DW-J54XX-P26-48,176,169
DW-J54XX-P26-50,176,169
DW-J54XX-P26-52,176,169
DW-J54XX-P26-54,176,169
DW-J54XX-P26-56,176,169
DW-J54XX-P26-58,176,169
DW-J54XX-P26-60,176,169
DW-J54-ANGUB-B30-30,379,364
DW-J54-ANGUB-B30-32,379,364
DW-J54-ANGUB-B30-34,379,364
DW-J54-ANGUB-B30-36,379,364
DW-J54-ANGUB-B30-38,379,364
DW-J54-ANGUB-B30-40,379,364
DW-J54-ANGUB-B30-42,379,364
DW-J54-ANGUB-B30-44,379,364
DW-J54-ANGUB-B30-46,379,364
DW-J54-ANGUB-B30-48,379,364
DW-J54-ANGUB-B30-50,379,364
DW-J54-ANGUB-B30-52,379,364
DW-J54-ANGUB-B30-54,379,364
DW-J54-ANGUB-B30-56,379,364
DW-J54-ANGUB-B30-58,379,364
DW-J54-ANGUB-B30-60,379,364
DW-J54-ANGUB-B30-62,379,364
DW-J54-ANGUB-B30-64,379,364
DW-J54-ANGUB-B30-66,379,364
DW-J54-ANGXX-B32-32,390,375
DW-J54-ANGXX-B32-34,390,375
DW-J54-ANGXX-B32-36,390,375
DW-J54-ANGXX-B32-38,390,375
DW-J54-ANGXX-B32-40,390,375
DW-J54-ANGXX-B32-42,390,375
DW-J54-ANGXX-B32-44,390,375
DW-J54-ANGXX-B32-46,390,375
DW-J54-ANGXX-B32-48,390,375
DW-J54-ANGXX-B32-50,390,375
DW-J54-ANGXX-B32-52,390,375
DW-J54-ANGXX-B32-54,390,375
DW-J54-ANGXX-B32-56,390,375
DW-J54-ANGXX-B32-58,390,375
DW-J54-ANGXX-B32-60,390,375
DW-J54-ANGXX-B32-62,390,375
DW-J54-ANGXX-B32-64,390,375
DW-J54-ANGXX-B32-66,390,375
DW-J54-ANGXX-J32-32-RYB,250,241
DW-J54-ANGXX-J32-34-RYB,250,241
DW-J54-ANGXX-J32-36-RYB,250,241
DW-J54-ANGXX-J32-38-RYB,250,241
DW-J54-ANGXX-J32-40-RYB,250,241
DW-J54-ANGXX-J32-42-RYB,250,241
DW-J54-ANGXX-J32-44-RYB,250,241
DW-J54-ANGXX-J32-46-RYB,250,241
DW-J54-ANGXX-J32-48-RYB,250,241
DW-J54-ANGXX-J32-50-RYB,250,241
DW-J54-ANGXX-J32-52-RYB,250,241
DW-J54-ANGXX-J32-54-RYB,250,241
DW-J54-ANGXX-J32-56-RYB,250,241
DW-J54-ANGXX-J32-58-RYB,250,241
DW-J54-ANGXX-J32-60-RYB,250,241
DW-J54-ANGXX-J32-62-RYB,250,241
DW-J54-ANGXX-J32-64-RYB,250,241
DW-J54-ANGXX-P28-28-RYB,222,213
DW-J54-ANGXX-P28-30-RYB,222,213
DW-J54-ANGXX-P28-32-RYB,222,213
DW-J54-ANGXX-P28-34-RYB,222,213
DW-J54-ANGXX-P28-36-RYB,222,213
DW-J54-ANGXX-P28-38-RYB,222,213
DW-J54-ANGXX-P28-40-RYB,222,213
DW-J54-ANGXX-P28-42-RYB,222,213
DW-J54-ANGXX-P28-44-RYB,222,213
DW-J54-ANGXX-P28-46-RYB,222,213
DW-J54-ANGXX-P28-48-RYB,222,213
DW-J54-ANGXX-P28-50-RYB,222,213
DW-J54-ANGXX-P28-52-RYB,222,213
DW-J54-ANGXX-P28-54-RYB,222,213
DW-J54-ANGXX-P28-56-RYB,222,213
DW-J54-ANGXX-P28-58-RYB,222,213
DW-J54-ANGXX-P28-60-RYB,222,213
DW-PVACIDRT-J32-32-BTB,286,275
DW-PVACIDRT-J32-34-BTB,286,275
DW-PVACIDRT-J32-36-BTB,286,275
DW-PVACIDRT-J32-38-BTB,286,275
DW-PVACIDRT-J32-40-BTB,286,275
DW-PVACIDRT-J32-42-BTB,286,275
DW-PVACIDRT-J32-44-BTB,286,275
DW-PVACIDRT-J32-46-BTB,286,275
DW-PVACIDRT-J32-48-BTB,286,275
DW-PVACIDRT-J32-50-BTB,286,275
DW-PVACIDRT-J32-52-BTB,286,275
DW-PVACIDRT-J32-54-BTB,286,275
DW-PVACIDRT-J32-56-BTB,286,275
DW-PVACIDRT-J32-58-BTB,286,275
DW-PVACIDRT-J32-60-BTB,286,275
DW-PVACIDRT-J32-62-BTB,286,275
DW-PVACIDRT-J32-64-BTB,286,275
DW-PVACIDRT-P28-28-BTG,243,234
DW-PVACIDRT-P28-30-BTG,243,234
DW-PVACIDRT-P28-32-BTG,243,234
DW-PVACIDRT-P28-34-BTG,243,234
DW-PVACIDRT-P28-36-BTG,243,234
DW-PVACIDRT-P28-38-BTG,243,234
DW-PVACIDRT-P28-40-BTG,243,234
DW-PVACIDRT-P28-42-BTG,243,234
DW-PVACIDRT-P28-44-BTG,243,234
DW-PVACIDRT-P28-46-BTG,243,234
DW-PVACIDRT-P28-48-BTG,243,234
DW-PVACIDRT-P28-50-BTG,243,234
DW-PVACIDRT-P28-52-BTG,243,234
DW-PVACIDRT-P28-54-BTG,243,234
DW-PVACIDRT-P28-56-BTG,243,234
DW-PVACIDRT-P28-58-BTG,243,234
DW-PVACIDRT-P28-60-BTG,243,234
DW-D59-ANGUB-B30-30-W,443,426
DW-D59-ANGUB-B30-32-W,443,426
DW-D59-ANGUB-B30-34-W,443,426
DW-D59-ANGUB-B30-36-W,443,426
DW-D59-ANGUB-B30-38-W,443,426
DW-D59-ANGUB-B30-40-W,443,426
DW-D59-ANGUB-B30-42-W,443,426
DW-D59-ANGUB-B30-44-W,443,426
DW-D59-ANGUB-B30-46-W,443,426
DW-D59-ANGUB-B30-48-W,443,426
DW-D59-ANGUB-B30-50-W,443,426
DW-D59-ANGUB-B30-52-W,443,426
DW-D59-ANGUB-B30-54-W,443,426
DW-D59-ANGUB-B30-56-W,443,426
DW-D59-ANGUB-B30-58-W,443,426
DW-D59-ANGUB-B30-60-W,443,426
DW-D59-ANGUB-B30-62-W,443,426
DW-D59-ANGUB-B30-64-W,443,426
DW-D59RT-J30-30-RYB,250,241
DW-D59RT-J30-32-RYB,250,241
DW-D59RT-J30-34-RYB,250,241
DW-D59RT-J30-36-RYB,250,241
DW-D59RT-J30-38-RYB,250,241
DW-D59RT-J30-40-RYB,250,241
DW-D59RT-J30-42-RYB,250,241
DW-D59RT-J30-44-RYB,250,241
DW-D59RT-J30-46-RYB,250,241
DW-D59RT-J30-48-RYB,250,241
DW-D59RT-J30-50-RYB,250,241
DW-D59RT-J30-52-RYB,250,241
DW-D59RT-J30-54-RYB,250,241
DW-D59RT-J30-56-RYB,250,241
DW-D59RT-J30-58-RYB,250,241
DW-D59RT-J30-60-RYB,250,241
DW-D59RT-J30-62-RYB,250,241
DW-D59RT-P26-26-RYB,229,220
DW-D59RT-P26-28-RYB,229,220
DW-D59RT-P26-30-RYB,229,220
DW-D59RT-P26-32-RYB,229,220
DW-D59RT-P26-34-RYB,229,220
DW-D59RT-P26-36-RYB,229,220
DW-D59RT-P26-38-RYB,229,220
DW-D59RT-P26-40-RYB,229,220
DW-D59RT-P26-42-RYB,229,220
DW-D59RT-P26-44-RYB,229,220
DW-D59RT-P26-46-RYB,229,220
DW-D59RT-P26-48-RYB,229,220
DW-D59RT-P26-50-RYB,229,220
DW-D59RT-P26-52-RYB,229,220
DW-D59RT-P26-54-RYB,229,220
DW-D59RT-P26-56-RYB,229,220
DW-D59RT-P26-58-RYB,229,220
DW-D59MXX-O32-30,615,591
DW-D59MXX-O32-32,615,591
DW-D59MXX-O32-34,615,591
DW-D59MXX-O32-36,615,591
DW-D59MXX-O32-38,615,591
DW-D59MXX-O32-40,615,591
DW-D59MXX-O32-42,615,591
DW-D59MXX-O32-44,615,591
DW-D59MXX-O32-46,615,591
DW-D59MXX-O32-48,615,591
DW-D59MXX-O32-50,615,591
DW-D59MXX-O32-52,615,591
DW-D59MXX-O32-54,615,591
DW-D59MXX-O32-56,615,591
DW-D59MXX-O32-58,615,591
DW-D59MXX-O32-60,615,591
DW-D59MXX-O32-62,615,591
DW-D59MXX-O32-64,615,591
DW-D59-ANGRT-B-YL-32-32-Y,572,550
DW-D59-ANGRT-B-YL-32-34-Y,572,550
DW-D59-ANGRT-B-YL-32-36-Y,572,550
DW-D59-ANGRT-B-YL-32-38-Y,572,550
DW-D59-ANGRT-B-YL-32-40-Y,572,550
DW-D59-ANGRT-B-YL-32-42-Y,572,550
DW-D59-ANGRT-B-YL-32-44-Y,572,550
DW-D59-ANGRT-B-YL-32-46-Y,572,550
DW-D59-ANGRT-B-YL-32-48-Y,572,550
DW-D59-ANGRT-B-YL-32-50-Y,572,550
DW-D59-ANGRT-B-YL-32-52-Y,572,550
DW-D59-ANGRT-B-YL-32-54-Y,572,550
DW-D59-ANGRT-B-YL-32-56-Y,572,550
DW-D59-ANGRT-B-YL-32-58-Y,572,550
DW-D59-ANGRT-B-YL-32-60-Y,572,550
DW-D59-ANGRT-B-YL-32-62-Y,572,550
DW-D59-ANGRT-B-YL-32-64-Y,572,550
DW-FLAMERT-J30-30-G,300,289
DW-FLAMERT-J30-32-G,300,289
DW-FLAMERT-J30-34-G,300,289
DW-FLAMERT-J30-36-G,300,289
DW-FLAMERT-J30-38-G,300,289
DW-FLAMERT-J30-40-G,300,289
DW-FLAMERT-J30-42-G,300,289
DW-FLAMERT-J30-44-G,300,289
DW-FLAMERT-J30-46-G,300,289
DW-FLAMERT-J30-48-G,300,289
DW-FLAMERT-J30-50-G,300,289
DW-FLAMERT-J30-52-G,300,289
DW-FLAMERT-J30-54-G,300,289
DW-FLAMERT-J30-56-G,300,289
DW-FLAMERT-J30-58-G,300,289
DW-FLAMERT-J30-60-G,300,289
DW-FLAMERT-J30-62-G,300,289
DW-FLAMERT-J30-64-G,300,289
DW-FLAMERT-P26-26-G,293,282
DW-FLAMERT-P26-28-G,293,282
DW-FLAMERT-P26-30-G,293,282
DW-FLAMERT-P26-32-G,293,282
DW-FLAMERT-P26-34-G,293,282
DW-FLAMERT-P26-36-G,293,282
DW-FLAMERT-P26-38-G,293,282
DW-FLAMERT-P26-40-G,293,282
DW-FLAMERT-P26-42-G,293,282
DW-FLAMERT-P26-44-G,293,282
DW-FLAMERT-P26-46-G,293,282
DW-FLAMERT-P26-48-G,293,282
DW-FLAMERT-P26-50-G,293,282
DW-FLAMERT-P26-52-G,293,282
DW-FLAMERT-P26-54-G,293,282
DW-FLAMERT-P26-56-G,293,282
DW-FLAMERT-P26-58-G,293,282
DW-FLAMERT-P26-60-G,293,282
DW-D59ESKOM-J28-28,358,344
DW-D59ESKOM-J28-30,358,344
DW-D59ESKOM-J28-32,358,344
DW-D59ESKOM-J28-34,358,344
DW-D59ESKOM-J28-36,358,344
DW-D59ESKOM-J28-38,358,344
DW-D59ESKOM-J28-40,358,344
DW-D59ESKOM-J28-42,358,344
DW-D59ESKOM-J28-44,358,344
DW-D59ESKOM-J28-46,358,344
DW-D59ESKOM-J28-48,358,344
DW-D59ESKOM-J28-50,358,344
DW-D59ESKOM-J28-52,358,344
DW-D59ESKOM-J28-54,358,344
DW-D59ESKOM-J28-56,358,344
DW-D59ESKOM-J28-58,358,344
DW-D59ESKOM-J28-60,358,344
DW-D59ESKOM-J28-62,358,344
DW-D59ESKOM-J28-64,358,344
DW-D59ESKOM-P24-24-NVB,358,344
DW-D59ESKOM-P24-26-NVB,358,344
DW-D59ESKOM-P24-28-NVB,358,344
DW-D59ESKOM-P24-30-NVB,358,344
DW-D59ESKOM-P24-32-NVB,358,344
DW-D59ESKOM-P24-34-NVB,358,344
DW-D59ESKOM-P24-36-NVB,358,344
DW-D59ESKOM-P24-38-NVB,358,344
DW-D59ESKOM-P24-40-NVB,358,344
DW-D59ESKOM-P24-42-NVB,358,344
DW-D59ESKOM-P24-44-NVB,358,344
DW-D59ESKOM-P24-46-NVB,358,344
DW-D59ESKOM-P24-48-NVB,358,344
DW-D59ESKOM-P24-50-NVB,358,344
DW-D59ESKOM-P24-52-NVB,358,344
DW-D59ESKOM-P24-54-NVB,358,344
DW-D59ESKOM-P24-56-NVB,358,344
DW-D59ESKOM-P24-58-NVB,358,344
DW-D59ESKOM-P24-60-NVB,358,344
DW-D59ESKOM-WJXS-XS,1001,962.5
DW-D59ESKOM-WJXS-S,1001,962.5
DW-D59ESKOM-WJXS-M,1001,962.5
DW-D59ESKOM-WJXS-L,1001,962.5
DW-D59ESKOM-WJXS-XL,1001,962.5
DW-D59FA-J28-28-NVB,287,276
DW-D59FA-J28-30-NVB,287,276
DW-D59FA-J28-32-NVB,287,276
DW-D59FA-J28-34-NVB,287,276
DW-D59FA-J28-36-NVB,287,276
DW-D59FA-J28-38-NVB,287,276
DW-D59FA-J28-40-NVB,287,276
DW-D59FA-J28-42-NVB,287,276
DW-D59FA-J28-44-NVB,287,276
DW-D59FA-J28-46-NVB,287,276
DW-D59FA-J28-48-NVB,287,276
DW-D59FA-J28-50-NVB,287,276
DW-D59FA-J28-52-NVB,287,276
DW-D59FA-J28-54-NVB,287,276
DW-D59FA-J28-56-NVB,287,276
DW-D59FA-J28-58-NVB,287,276
DW-D59FA-J28-60-NVB,287,276
DW-D59FA-J28-62-NVB,287,276
DW-D59FA-J28-64-NVB,287,276
DW-D59FA-J28-66-NVB,287,276
DW-D59FA-J28-68-NVB,287,276
DW-D59FA-P24-24-NVB,287,276
DW-D59FA-P24-26-NVB,287,276
DW-D59FA-P24-28-NVB,287,276
DW-D59FA-P24-30-NVB,287,276
DW-D59FA-P24-32-NVB,287,276
DW-D59FA-P24-34-NVB,287,276
DW-D59FA-P24-36-NVB,287,276
DW-D59FA-P24-38-NVB,287,276
DW-D59FA-P24-40-NVB,287,276
DW-D59FA-P24-42-NVB,287,276
DW-D59FA-P24-44-NVB,287,276
DW-D59FA-P24-46-NVB,287,276
DW-D59FA-P24-48-NVB,287,276
DW-D59FA-P24-50-NVB,287,276
DW-D59FA-P24-52-NVB,287,276
DW-D59FA-P24-54-NVB,287,276
DW-D59FA-P24-56-NVB,287,276
DW-D59FA-P24-58-NVB,287,276
DW-D59FA-P24-60-NVB,287,276
DW-D59FA-P24-62-NVB,287,276
DW-D59FA-P24-64-NVB,287,276
DW-D59FA-O28-28-NVB,575,553
DW-D59FA-O28-30-NVB,575,553
DW-D59FA-O28-32-NVB,575,553
DW-D59FA-O28-34-NVB,575,553
DW-D59FA-O28-36-NVB,575,553
DW-D59FA-O28-38-NVB,575,553
DW-D59FA-O28-40-NVB,575,553
DW-D59FA-O28-42-NVB,575,553
DW-D59FA-O28-44-NVB,575,553
DW-D59FA-O28-46-NVB,575,553
DW-D59FA-O28-48-NVB,575,553
DW-D59FA-O28-50-NVB,575,553
DW-D59FA-O28-52-NVB,575,553
DW-D59FA-O28-54-NVB,575,553
DW-D59FA-O28-56-NVB,575,553
DW-D59FA-O28-58-NVB,575,553
DW-D59FA-O28-60-NVB,575,553
DW-D59FA-O28-62-NVB,575,553
DW-D59FA-O28-64-NVB,575,553
DW-D59FA-O28-66-NVB,575,553
DW-D59FA-O28-68-NVB,575,553
DW-D59FA-O28-70-NVB,575,553
DW-D59FA-O28-72-NVB,575,553
DW-D59FA-O28-74-NVB,575,553
DW-D59FASCN-S-NVB,79,76
DW-D59FASCN-M-NVB,79,76
DW-D59FAWH-NB-NVB,200.2,192.5
DW-D59FAOR-J30-30-O,486,468
DW-D59FAOR-J30-32-O,486,468
DW-D59FAOR-J30-34-O,486,468
DW-D59FAOR-J30-36-O,486,468
DW-D59FAOR-J30-38-O,486,468
DW-D59FAOR-J30-40-O,486,468
DW-D59FAOR-J30-42-O,486,468
DW-D59FAOR-J30-44-O,486,468
DW-D59FAOR-J30-46-O,486,468
DW-D59FAOR-J30-48-O,486,468
DW-D59FAOR-J30-50-O,486,468
DW-D59FAOR-J30-52-O,486,468
DW-D59FAOR-J30-54-O,486,468
DW-D59FAOR-J30-56-O,486,468
DW-D59FAOR-J30-58-O,486,468
DW-D59FAOR-J30-60-O,486,468
DW-D59FAOR-P26-26-O,379,364
DW-D59FAOR-P26-28-O,379,364
DW-D59FAOR-P26-30-O,379,364
DW-D59FAOR-P26-32-O,379,364
DW-D59FAOR-P26-34-O,379,364
DW-D59FAOR-P26-36-O,379,364
DW-D59FAOR-P26-38-O,379,364
DW-D59FAOR-P26-40-O,379,364
DW-D59FAOR-P26-42-O,379,364
DW-D59FAOR-P26-44-O,379,364
DW-D59FAOR-P26-46-O,379,364
DW-D59FAOR-P26-48-O,379,364
DW-D59FAOR-P26-50-O,379,364
DW-D59FAOR-P26-52-O,379,364
DW-D59FAOR-P26-54-O,379,364
DW-D59FAOR-P26-56-O,379,364
DW-D59FA-WJXS-XS-N,858,825
DW-D59FA-WJXS-S-N,858,825
DW-D59FA-WJXS-M-N,858,825
DW-D59FA-WJXS-L-N,858,825
DW-D59FA-WJXS-XL-N,858,825
DW-D59FA-WJXS-2XL-N,858,825
DW-D59FA-WJXS-3XL-N,858,825
DW-D59FA-WJXS-4XL-N,858,825
DW-D59FA-WJXS-5XL-N,858,825
DW-D59FAOR-WJXS-XS-O,1001,962.5
DW-D59FAOR-WJXS-S-O,1001,962.5
DW-D59FAOR-WJXS-M-O,1001,962.5
DW-D59FAOR-WJXS-L-O,1001,962.5
DW-D59FAOR-WJXS-XL-O,1001,962.5
DW-D59FAOR-WJXS-2XL-O,1001,962.5
DW-ARC15-J30-30-N,1073,1031
DW-ARC15-J30-32-N,1073,1031
DW-ARC15-J30-34-N,1073,1031
DW-ARC15-J30-36-N,1073,1031
DW-ARC15-J30-38-N,1073,1031
DW-ARC15-J30-40-N,1073,1031
DW-ARC15-J30-42-N,1073,1031
DW-ARC15-J30-44-N,1073,1031
DW-ARC15-J30-46-N,1073,1031
DW-ARC15-J30-48-N,1073,1031
DW-ARC15-J30-50-N,1073,1031
DW-ARC15-J30-52-N,1073,1031
DW-ARC15-J30-54-N,1073,1031
DW-ARC15-J30-56-N,1073,1031
DW-ARC15-J30-58-N,1073,1031
DW-ARC15-J30-60-N,1073,1031
DW-ARC15-J30-62-N,1073,1031
DW-ARC15-J30-64-N,1073,1031
DW-ARC15-J30-66-N,1073,1031
DW-ARC15-J30-68-N,1073,1031
DW-ARC15-P28-28-NVB,1044,1004
DW-ARC15-P28-30-NVB,1044,1004
DW-ARC15-P28-32-NVB,1044,1004
DW-ARC15-P28-34-NVB,1044,1004
DW-ARC15-P28-36-NVB,1044,1004
DW-ARC15-P28-38-NVB,1044,1004
DW-ARC15-P28-40-NVB,1044,1004
DW-ARC15-P28-42-NVB,1044,1004
DW-ARC15-P28-44-NVB,1044,1004
DW-ARC15-P28-46-NVB,1044,1004
DW-ARC15-P28-48-NVB,1044,1004
DW-ARC15-P28-50-NVB,1044,1004
DW-ARC15-P28-52-NVB,1044,1004
DW-ARC15-P28-54-NVB,1044,1004
DW-ARC15-P28-56-NVB,1044,1004
DW-ARC15-P28-58-NVB,1044,1004
DW-ARC15-P28-60-NVB,1044,1004
DW-ARC15-P28-62-NVB,1044,1004
DW-ARC15-P28-64-NVB,1044,1004
DW-ARC15-P28-66-NVB,1044,1004
DW-ARC15-O30-30-NVB,2002,1925
DW-ARC15-O30-32-NVB,2002,1925
DW-ARC15-O30-34-NVB,2002,1925
DW-ARC15-O30-36-NVB,2002,1925
DW-ARC15-O30-38-NVB,2002,1925
DW-ARC15-O30-40-NVB,2002,1925
DW-ARC15-O30-42-NVB,2002,1925
DW-ARC15-O30-44-NVB,2002,1925
DW-ARC15-O30-46-NVB,2002,1925
DW-ARC15-O30-48-NVB,2002,1925
DW-ARC15-O30-50-NVB,2002,1925
DW-ARC15-O30-52-NVB,2002,1925
DW-ARC15-O30-54-NVB,2002,1925
DW-ARC15-O30-56-NVB,2002,1925
DW-ARC15-O30-58-NVB,2002,1925
DW-ARC15-O30-60-NVB,2002,1925
DW-ARC15-O30-62-NVB,2002,1925
DW-ARC15-O30-64-NVB,2002,1925
DW-ARC40-WJ-XS-N,2288,2200
DW-ARC40-WJ-S-N,2288,2200
DW-ARC40-WJ-M-N,2288,2200
DW-ARC40-WJ-L-N,2288,2200
DW-ARC40-WJ-XL-N,2288,2200
DW-ARC40-WJ-2XL-N,2288,2200
DW-ARC40-WJ-3XL-N,2288,2200
DW-ARC40-WJ-4XL-N,2288,2200
DW-ARC40-WJ-5XL-N,2288,2200
DW-ARC25-J-S-SKB,1787.5,1718.75
DW-ARC25-J-M-SKB,1787.5,1718.75
DW-ARC25-J-L-SKB,1787.5,1718.75
DW-ARC25-J-XL-SKB,1787.5,1718.75
DW-ARC25-J-2XL-SKB,1787.5,1718.75
DW-ARC25-J-3XL-SKB,1787.5,1718.75
DW-ARC25-J-4XL-SKB,1787.5,1718.75
DW-ARC25-J-5XL-SKB,1787.5,1718.75
DW-ARC25-P-S-SKB,1537.25,1478.125
DW-ARC25-P-M-SKB,1537.25,1478.125
DW-ARC25-P-L-SKB,1537.25,1478.125
DW-ARC25-P-XL-SKB,1537.25,1478.125
DW-ARC25-P-2XL-SKB,1537.25,1478.125
DW-ARC25-P-3XL-SKB,1537.25,1478.125
DW-ARC25-P-4XL-SKB,1537.25,1478.125
DW-ARC25-P-5XL-SKB,1537.25,1478.125
DW-ARC25-RT-O30-30-SKB,3075,2956
DW-ARC25-RT-O30-32-SKB,3075,2956
DW-ARC25-RT-O30-34-SKB,3075,2956
DW-ARC25-RT-O30-36-SKB,3075,2956
DW-ARC25-RT-O30-38-SKB,3075,2956
DW-ARC25-RT-O30-40-SKB,3075,2956
DW-ARC25-RT-O30-42-SKB,3075,2956
DW-ARC25-RT-O30-44-SKB,3074.5,2956.25
DW-ARC25-RT-O30-46-SKB,3075,2956
DW-ARC25-RT-O30-48-SKB,3075,2956
DW-ARC25-RT-O30-50-SKB,3075,2956
DW-ARC25-RT-O30-52-SKB,3075,2956
DW-ARC25-RT-O30-54-SKB,3075,2956
DW-ARC25-RT-O30-56-SKB,3075,2956
DW-ARC25-RT-O30-58-SKB,3075,2956
DW-ARC25-RT-O30-60-SKB,3075,2956
DW-ARC55-J-S-SKB,2216.5,2131.25
DW-ARC55-J-M-SKB,2216.5,2131.25
DW-ARC55-J-L-SKB,2216.5,2131.25
DW-ARC55-J-XL-SKB,2216.5,2131.25
DW-ARC55-J-2XL-SKB,2216.5,2131.25
DW-ARC55-J-3XL-SKB,2216.5,2131.25
DW-ARC55-J-4XL-SKB,2216.5,2131.25
DW-ARC55-J-5XL-SKB,2216.5,2131.25
DW-ARC55-BP-S-SKB,2645.5,2543.75
DW-ARC55-BP-M-SKB,2645.5,2543.75
DW-ARC55-BP-L-SKB,2645.5,2543.75
DW-ARC55-BP-XL-SKB,2645.5,2543.75
DW-ARC55-BP-2XL-SKB,2645.5,2543.75
DW-ARC55-BP-3XL-SKB,2645.5,2543.75
DW-ARC55-BP-4XL-SKB,2645.5,2543.75
DW-ARC55-BP-5XL-SKB,2645.5,2543.75
DW-ARC100-J-S-SKB,7865,7562.5
DW-ARC100-J-M-SKB,7865,7562.5
DW-ARC100-J-L-SKB,7865,7562.5
DW-ARC100-J-XL-SKB,7865,7562.5
DW-ARC100-J-2XL-SKB,7865,7562.5
DW-ARC100-J-3XL-SKB,7865,7562.5
DW-ARC100-J-4XL-SKB,7865,7562.5
DW-ARC100-J-5XL-SKB,7865,7562.5
DW-ARC100-BP-S-SKB,8580,8250
DW-ARC100-BP-M-SKB,8580,8250
DW-ARC100-BP-L-SKB,8580,8250
DW-ARC100-BP-XL-SKB,8580,8250
DW-ARC100-BP-2XL-SKB,8580,8250
DW-ARC100-BP-3XL-SKB,8580,8250
DW-ARC100-BP-4XL-SKB,8580,8250
DW-ARC100-BP-5XL-SKB,8580,8250
DW-ARCDC-S-NVB,1001,962.5
DW-ARCDC-M-NVB,1001,962.5
DW-ARCDC-L-NVB,1001,962.5
DW-ARCDC-XL-NVB,1001,962.5
DW-ARCDC-2XL-NVB,1001,962.5
DW-ARCDC-3XL-NVB,1001,962.5
DW-ARCDC-4XL-NVB,1001,962.5
DW-ARCDC-5XL-NVB,1001,962.5
DW-ARCXBIB15-S-O,572,550
DW-ARCXBIB15-M-O,572,550
DW-ARCXBIB15-L-O,572,550
DW-ARCXBIB15-XL-O,572,550
DW-ARCXBIB15-2XL-O,572,550
DW-ARCXBIB15-3XL-O,572,550
DW-ARCXBIB15-4XL-O,572,550
DW-ARCXBIB15-5XL-O,572,550
DH-ARC55-SH-S-B,7579,7287.5
DH-ARC55-SH-M-B,7579,7287.5
DH-ARC55-SH-L-B,7579,7287.5
DH-ARC55-SH-XL-B,7579,7287.5
DH-ARC55-SH-2XL-B,7579,7287.5
DH-ARC55-SH-3XL-B,7579,7287.5
DH-ARC55-SH-4XL-B,7579,7287.5
DH-ARC55-SH-5XL-B,7579,7287.5
DH-ARC55-SHV-S-B,9009,8662.5
DH-ARC55-SHV-M-B,9009,8662.5
DH-ARC55-SHV-L-B,9009,8662.5
DH-ARC55-SHV-XL-B,9009,8662.5
DH-ARC55-SHV-2XL-B,9009,8662.5
DH-ARC55-SHV-3XL-B,9009,8662.5
DH-ARC55-SHV-4XL-B,9009,8662.5
DH-ARC55-SHV-5XL-B,9009,8662.5
DH-ARC100-SHV-S-B,15730,15125
DH-ARC100-SHV-M-B,15730,15125
DH-ARC100-SHV-L-B,15730,15125
DH-ARC100-SHV-XL-B,15730,15125
DH-ARC100-SHV-2XL-B,15730,15125
DH-ARC100-SHV-3XL-B,15730,15125
DH-ARC100-SHV-4XL-B,15730,15125
DH-ARC100-SHV-5XL-B,15730,15125
DH-ARC100-KIT-B,30745,29562.5
DW-ARC9.9-SST-S-B,644,619
DW-ARC9.9-SST-M-B,644,619
DW-ARC9.9-SST-L-B,644,619
DW-ARC9.9-SST-XL-B,644,619
DW-ARC9.9-SST-2XL-B,644,619
DW-ARC9.9-SST-3XL-B,644,619
DW-ARC9.9-SST-4XL-B,644,619
DW-ARC9.9-SST-5XL-B,644,619
DW-ARC9.9-LST-S-B,686,660
DW-ARC9.9-LST-M-B,686,660
DW-ARC9.9-LST-L-B,686,660
DW-ARC9.9-LST-XL-B,686,660
DW-ARC9.9-LST-2XL-B,686,660
DW-ARC9.9-LST-3XL-B,686,660
DW-ARC9.9-LST-4XL-B,686,660
DW-ARC9.9-LST-5XL-B,686,660
DW-ARC9.9-BSH-S-B,257.4,247.5
DW-ARC9.9-BSH-M-B,257.4,247.5
DW-ARC9.9-BSH-L-B,257.4,247.5
DW-ARC9.9-BSH-XL-B,257.4,247.5
DW-ARC9.9-BSH-2XL-B,257.4,247.5
DW-ARC9.9-BSH-3XL-B,257.4,247.5
DW-ARC9.9-BSH-4XL-B,257.4,247.5
DW-ARC9.9-BSH-5XL-B,257.4,247.5
DW-ARCBAG,357.5,343.75
DF-FLASH-3-BLK,1430,1375
DF-FLASH-4-BLK,1430,1375
DF-FLASH-5-BLK,1430,1375
DF-FLASH-6-BLK,1430,1375
DF-FLASH-7-BLK,1430,1375
DF-FLASH-8-BLK,1430,1375
DF-FLASH-9-BLK,1430,1375
DF-FLASH-10-BLK,1430,1375
DF-FLASH-11-BLK,1430,1375
DF-FLASH-12-BLK,1430,1375
DF-FLASH-13-BLK,1430,1375
DW-ARC21-DJ28-28-NVB,929.5,893.75
DW-ARC21-DJ28-30-NVB,929.5,893.75
DW-ARC21-DJ28-32-NVB,929.5,893.75
DW-ARC21-DJ28-34-NVB,929.5,893.75
DW-ARC21-DJ28-36-NVB,929.5,893.75
DW-ARC21-DJ28-38-NVB,929.5,893.75
DW-ARC21-DJ28-40-NVB,929.5,893.75
DW-ARC21-DJ28-42-NVB,929.5,893.75
DW-ARC21-DJ28-44-NVB,929.5,893.75
DW-ARC21-DJ28-46-NVB,929.5,893.75
DW-ARC21-DJ28-48-NVB,929.5,893.75
DW-ARC21-DJ28-50-NVB,929.5,893.75
"DW-ARC9,6-SS-S-SKB",786.5,756.25
"DW-ARC9,6-SS-M-SKB",786.5,756.25
"DW-ARC9,6-SS-L-SKB",786.5,756.25
"DW-ARC9,6-SS-XL-SKB",786.5,756.25
"DW-ARC9,6-SS-2XL-SKB",786.5,756.25
"DW-ARC9,6-SS-3XL-SKB",786.5,756.25
"DW-ARC9,6-SS-4XL-SKB",786.5,756.25
"DW-ARC9,6-SS-5XL-SKB",786.5,756.25
DW-ARC15-XSS-XS-K,972.4,935
DW-ARC15-XSS-S-K,972.4,935
DW-ARC15-XSS-M-K,972.4,935
DW-ARC15-XSS-L-K,972.4,935
DW-ARC15-XSS-XL-K,972.4,935
DW-ARC15-XSS-2XL-K,972.4,935
DW-ARC15-XSS-3XL-K,972.4,935
DW-ARC15-XSS-4XL-K,972.4,935
DW-ARC15-XSS-5XL-K,972.4,935
DW-POS220RTXX-O32-32,1216,1169
DW-POS220RTXX-O32-34,1216,1169
DW-POS220RTXX-O32-36,1216,1169
DW-POS220RTXX-O32-38,1216,1169
DW-POS220RTXX-O32-40,1216,1169
DW-POS220RTXX-O32-42,1216,1169
DW-POS220RTXX-O32-44,1215.5,1168.75
DW-POS220RTXX-O32-46,1216,1169
DW-POS220RTXX-O32-48,1216,1169
DW-POS220RTXX-O32-50,1216,1169
DW-POS220RTXX-O32-52,1216,1169
DW-POS220RTXX-O32-54,1216,1169
DW-POS220RTXX-O32-56,1216,1169
DW-POS220RTXX-O32-58,1216,1169
DW-POS220RTXX-O32-60,1216,1169
DW-POS220RTXX-O32-62,1216,1169
DW-POS220RTXX-O32-64,1216,1169
DW-POS220RTNB-J-32-32-N,700.7,673.75
DW-POS220RTNB-J-32-34-N,700.7,673.75
DW-POS220RTNB-J-32-36-N,700.7,673.75
DW-POS220RTNB-J-32-38-N,700.7,673.75
DW-POS220RTNB-J-32-40-N,700.7,673.75
DW-POS220RTNB-J-32-42-N,700.7,673.75
DW-POS220RTNB-J-32-44-N,700.7,673.75
DW-POS220RTNB-J-32-46-N,700.7,673.75
DW-POS220RTNB-J-32-48-N,700.7,673.75
DW-POS220RTNB-J-32-50-N,700.7,673.75
DW-POS220RTNB-J-32-52-N,700.7,673.75
DW-POS220RTNB-J-32-54-N,700.7,673.75
DW-POS220RTNB-J-32-56-N,700.7,673.75
DW-POS220RTNB-J-32-58-N,700.7,673.75
DW-POS220RTNB-J-32-60-N,700.7,673.75
DW-POS220RTNB-J-32-62-N,700.7,673.75
DW-POS220RTNB-J-32-64-N,700.7,673.75
DW-POS220RTNB-P-28-28-NVB,700.7,673.75
DW-POS220RTNB-P-28-30-NVB,700.7,673.75
DW-POS220RTNB-P-28-32-NVB,700.7,673.75
DW-POS220RTNB-P-28-34-NVB,700.7,673.75
DW-POS220RTNB-P-28-36-NVB,700.7,673.75
DW-POS220RTNB-P-28-38-NVB,700.7,673.75
DW-POS220RTNB-P-28-40-NVB,700.7,673.75
DW-POS220RTNB-P-28-42-NVB,700.7,673.75
DW-POS220RTNB-P-28-44-NVB,700.7,673.75
DW-POS220RTNB-P-28-46-NVB,700.7,673.75
DW-POS220RTNB-P-28-48-NVB,700.7,673.75
DW-POS220RTNB-P-28-50-NVB,700.7,673.75
DW-POS220RTNB-P-28-52-NVB,700.7,673.75
DW-POS220RTNB-P-28-54-NVB,700.7,673.75
DW-POS220RTNB-P-28-56-NVB,700.7,673.75
DW-POS220RTNB-P-28-58-NVB,700.7,673.75
DW-POS220RTNB-P-28-60-NVB,700.7,673.75
DW-PROT12.4-J32-32-N,1216,1169
DW-PROT12.4-J32-34-N,1216,1169
DW-PROT12.4-J32-36-N,1216,1169
DW-PROT12.4-J32-38-N,1216,1169
DW-PROT12.4-J32-40-N,1216,1169
DW-PROT12.4-J32-42-N,1216,1169
DW-PROT12.4-J32-44-N,1216,1169
DW-PROT12.4-J32-46-N,1216,1169
DW-PROT12.4-J32-48-N,1216,1169
DW-PROT12.4-J32-50-N,1216,1169
DW-PROT12.4-J32-52-N,1216,1169
DW-PROT12.4-J32-54-N,1216,1169
DW-PROT12.4-J32-56-N,1216,1169
DW-PROT12.4-J32-58-N,1216,1169
DW-PROT12.4-J32-60-N,1216,1169
DW-PROT12.4-P28-28-NVB,1144,1100
DW-PROT12.4-P28-30-NVB,1144,1100
DW-PROT12.4-P28-32-NVB,1144,1100
DW-PROT12.4-P28-34-NVB,1144,1100
DW-PROT12.4-P28-36-NVB,1144,1100
DW-PROT12.4-P28-38-NVB,1144,1100
DW-PROT12.4-P28-40-NVB,1144,1100
DW-PROT12.4-P28-42-NVB,1144,1100
DW-PROT12.4-P28-44-NVB,1144,1100
DW-PROT12.4-P28-46-NVB,1144,1100
DW-PROT12.4-P28-48-NVB,1144,1100
DW-PROT12.4-P28-50-NVB,1144,1100
DW-PROT12.4-P28-52-NVB,1144,1100
DW-PROT12.4-P28-54-NVB,1144,1100
DW-PROT12.4-P28-56-NVB,1144,1100
DG-CA420-8-W,529.1,508.75
DG-CA420-9-W,529.1,508.75
DG-CA420-10-W,529.1,508.75
DG-CA420-11-W,529.1,508.75
DG-NE423AF-7-OLGBLK,500.5,481.25
DG-NE423AF-8-OLGBLK,500.5,481.25
DG-NE423AF-9-OLGBLK,500.5,481.25
DG-NE423AF-10-OLGBLK,500.5,481.25
DG-NE423AF-11-OLGBLK,500.5,481.25
DG-NE423AF-12-OLGBLK,500.5,481.25
DG-NE423AF-13-OLGBLK,500.5,481.25
DG-ARC55-S-RYB,930,894
DG-ARC55-M-RYB,930,894
DG-ARC55-L-RYB,930,894
DG-ARC55-XL-RYB,930,894
DG-ARC100-S-RYB,2002,1925
DG-ARC100-M-RYB,2002,1925
DG-ARC100-L-RYB,2002,1925
DG-ARC100-XL-RYB,2002,1925
DW-ARCBLANK-L-RYB,11440,11000
DW-ARCBLANK-XL-RYB,11440,11000
ARC-ERGOS3-12-CLB,2360,2269
ARC-ERGOS2-12-EU-CLB,2360,2269
ARC-ERGOS3-27-CLB,3647,3506
ARC-ERGOS2-26-EU-CLB,3647,3506
ARC-ERGOS-INTEC-W,7150,6875
DH-INTECHL-BLK,1287,1237.5
DH-ARC-HHKW-W,357.5,343.75
DV-AVG28-BLK,3432,3300
DW-ARC9.9-BAL-S-N,357.5,343.75
DW-ARC31-BAL-DBL-N,643.5,618.75
DW-ARC-BEAN-N,264.55,254.375
DV-AVKIT-N,4075.5,3918.75
DW-ARC-BELT-S-BLK,257.4,247.5
DW-ARC-BELT-M-BLK,257.4,247.5
DW-ARC-BELT-L-BLK,257.4,247.5
DW-ARC-BELT-XL-BLK,257.4,247.5
DW-ARC-BELT-2XL-BLK,257.4,247.5
DW-BALAS-NB-N,278.85,268.125
DW-BALAS-OM,257.4,247.5
DW-BALAD-OM,400.4,385
INFERNO-XL-TN,529.1,508.75
DV-EF20B-R,143,137.5
DWL-D59FA-JXS-XS-NVB,364.65,350.625
DWL-D59FA-JXS-S-NVB,364.65,350.625
DWL-D59FA-JXS-M-NVB,364.65,350.625
DWL-D59FA-JXS-L-NVB,364.65,350.625
DWL-D59FA-JXS-XL-NVB,364.65,350.625
DWL-D59FA-JXS-2XL-NVB,364.65,350.625
DWL-D59FA-JXS-3XL-NVB,364.65,350.625
DWL-D59FA-JXS-4XL-NVB,364.65,350.625
DWL-D59FA-JXS-5XL-NVB,364.65,350.625
DWL-D59FA-PXS-XS-NVB,364.65,350.625
DWL-D59FA-PXS-S-NVB,364.65,350.625
DWL-D59FA-PXS-M-NVB,364.65,350.625
DWL-D59FA-PXS-L-NVB,364.65,350.625
DWL-D59FA-PXS-XL-NVB,364.65,350.625
DWL-D59FA-PXS-2XL-NVB,364.65,350.625
DWL-D59FA-PXS-3XL-NVB,364.65,350.625
DWL-D59FA-PXS-4XL-NVB,364.65,350.625
DWL-D59FA-PXS-5XL-NVB,364.65,350.625
DWL-DENIMJEAN-28-B,350.35,336.875
DWL-DENIMJEAN-30-B,350.35,336.875
DWL-DENIMJEAN-32-B,350.35,336.875
DWL-DENIMJEAN-34-B,350.35,336.875
DWL-DENIMJEAN-36-B,350.35,336.875
DWL-DENIMJEAN-38-B,350.35,336.875
DWL-DENIMJEAN-40-B,350.35,336.875
DWL-DENIMJEAN-42-B,393.25,378.125
DWL-DENIMJEAN-44-B,393.25,378.125
DWL-DENIMJEAN-46-B,393.25,378.125
DWL-DENIMJEAN-48-B,393.25,378.125
DWL-DENIMJEAN-50-B,393.25,378.125
DWL-DENIMJEAN-52-B,329,316
DWL-DENIMJEAN-54-B,329,316
DWL-DENIMJEAN-56-B,329,316
DWL-DENIMJEAN-58-B,329,316
DWL-DENIMJEAN-60-B,329,316
DWL-DENIMJEAN-62-B,329,316
DWL-DENIMJEAN-64-B,329,316
DWL-ARC15-JS-S-NVB,1215.5,1168.75
DWL-ARC15-JS-M-NVB,1215.5,1168.75
DWL-ARC15-JS-L-NVB,1215.5,1168.75
DWL-ARC15-JS-XL-NVB,1215.5,1168.75
DWL-ARC15-JS-2XL-NVB,1215.5,1168.75
DWL-ARC15-JS-3XL-NVB,1215.5,1168.75
DWL-ARC15-JS-4XL-NVB,1215.5,1168.75
DWL-ARC15-JS-5XL-NVB,1215.5,1168.75
DWL-ARC15-PS-S-NVB,1215.5,1168.75
DWL-ARC15-PS-M-NVB,1215.5,1168.75
DWL-ARC15-PS-L-NVB,1215.5,1168.75
DWL-ARC15-PS-XL-NVB,1215.5,1168.75
DWL-ARC15-PS-2XL-NVB,1215.5,1168.75
DWL-ARC15-PS-3XL-NVB,1215.5,1168.75
DWL-ARC15-PS-4XL-NVB,1215.5,1168.75
DWL-ARC15-PS-5XL-NVB,1215.5,1168.75
DW-MVP215K-LS-RT-G-S-YSV,1358.5,1306.25
DW-MVP215K-LS-RT-G-M-YSV,1358.5,1306.25
DW-MVP215K-LS-RT-G-L-YSV,1358.5,1306.25
DW-MVP215K-LS-RT-G-XL-YSV,1358.5,1306.25
DW-MVP215K-LS-RT-G-2XL-YSV,1358.5,1306.25
DW-MVP215K-LS-RT-G-3XL-YSV,1358.5,1306.25
DW-MVP180-HVIZ-LS-Y/N-S-YN,2002,1925
DW-MVP180-HVIZ-LS-Y/N-M-YN,2002,1925
DW-MVP180-HVIZ-LS-Y/N-L-YN,2002,1925
DW-MVP180-HVIZ-LS-Y/N-XL-YN,2002,1925
DW-MVP180-HVIZ-LS-Y/N-2XL-YN,2002,1925
DW-MVP180-HVIZ-LS-Y/N-3XL-YN,2002,1925
DW-MVP180-HVIZ-LS-O/N-S-ON,2002,1925
DW-MVP180-HVIZ-LS-O/N-M-ON,2002,1925
DW-MVP180-HVIZ-LS-O/N-L-ON,2002,1925
DW-MVP180-HVIZ-LS-O/N-XL-ON,2002,1925
DW-MVP180-HVIZ-LS-O/N-2XL-ON,2002,1925
DW-MVP180-HVIZ-LS-O/N-3XL-ON,2002,1925
DW-MVP215-HVIZ-Y/N-O-32-YNVB,3503.5,3368.75
DW-MVP215-HVIZ-Y/N-O-34-YNVB,3503.5,3368.75
DW-MVP215-HVIZ-Y/N-O-36-YNVB,3503.5,3368.75
DW-MVP215-HVIZ-Y/N-O-38-YNVB,3503.5,3368.75
DW-MVP215-HVIZ-Y/N-O-40-YNVB,3503.5,3368.75
DW-MVP215-HVIZ-Y/N-O-42-YNVB,3503.5,3368.75
DW-MVP215-HVIZ-Y/N-O-44-YNVB,3503.5,3368.75
DW-MVP215-HVIZ-Y/N-O-46-YNVB,3503.5,3368.75
DW-MVP215-HVIZ-Y/N-O-48-YNVB,3932.5,3781.25
DW-MVP215-HVIZ-Y/N-O-50-YNVB,3932.5,3781.25
DW-MVP215-HVIZ-Y/N-O-52-YNVB,3932.5,3781.25
DW-MVP215-HVIZ-Y/N-O-54-YNVB,3932.5,3781.25
DW-MVP215-HVIZ-Y/N-O-56-YNVB,3932.5,3781.25
DW-MVP215-HVIZ-O/N-O-32-ONVB,3503.5,3368.75
DW-MVP215-HVIZ-O/N-O-34-ONVB,3503.5,3368.75
DW-MVP215-HVIZ-O/N-O-36-ONVB,3503.5,3368.75
DW-MVP215-HVIZ-O/N-O-38-ONVB,3503.5,3368.75
DW-MVP215-HVIZ-O/N-O-40-ONVB,3503.5,3368.75
DW-MVP215-HVIZ-O/N-O-42-ONVB,3503.5,3368.75
DW-MVP215-HVIZ-O/N-O-44-ONVB,3503.5,3368.75
DW-MVP215-HVIZ-O/N-O-46-ONVB,3503.5,3368.75
DW-MVP215-HVIZ-O/N-O-48-ONVB,3932.5,3781.25
DW-MVP215-HVIZ-O/N-O-50-ONVB,3932.5,3781.25
DW-MVP215-HVIZ-O/N-O-52-ONVB,3932.5,3781.25
DW-MVP215-HVIZ-O/N-O-54-ONVB,3932.5,3781.25
DW-MVP215-HVIZ-O/N-O-56-ONVB,3932.5,3781.25
DW-MVP215-CARGO-PRT-32-NVB,1859,1787.5
DW-MVP215-CARGO-PRT-34-NVB,1859,1787.5
DW-MVP215-CARGO-PRT-36-NVB,1859,1787.5
DW-MVP215-CARGO-PRT-38-NVB,1859,1787.5
DW-MVP215-CARGO-PRT-40-NVB,1859,1787.5
DW-MVP215-CARGO-PRT-42-NVB,1859,1787.5
DW-MVP215-CARGO-PRT-44-NVB,1859,1787.5
DW-MVP215-CARGO-PRT-46-NVB,1859,1787.5
DW-MVP215-CARGO-PRT-48-NVB,1859,1787.5
DW-MVP215-CARGO-PRT-50-NVB,1859,1787.5
DW-MVP215-CARGO-PRT-52-NVB,1859,1787.5
DW-MVP215-CARGO-PRT-54-NVB,1859,1787.5
DW-MVP215-CARGO-PRT-56-NVB,1859,1787.5
WELD/6,80.595,72.76071825
WELD-6GR-G,80.595,72.76071825
WELD-16GR-G,80.595,72.76071825
XTRA/27-BR,24.2385,23.30625
XTRA/35-BR,30.03,28.875
CRONUS/RGE-RG,22.88,22
GPVC/40/HG-G,21.801,20.9625
GPVC/27-R,12.675,12.1875
GPVC/35-R,15.015,14.4375
DG-OV-LXL-L-Y,314.6,302.5
DG-OV-LXL-XL-Y,314.6,302.5
ACE-ONE-60x90-W,109,99
ACE-ONE-60x120-W,135,125
DV-1A-AM,11.5089,15
K-MSK-FFP1-PIN,6345,5875
K-MSK-FFP2-PIN,81,75
K-MSK-FFP2V-PIN,1134,105
K-MSK-FFP2FF-PIN,100,925
K-MSK-FFP2FFV-PIN,702,65
K-MSK-FFP3FF-PIN,145,135
K-MSK-FFP3FFV-PIN,159,145
K-MSK-FFP2FFAC-PIN,27864,258
K-MSK-FFP3FFAC-PIN,45,42
13-100890A-S-BLK,397.6,355
13-100890A-M-BLK,397.6,355
13-100890A-L-BLK,397.6,355
13-100890A-XL-BLK,397.6,355
13-100890A-2XL-BLK,397.6,355
SECUCOMBSHIR-S-BLK,118,105
SECUCOMBSHIR-M-BLK,118,105
SECUCOMBSHIR-L-BLK,118,105
SECUCOMBSHIR-XL-BLK,118,105
SECUCOMBSHIR-2XL-BLK,118,105
SECUCOMBTROU-28-BLK,118,105
SECUCOMBTROU-30-BLK,118,105
SECUCOMBTROU-32-BLK,118,105
SECUCOMBTROU-34-BLK,118,105
SECUCOMBTROU-36-BLK,118,105
SECUCOMBTROU-38-BLK,118,105
SECUCOMBTROU-40-BLK,118,105
SECUCOMBTROU-42-BLK,118,105
13-100907A-S-N,117.6,105
13-100907A-M-N,117.6,105
13-100907A-L-N,117.6,105
13-100907A-XL-N,117.6,105
13-100907A-2XL-N,117.6,105
13-100922A-28-N,117.6,105
13-100922A-30-N,117.6,105
13-100922A-32-N,117.6,105
13-100922A-34-N,117.6,105
13-100922A-36-N,117.6,105
13-100922A-38-N,117.6,105
13-100922A-40-N,117.6,105
13-100922A-42-N,117.6,105
13-100930-Dro-5,273,243.75
13-100930-Dro-6,273,243.75
13-100930-Dro-7,273,243.75
13-100930-Dro-8,273,243.75
13-100930-Dro-9,273,243.75
13-100930-Dro-10,273,243.75
13-100930-Dro-11,273,243.75
13-100930-Dro-12,273,243.75
SECUBERE-OSFA-N,105,94
SECUBERE-OSFA-R,105,94
SECUBERE-OSFA-BLK,105,94
SECUWEBBELT-OSFA-BLK,133,119
13-100951-BLK,133,118.75
13-100952-BLK,133,118.75
8-100100-C,147,131.25
8-1001041-C,424.2,378.75
8-100100A-C,208.6,186.25
8-100101-C,294,262.5
8-100102-C,322,287.5
8-100103-C,483,431.25
8-100104-C,539,481.25
8-100103-1-C,469,418.75
8-100118-C,49,43.75
13-100415-C,86.8,77.5
13-100168-R,14,12.5
13-1001681-C,138.6,123.75
13-1001682-C,68.6,61.25
13-1001683-C,154,137.5
8-100105-CL,9.1,8.125
8-100106-CL,9.1,8.125
8-100107-CL,9.1,8.125
8-1001070-CL,26.6,23.75
8-1001071-CL,26.6,23.75
8-100108-CL,7.7,6.875
8-100109-CL,7.7,6.875
8-100110-CL,245,218.75
8-100111-CL,322,287.5
8-100114-CL,70,62.5
8-100115-CL,70,62.5
8-100116-CL,70,62.5
8-100120-CL,2.24,2
8-100121-CL,2.24,2
8-100122-CL,2.24,2
8-100123-CL,2.24,2
8-100124-CL,1.54,1.375
8-100124-1-CL,2.94,2.625
13-1001999,33.6,30
13-BBO2A-32-RYB,179.2,160
13-BBO2A-34-RYB,179.2,160
13-BBO2A-36-RYB,179.2,160
13-BBO2A-38-RYB,179.2,160
13-BBO2A-40-RYB,179.2,160
13-BBO2A-42-RYB,179.2,160
13-BBO2A-44-RYB,179.2,160
13-BBO2A-46-RYB,179.2,160
13-BBO2A-48-RYB,179.2,160
13-BBO2A-50-RYB,179.2,160
13-BBO2A-52-RYB,179.2,160
13-BBO2A-54-RYB,179.2,160
13-BBO2TA-32-RYB,197.4,176.25
13-BBO2TA-34-RYB,197.4,176.25
13-BBO2TA-36-RYB,197.4,176.25
13-BBO2TA-38-RYB,197.4,176.25
13-BBO2TA-40-RYB,197.4,176.25
13-BBO2TA-42-RYB,197.4,176.25
13-BBO2TA-44-RYB,197.4,176.25
13-BBO2TA-46-RYB,197.4,176.25
13-BBO2TA-48-RYB,197.4,176.25
13-BBO2TA-50-RYB,197.4,176.25
13-BBO2TA-52-RYB,197.4,176.25
13-BBO2TA-54-RYB,197.4,176.25
13-BBOJA-32-RYB,396.2,353.75
13-BBOJA-34-RYB,396.2,353.75
13-BBOJA-36-RYB,396.2,353.75
13-BBOJA-38-RYB,396.2,353.75
13-BBOJA-40-RYB,396.2,353.75
13-BBOJA-42-RYB,396.2,353.75
13-BBOJA-44-RYB,396.2,353.75
13-BBOJA-46-RYB,396.2,353.75
13-BBOJA-48-RYB,396.2,353.75
13-BBOJA-50-RYB,396.2,353.75
13-BBOJA-52-RYB,396.2,353.75
13-BBOJA-54-RYB,396.2,353.75
CONTSUIT2PIECP-32-RYB,140,125
CONTSUIT2PIECP-34-RYB,140,125
CONTSUIT2PIECP-36-RYB,140,125
CONTSUIT2PIECP-38-RYB,140,125
CONTSUIT2PIECP-40-RYB,140,125
CONTSUIT2PIECP-42-RYB,140,125
CONTSUIT2PIECP-44-RYB,140,125
CONTSUIT2PIECP-46-RYB,140,125
CONTSUIT2PIECP-48-RYB,140,125
CONTSUIT2PIECP-50-RYB,140,125
CONTSUIT2PIECP-52-RYB,140,125
CONTSUIT2PIECP-54-RYB,140,125
CONTSUIT2PIECR-32-RYB,167,149
CONTSUIT2PIECR-34-RYB,167,149
CONTSUIT2PIECR-36-RYB,167,149
CONTSUIT2PIECR-38-RYB,167,149
CONTSUIT2PIECR-40-RYB,167,149
CONTSUIT2PIECR-42-RYB,167,149
CONTSUIT2PIECR-44-RYB,167,149
CONTSUIT2PIECR-46-RYB,167,149
CONTSUIT2PIECR-48-RYB,167,149
CONTSUIT2PIECR-50-RYB,167,149
CONTSUIT2PIECR-52-RYB,167,149
CONTSUIT2PIECR-54-RYB,167,149
CONTSUIT2PIECP-32-NVB,140,125
CONTSUIT2PIECP-34-NVB,140,125
CONTSUIT2PIECP-36-NVB,140,125
CONTSUIT2PIECP-38-NVB,140,125
CONTSUIT2PIECP-40-NVB,140,125
CONTSUIT2PIECP-42-NVB,140,125
CONTSUIT2PIECP-44-NVB,140,125
CONTSUIT2PIECP-46-NVB,140,125
CONTSUIT2PIECP-48-NVB,140,125
CONTSUIT2PIECP-50-NVB,140,125
CONTSUIT2PIECP-52-NVB,140,125
CONTSUIT2PIECP-54-NVB,140,125
CONTSUIT2PIECR2-32-NVB,167,149
CONTSUIT2PIECR2-34-NVB,167,149
CONTSUIT2PIECR2-36-NVB,167,149
CONTSUIT2PIECR2-38-NVB,167,149
CONTSUIT2PIECR2-40-NVB,167,149
CONTSUIT2PIECR2-42-NVB,167,149
CONTSUIT2PIECR2-44-NVB,167,149
CONTSUIT2PIECR2-46-NVB,167,149
CONTSUIT2PIECR2-48-NVB,167,149
CONTSUIT2PIECR2-50-NVB,167,149
CONTSUIT2PIECR2-52-NVB,167,149
CONTSUIT2PIECR2-54-NVB,167,149
CONTSUIT2PIECP-32-O,141,126
CONTSUIT2PIECP-34-O,141,126
CONTSUIT2PIECP-36-O,141,126
CONTSUIT2PIECP-38-O,141,126
CONTSUIT2PIECP-40-O,141,126
CONTSUIT2PIECP-42-O,141,126
CONTSUIT2PIECP-44-O,141,126
CONTSUIT2PIECP-46-O,141,126
CONTSUIT2PIECP-48-O,141,126
CONTSUIT2PIECP-50-O,141,126
CONTSUIT2PIECP-52-O,141,126
CONTSUIT2PIECP-54-O,141,126
13-1002296G-32-GY,187.6,167.5
13-1002296G-34-GY,187.6,167.5
13-1002296G-36-GY,187.6,167.5
13-1002296G-38-GY,187.6,167.5
13-1002296G-40-GY,187.6,167.5
13-1002296G-42-GY,187.6,167.5
13-1002296G-44-GY,187.6,167.5
13-1002296G-46-GY,187.6,167.5
13-1002296G-48-GY,187.6,167.5
13-1002296G-50-GY,187.6,167.5
13-1002296G-52-GY,187.6,167.5
13-1002296G-54-GY,187.6,167.5
13-1002296R-32-R,187.6,167.5
13-1002296R-34-R,187.6,167.5
13-1002296R-36-R,187.6,167.5
13-1002296R-38-R,187.6,167.5
13-1002296R-40-R,187.6,167.5
13-1002296R-42-R,187.6,167.5
13-1002296R-44-R,187.6,167.5
13-1002296R-46-R,187.6,167.5
13-1002296R-48-R,187.6,167.5
13-1002296R-50-R,187.6,167.5
13-1002296R-52-R,187.6,167.5
13-1002296R-54-R,187.6,167.5
13-1002296W-32-W,187.6,167.5
13-1002296W-34-W,187.6,167.5
13-1002296W-36-W,187.6,167.5
13-1002296W-38-W,187.6,167.5
13-1002296W-40-W,187.6,167.5
13-1002296W-42-W,187.6,167.5
13-1002296W-44-W,187.6,167.5
13-1002296W-46-W,187.6,167.5
13-1002296W-48-W,187.6,167.5
13-1002296W-50-W,187.6,167.5
13-1002296W-52-W,187.6,167.5
13-1002296W-54-W,187.6,167.5
13-1002296GE-32-G,187.6,167.5
13-1002296GE-34-G,187.6,167.5
13-1002296GE-36-G,187.6,167.5
13-1002296GE-38-G,187.6,167.5
13-1002296GE-40-G,187.6,167.5
13-1002296GE-42-G,187.6,167.5
13-1002296GE-44-G,187.6,167.5
13-1002296GE-46-G,187.6,167.5
13-1002296GE-48-G,187.6,167.5
13-1002296GE-50-G,187.6,167.5
13-1002296GE-52-G,187.6,167.5
13-1002296GE-54-G,187.6,167.5
13-1002296K-32-K,187.6,167.5
13-1002296K-34-K,187.6,167.5
13-1002296K-36-K,187.6,167.5
13-1002296K-38-K,187.6,167.5
13-1002296K-40-K,187.6,167.5
13-1002296K-42-K,187.6,167.5
13-1002296K-44-K,187.6,167.5
13-1002296K-46-K,187.6,167.5
13-1002296K-48-K,187.6,167.5
13-1002296K-50-K,187.6,167.5
13-1002296K-52-K,187.6,167.5
13-1002296K-54-K,187.6,167.5
13-1002296BL-32-BLK,187.6,167.5
13-1002296BL-34-BLK,187.6,167.5
13-1002296BL-36-BLK,187.6,167.5
13-1002296BL-38-BLK,187.6,167.5
13-1002296BL-40-BLK,187.6,167.5
13-1002296BL-42-BLK,187.6,167.5
13-1002296BL-44-BLK,187.6,167.5
13-1002296BL-46-BLK,187.6,167.5
13-1002296BL-48-BLK,187.6,167.5
13-1002296BL-50-BLK,187.6,167.5
13-1002296BL-52-BLK,187.6,167.5
13-1002296BL-54-BLK,187.6,167.5
D59FLAMRETAACI-32-NVB,259,231
D59FLAMRETAACI-34-NVB,259,231
D59FLAMRETAACI-36-NVB,259,231
D59FLAMRETAACI-38-NVB,259,231
D59FLAMRETAACI-40-NVB,259,231
D59FLAMRETAACI-42-NVB,259,231
D59FLAMRETAACI-44-NVB,259,231
D59FLAMRETAACI-46-NVB,259,231
D59FLAMRETAACI-48-NVB,259,231
D59FLAMRETAACI-50-NVB,259,231
D59FLAMRETAACI-52-NVB,259,231
D59FLAMRETAACI-54-NVB,259,231
D59FLAMRETAACI2-28-NVB,259,231
D59FLAMRETAACI2-30-NVB,259,231
D59FLAMRETAACI2-32-NVB,259,231
D59FLAMRETAACI2-34-NVB,259,231
D59FLAMRETAACI2-36-NVB,259,231
D59FLAMRETAACI2-38-NVB,259,231
D59FLAMRETAACI2-40-NVB,259,231
D59FLAMRETAACI2-42-NVB,259,231
D59FLAMRETAACI2-44-NVB,259,231
D59FLAMRETAACI2-46-NVB,259,231
D59FLAMRETAACI2-48-NVB,259,231
D59FLAMRETAACI2-50-NVB,259,231
13-1002745A-32-NVB,667.8,596.25
13-1002745A-34-NVB,667.8,596.25
13-1002745A-36-NVB,667.8,596.25
13-1002745A-38-NVB,667.8,596.25
13-1002745A-40-NVB,667.8,596.25
13-1002745A-42-NVB,667.8,596.25
13-1002745A-44-NVB,667.8,596.25
13-1002745A-46-NVB,667.8,596.25
13-1002745A-48-NVB,667.8,596.25
13-1002745A-50-NVB,667.8,596.25
13-1002745A-52-NVB,667.8,596.25
13-1002745A-54-NVB,667.8,596.25
D59FLAMRETACON-32-G,596,393
D59FLAMRETACON-34-G,596,393
D59FLAMRETACON-36-G,596,393
D59FLAMRETACON-38-G,596,393
D59FLAMRETACON-40-G,596,393
D59FLAMRETACON-42-G,596,393
D59FLAMRETACON-44-G,596,393
D59FLAMRETACON-46-G,596,393
D59FLAMRETACON-48-G,596,393
D59FLAMRETACON-50-G,596,393
D59FLAMRETACON-52-G,596,393
D59FLAMRETACON-54-G,596,393
J54CONTSUIT100-32-RYB,251,224
J54CONTSUIT100-34-RYB,251,224
J54CONTSUIT100-36-RYB,251,224
J54CONTSUIT100-38-RYB,251,224
J54CONTSUIT100-40-RYB,251,224
J54CONTSUIT100-42-RYB,251,224
J54CONTSUIT100-44-RYB,251,224
J54CONTSUIT100-46-RYB,251,224
J54CONTSUIT100-48-RYB,251,224
J54CONTSUIT100-50-RYB,251,224
J54CONTSUIT100-52-RYB,251,224
J54CONTSUIT100-54-RYB,251,224
J54CONTSUIT1002-32-RYB,263,235
J54CONTSUIT1002-34-RYB,263,235
J54CONTSUIT1002-36-RYB,263,235
J54CONTSUIT1002-38-RYB,263,235
J54CONTSUIT1002-40-RYB,263,235
J54CONTSUIT1002-42-RYB,263,235
J54CONTSUIT1002-44-RYB,263,235
J54CONTSUIT1002-46-RYB,263,235
J54CONTSUIT1002-48-RYB,263,235
J54CONTSUIT1002-50-RYB,263,235
J54CONTSUIT1002-52-RYB,263,235
J54CONTSUIT1002-54-RYB,263,235
DENICONTSUIT-32-NVB,245,219
DENICONTSUIT-34-NVB,245,219
DENICONTSUIT-36-NVB,245,219
DENICONTSUIT-38-NVB,245,219
DENICONTSUIT-40-NVB,245,219
DENICONTSUIT-42-NVB,245,219
DENICONTSUIT-44-NVB,245,219
DENICONTSUIT-46-NVB,245,219
DENICONTSUIT-48-NVB,245,219
DENICONTSUIT-50-NVB,245,219
DENICONTSUIT-52-NVB,245,219
DENICONTSUIT-54-NVB,245,219
13-1002797A-32-DKG,292.5,273
13-1002797A-34-DKG,292.5,273
13-1002797A-36-DKG,292.5,273
13-1002797A-38-DKG,292.5,273
13-1002797A-40-DKG,292.5,273
13-1002797A-42-DKG,292.5,273
13-1002797A-44-DKG,292.5,273
13-1002797A-46-DKG,292.5,273
13-1002797A-48-DKG,292.5,273
13-1002797A-50-DKG,292.5,273
13-1002797A-52-DKG,292.5,273
13-1002797A-54-DKG,292.5,273
13-10027971A-32-DKG,307.5,287
13-10027971A-34-DKG,307.5,287
13-10027971A-36-DKG,307.5,287
13-10027971A-38-DKG,307.5,287
13-10027971A-40-DKG,307.5,287
13-10027971A-42-DKG,307.5,287
13-10027971A-44-DKG,307.5,287
13-10027971A-46-DKG,307.5,287
13-10027971A-48-DKG,307.5,287
13-10027971A-50-DKG,307.5,287
13-10027971A-52-DKG,307.5,287
13-10027971A-54-DKG,307.5,287
13-1002299C-S-RYB,105,94
13-1002299C-M-RYB,105,94
13-1002299C-L-RYB,105,94
13-1002299C-XL-RYB,105,94
13-1002299C-2XL-RYB,105,94
13-1002299C-3XL-RYB,105,94
13-1002299C-4XL-RYB,105,94
13-1002299D-S-N,105,94
13-1002299D-M-N,105,94
13-1002299D-L-N,105,94
13-1002299D-XL-N,105,94
13-1002299D-2XL-N,105,94
13-1002299D-3XL-N,105,94
13-1002299D-4XL-N,105,94
13-1002299E-S-W,112,100
13-1002299E-M-W,112,100
13-1002299E-L-W,112,100
13-1002299E-XL-W,112,100
13-1002299E-2XL-W,112,100
13-1002299E-3XL-W,112,100
13-1002299E-4XL-W,112,100
13-1002381A-S-RYB,112.5,105
13-1002381A-M-RYB,112.5,105
13-1002381A-L-RYB,112.5,105
13-1002381A-XL-RYB,112.5,105
13-1002381A-2XL-RYB,112.5,105
13-1002381A-3XL-RYB,112.5,105
13-1002381A-4XL-RYB,112.5,105
13-1002382A-S-G,112.5,105
13-1002382A-M-G,112.5,105
13-1002382A-L-G,112.5,105
13-1002382A-XL-G,112.5,105
13-1002382A-2XL-G,112.5,105
13-1002382A-3XL-G,112.5,105
13-1002382A-4XL-G,112.5,105
13-1002746A-32-RYB,180,168
13-1002746A-34-RYB,180,168
13-1002746A-36-RYB,180,168
13-1002746A-38-RYB,180,168
13-1002746A-40-RYB,180,168
13-1002746A-42-RYB,180,168
13-1002746A-44-RYB,180,168
13-1002746A-46-RYB,180,168
13-1002746A-48-RYB,180,168
13-1002746A-50-RYB,180,168
13-1002746A-52-RYB,180,168
13-1002746A-54-RYB,180,168
13-100280-B,154,137.5
13-1002747A-30-B,249.2,222.5
13-1002747A-32-B,249.2,222.5
13-1002747A-34-B,249.2,222.5
13-1002747A-36-B,249.2,222.5
13-1002747A-38-B,249.2,222.5
13-1002747A-40-B,249.2,222.5
13-1002747A-42-B,249.2,222.5
13-1002747A-44-B,249.2,222.5
13-1002747A-46-B,249.2,222.5
13-1002747A-48-B,249.2,222.5
13-1002747A-50-B,249.2,222.5
13-1002747A-52-B,249.2,222.5
13-TT-30-BLKGY,448,400
13-TT-32-BLKGY,448,400
13-TT-34-BLKGY,448,400
13-TT-36-BLKGY,448,400
13-TT-38-BLKGY,448,400
13-TT-40-BLKGY,448,400
13-TT-42-BLKGY,448,400
13-TT-44-BLKGY,448,400
13-TT-46-BLKGY,448,400
13-CARGNV-30-N,266,238
13-CARGNV-32-N,266,238
13-CARGNV-34-N,266,238
13-CARGNV-36-N,266,238
13-CARGNV-38-N,266,238
13-CARGNV-40-N,266,238
13-CARGNV-42-N,266,238
13-CARGNV-44-N,266,238
13-CARGKH-30-K,266,238
13-CARGKH-32-K,266,238
13-CARGKH-34-K,266,238
13-CARGKH-36-K,266,238
13-CARGKH-38-K,266,238
13-CARGKH-40-K,266,238
13-CARGKH-42-K,266,238
13-CARGKH-44-K,266,238
13-1002297A-S-NO,279,249
13-1002297A-M-NO,279,249
13-1002297A-L-NO,279,249
13-1002297A-XL-NO,279,249
13-1002297A-2XL-NO,279,249
13-1002297A-3XL-NO,279,249
13-1002297B-S-NY,279,249
13-1002297B-M-NY,279,249
13-1002297B-L-NY,279,249
13-1002297B-XL-NY,279,249
13-1002297B-2XL-NY,279,249
13-1002297B-3XL-NY,279,249
13-1002297C-S-N,279,249
13-1002297C-M-N,279,249
13-1002297C-L-N,279,249
13-1002297C-XL-N,279,249
13-1002297C-2XL-N,279,249
13-1002297C-3XL-N,279,249
13-1002297D-S-RYB,279,249
13-1002297D-M-RYB,279,249
13-1002297D-L-RYB,279,249
13-1002297D-XL-RYB,279,249
13-1002297D-2XL-RYB,279,249
13-1002297D-3XL-RYB,279,249
13-1002298A-S-NL,266,238
13-1002298A-M-NL,266,238
13-1002298A-L-NL,266,238
13-1002298A-XL-NL,266,238
13-1002298A-2XL-NL,266,238
13-1002298A-3XL-NL,266,238
13-1002298B-30-NL,252,225
13-1002298B-32-NL,252,225
13-1002298B-34-NL,252,225
13-1002298B-36-NL,252,225
13-1002298B-38-NL,252,225
13-1002298B-40-NL,252,225
13-1002298B-42-NL,252,225
13-1002298B-44-NL,252,225
13-1002298B-46-NL,252,225
13-1002298B-48-NL,252,225
13-1002298B-50-NL,252,225
13-1002299A-S-NO,266,238
13-1002299A-M-NO,266,238
13-1002299A-L-NO,266,238
13-1002299A-XL-NO,266,238
13-1002299A-2XL-NO,266,238
13-1002299A-3XL-NO,266,238
13-1002299B-30-NO,252,225
13-1002299B-32-NO,252,225
13-1002299B-34-NO,252,225
13-1002299B-36-NO,252,225
13-1002299B-38-NO,252,225
13-1002299B-40-NO,252,225
13-1002299B-42-NO,252,225
13-1002299B-44-NO,252,225
13-1002299B-46-NO,252,225
13-1002299B-48-NO,252,225
13-1002299B-50-NO,252,225
2TONEHIVIGOLFS-S-NL,224,200
2TONEHIVIGOLFS-M-NL,224,200
2TONEHIVIGOLFS-L-NL,224,200
2TONEHIVIGOLFS-XL-NL,224,200
2TONEHIVIGOLFS-2XL-NL,224,200
2TONEHIVIGOLFS-3XL-NL,224,200
2TONEHIVIGOLFS-S-NO,224,200
2TONEHIVIGOLFS-M-NO,224,200
2TONEHIVIGOLFS-L-NO,224,200
2TONEHIVIGOLFS-XL-NO,224,200
2TONEHIVIGOLFS-2XL-NO,224,200
2TONEHIVIGOLFS-3XL-NO,224,200
HIVIGOLFSHIR14-S-L,132,118
HIVIGOLFSHIR14-M-L,132,118
HIVIGOLFSHIR14-L-L,132,118
HIVIGOLFSHIR14-XL-L,132,118
HIVIGOLFSHIR14-2XL-L,132,118
HIVIGOLFSHIR14-3XL-L,132,118
HIVIGOLFSHIR14-S-O,132,118
HIVIGOLFSHIR14-M-O,132,118
HIVIGOLFSHIR14-L-O,132,118
HIVIGOLFSHIR14-XL-O,132,118
HIVIGOLFSHIR14-2XL-O,132,118
HIVIGOLFSHIR14-3XL-O,132,118
HIVITSHIR120GM-S-L,80,71
HIVITSHIR120GM-M-L,80,71
HIVITSHIR120GM-L-L,80,71
HIVITSHIR120GM-XL-L,80,71
HIVITSHIR120GM-2XL-L,80,71
HIVITSHIR120GM-3XL-L,80,71
HIVITSHIR120GM-S-O,80,71
HIVITSHIR120GM-M-O,80,71
HIVITSHIR120GM-L-O,80,71
HIVITSHIR120GM-XL-O,80,71
HIVITSHIR120GM-2XL-O,80,71
HIVITSHIR120GM-3XL-O,80,71
CREWNECKTSHIR1-M-BLK,64,58
CREWNECKTSHIR1-L-BLK,64,58
CREWNECKTSHIR1-XL-BLK,64,58
CREWNECKTSHIR1-2XL-BLK,64,58
CREWNECKTSHIR1-M-N,64,58
CREWNECKTSHIR1-L-N,64,58
CREWNECKTSHIR1-XL-N,64,58
CREWNECKTSHIR1-2XL-N,64,58
CREWNECKTSHIR1-M-W,64,58
CREWNECKTSHIR1-L-W,64,58
CREWNECKTSHIR1-XL-W,64,58
CREWNECKTSHIR1-2XL-W,64,58
CREWNECKTSHIR1-S-RYB,64,58
CREWNECKTSHIR1-M-RYB,64,58
CREWNECKTSHIR1-L-RYB,64,58
CREWNECKTSHIR1-XL-RYB,64,58
CREWNECKTSHIR1-2XL-RYB,64,58
CREWNECKTSHIR1-M-R,64,58
CREWNECKTSHIR1-L-R,64,58
CREWNECKTSHIR1-XL-R,64,58
CREWNECKTSHIR1-2XL-R,64,58
CREWNECKTSHIR1-M-L,64,58
CREWNECKTSHIR1-L-L,64,58
CREWNECKTSHIR1-XL-L,64,58
CREWNECKTSHIR1-2XL-L,64,58
CREWNECKTSHIR1-M-O,64,58
CREWNECKTSHIR1-L-O,64,58
CREWNECKTSHIR1-XL-O,64,58
CREWNECKTSHIR1-2XL-O,64,58
13-GOLFBL-S-BLK,98,88
13-GOLFBL-M-BLK,98,88
13-GOLFBL-L-BLK,98,88
13-GOLFBL-XL-BLK,98,88
13-GOLFBL-2XL-BLK,98,88
13-GOLFBL-3XL-BLK,98,88
13-GOLFNV-S-N,98,88
13-GOLFNV-M-N,98,88
13-GOLFNV-L-N,98,88
13-GOLFNV-XL-N,98,88
13-GOLFNV-2XL-N,98,88
13-GOLFNV-3XL-N,98,88
13-GOLFRE-S-R,98,88
13-GOLFRE-M-R,98,88
13-GOLFRE-L-R,98,88
13-GOLFRE-XL-R,98,88
13-GOLFRE-2XL-R,98,88
13-GOLFRE-3XL-R,98,88
13-TT11FM-M-FT,259,231.25
13-TT11FM-L-FT,259,231.25
13-TT11FM-XL-FT,259,231.25
13-TT11FM-2XL-FT,259,231.25
13-TT11NM-M-N,259,231.25
13-TT11NM-L-N,259,231.25
13-TT11NM-XL-N,259,231.25
13-TT11NM-2XL-N,259,231.25
13-TT11SM-M-ST,259,231.25
13-TT11SM-L-ST,259,231.25
13-TT11SM-XL-ST,259,231.25
13-TT11SM-2XL-ST,259,231.25
13-TT13FM-M-FT,259,231.25
13-TT13FM-L-FT,259,231.25
13-TT13FM-XL-FT,259,231.25
13-TT13FM-2XL-FT,259,231.25
13-TT13NM-M-N,259,231.25
13-TT13NM-L-N,259,231.25
13-TT13NM-XL-N,259,231.25
13-TT13NM-2XL-N,259,231.25
13-TT13SM-M-ST,259,231.25
13-TT13SM-L-ST,259,231.25
13-TT13SM-XL-ST,259,231.25
13-TT13SM-2XL-ST,259,231.25
2TONEFARMSHIRS-M-ST,259,231
2TONEFARMSHIRS-L-ST,259,231
2TONEFARMSHIRS-XL-ST,259,231
2TONEFARMSHIRS-2XL-ST,259,231
2TONEFARMSHIRS-3XL-ST,259,231
13-100430-L,17.25,16.1
13-100431-O,17.25,16.1
13-1004311-L,51,47.6
SIGNVEST-M-ON,91,81
SIGNVEST-L-ON,91,81
SIGNVEST-XL-ON,91,81
SIGNVEST-2XL-ON,91,81
SIGNVEST-M-LN,91,81
SIGNVEST-L-LN,91,81
SIGNVEST-XL-LN,91,81
SIGNVEST-2XL-LN,91,81
REFLJACKSLEE-S-LO,126,113
REFLJACKSLEE-M-LO,126,113
REFLJACKSLEE-L-LO,126,113
REFLJACKSLEE-XL-LO,126,113
REFLJACKSLEE-2XL-LO,126,113
REFLJACKSLEE2-S-LO,109,98
REFLJACKSLEE2-M-LO,109,98
REFLJACKSLEE2-L-LO,109,98
REFLJACKSLEE2-XL-LO,109,98
REFLJACKSLEE2-2XL-LO,109,98
METRREFLJACKDE-S-LO,192,171
METRREFLJACKDE-M-LO,192,171
METRREFLJACKDE-L-LO,192,171
METRREFLJACKDE-XL-LO,192,171
METRREFLJACKDE-2XL-LO,192,171
PREMREFLVESTZI-S-L,45,40
PREMREFLVESTZI-M-L,45,40
PREMREFLVESTZI-L-L,45,40
PREMREFLVESTZI-XL-L,45,40
PREMREFLVESTZI-2XL-L,45,40
PREMREFLVESTZI-3XL-L,45,40
PREMREFLVESTZI-S-O,45,40
PREMREFLVESTZI-M-O,45,40
PREMREFLVESTZI-L-O,45,40
PREMREFLVESTZI-XL-O,45,40
PREMREFLVESTZI-2XL-O,45,40
PREMREFLVESTZI-3XL-O,45,40
PREMREFLVESTZI-S-P,45,40
PREMREFLVESTZI-M-P,45,40
PREMREFLVESTZI-L-P,45,40
PREMREFLVESTZI-XL-P,45,40
PREMREFLVESTZI-2XL-P,45,40
PREMREFLVESTZI-3XL-P,45,40
PREMREFLVESTZI-S-R,45,40
PREMREFLVESTZI-M-R,45,40
PREMREFLVESTZI-L-R,45,40
PREMREFLVESTZI-XL-R,45,40
PREMREFLVESTZI-2XL-R,45,40
PREMREFLVESTZI-3XL-R,45,40
PREMREFLVESTZI-S-B,45,40
PREMREFLVESTZI-M-B,45,40
PREMREFLVESTZI-L-B,45,40
PREMREFLVESTZI-XL-B,45,40
PREMREFLVESTZI-2XL-B,45,40
PREMREFLVESTZI-3XL-B,45,40
PREMREFLVESTZI2-S-OLG,45,40
PREMREFLVESTZI2-M-OLG,45,40
PREMREFLVESTZI2-L-OLG,45,40
PREMREFLVESTZI2-XL-OLG,45,40
PREMREFLVESTZI2-2XL-OLG,45,40
PREMREFLVESTZI2-3XL-OLG,45,40
PREMTWOTONEREF-S-LO,45,40
PREMTWOTONEREF-M-LO,45,40
PREMTWOTONEREF-L-LO,45,40
PREMTWOTONEREF-XL-LO,45,40
PREMTWOTONEREF-2XL-LO,45,40
PREMTWOTONEREF-3XL-LO,45,40
REFLVESTZIPID-S-L,39,35
REFLVESTZIPID-M-L,39,35
REFLVESTZIPID-L-L,39,35
REFLVESTZIPID-XL-L,39,35
REFLVESTZIPID-2XL-L,39,35
REFLVESTZIPID-3XL-L,39,35
REFLVESTZIPID-4XL-L,39,35
REFLVESTZIPID-S-O,39,35
REFLVESTZIPID-M-O,39,35
REFLVESTZIPID-L-O,39,35
REFLVESTZIPID-XL-O,39,35
REFLVESTZIPID-2XL-O,39,35
REFLVESTZIPID-3XL-O,39,35
REFLVESTZIPID-4XL-O,39,35
13-100448-L,315,294
13-100449-O,315,294
13-1004491,315,294
HIVIALLWEATJAC-M-L,280,250
HIVIALLWEATJAC-L-L,280,250
HIVIALLWEATJAC-XL-L,280,250
HIVIALLWEATJAC-2XL-L,280,250
HIVIALLWEATJAC-3XL-L,280,250
HIVIALLWEATJAC-M-N,280,250
HIVIALLWEATJAC-L-N,280,250
HIVIALLWEATJAC-XL-N,280,250
HIVIALLWEATJAC-2XL-N,280,250
HIVIALLWEATJAC-3XL-N,280,250
13-10045306A-M-O,313.5,261.25
13-10045306A-L-O,313.5,261.25
13-10045306A-XL-O,313.5,261.25
13-10045306A-2XL-O,313.5,261.25
13-10045306A-3XL-O,313.5,261.25
PROFLEEJACKHOO-S-LBLK,343,306
PROFLEEJACKHOO-M-LBLK,343,306
PROFLEEJACKHOO-L-LBLK,343,306
PROFLEEJACKHOO-XL-LBLK,343,306
PROFLEEJACKHOO-2XL-LBLK,343,306
PROFLEEJACKHOO-S-OBLK,343,306
PROFLEEJACKHOO-M-OBLK,343,306
PROFLEEJACKHOO-L-OBLK,343,306
PROFLEEJACKHOO-XL-OBLK,343,306
PROFLEEJACKHOO-2XL-OBLK,343,306
2TONESOFTJACKZ-S-LBLK,742,663
2TONESOFTJACKZ-M-LBLK,742,663
2TONESOFTJACKZ-L-LBLK,742,663
2TONESOFTJACKZ-XL-LBLK,742,663
2TONESOFTJACKZ-2XL-LBLK,742,663
2TONESOFTJACKZ-3XL-LBLK,742,663
2TONESOFTJACKZ-S-OBLK,742,663
2TONESOFTJACKZ-M-OBLK,742,663
2TONESOFTJACKZ-L-OBLK,742,663
2TONESOFTJACKZ-XL-OBLK,742,663
2TONESOFTJACKZ-2XL-OBLK,742,663
2TONESOFTJACKZ-3XL-OBLK,742,663
MANSSOFTJACK-S-BLK,518,463
MANSSOFTJACK-M-BLK,518,463
MANSSOFTJACK-L-BLK,518,463
MANSSOFTJACK-XL-BLK,518,463
MANSSOFTJACK-2XL-BLK,518,463
MANSSOFTJACK-3XL-BLK,518,463
MANSSOFTJACK-S-N,518,463
MANSSOFTJACK-M-N,518,463
MANSSOFTJACK-L-N,518,463
MANSSOFTJACK-XL-N,518,463
MANSSOFTJACK-2XL-N,518,463
MANSSOFTJACK-3XL-N,518,463
TWOTONEFREEJAC-S-ON,525,469
TWOTONEFREEJAC-M-ON,525,469
TWOTONEFREEJAC-L-ON,525,469
TWOTONEFREEJAC-XL-ON,525,469
TWOTONEFREEJAC-2XL-ON,525,469
TWOTONEFREEJAC-3XL-ON,525,469
TWOTONEFREEJAC-4XL-ON,525,469
TWOTONEFREEJAC-S-LN,525,469
TWOTONEFREEJAC-M-LN,525,469
TWOTONEFREEJAC-L-LN,525,469
TWOTONEFREEJAC-XL-LN,525,469
TWOTONEFREEJAC-2XL-LN,525,469
TWOTONEFREEJAC-3XL-LN,525,469
TWOTONEFREEJAC-4XL-LN,525,469
FREEJACKM-M-N,114.8,102.5
FREEJACKM-L-N,114.8,102.5
FREEJACKM-XL-N,114.8,102.5
FREEJACKM-2XL-N,114.8,102.5
FREETROU-M-N,114.8,102.5
FREETROU-L-N,114.8,102.5
FREETROU-XL-N,114.8,102.5
FREETROU-2XL-N,114.8,102.5
BUNNJACK-S-L,553,494
BUNNJACK-M-L,553,494
BUNNJACK-L-L,553,494
BUNNJACK-XL-L,553,494
BUNNJACK-2XL-L,553,494
BUNNJACK-3XL-L,553,494
BUNNJACK-4XL-L,553,494
13-5XL-L,553,494
BUNNJACK-S-O,553,494
BUNNJACK-M-O,553,494
BUNNJACK-L-O,553,494
BUNNJACK-XL-O,553,494
BUNNJACK-2XL-O,553,494
BUNNJACK-3XL-O,553,494
BUNNJACK-4XL-O,553,494
13-5XL-O,553,494
BUNNJACK-S-N,553,494
BUNNJACK-M-N,553,494
BUNNJACK-L-N,553,494
BUNNJACK-XL-N,553,494
BUNNJACK-2XL-N,553,494
BUNNJACK-3XL-N,553,494
BUNNJACK-4XL-N,553,494
13-5XL-N,553,494
13-FR59J-S-N,924,825
13-FR59J-M-N,924,825
13-FR59J-L-N,924,825
13-FR59J-XL-N,924,825
13-FR59J-2XL-N,924,825
DISPCOVENONWOV-S-W,22,20
DISPCOVENONWOV-M-W,22,20
DISPCOVENONWOV-L-W,22,20
DISPCOVENONWOV-XL-W,22,20
DISPCOVENONWOV-2XL-W,22,20
DISPCOVENONWOV-3XL-W,22,20
DISPCOVENONWOV-S-B,22,20
DISPCOVENONWOV-M-B,22,20
DISPCOVENONWOV-L-B,22,20
DISPCOVENONWOV-XL-B,22,20
DISPCOVENONWOV-2XL-B,22,20
DISPCOVENONWOV-3XL-B,22,20
DISPOVERTYPE45-M-B,55,49
DISPOVERTYPE45-L-B,55,49
DISPOVERTYPE45-XL-B,55,49
DISPOVERTYPE45-2XL-B,55,49
DISPOVERTYPE45-3XL-B,55,49
"13-18""-18""-W",,
"13-18""-18""-B",,
"13-18""-18""-R",,
"13-18""-18""-G",,
"13-18""-18""-Y",,
"13-18""-18""-BLK",,
13-100260,1.4,1.25
13-100266,0.084,0.075
13-100266A-W,0.714,0.6375
13-100266B-B,0.714,0.6375
13-100266C-W,0.882,0.7875
13-100266D-B,0.91,0.8125
13-100360-G,33.6,30
13-100361-Y,33.6,30
13-100362-W,33.6,30
13-100363-R,33.6,30
13-1004749-B,7,6.25
13-1004749L-S-L,7,6.25
13-1004749L-M-L,7,6.25
13-1004749L-L,7,6.25
13-1004749L-XL-L,7,6.25
13-1004749L-2XL-L,7,6.25
13-1004749L-3XL-L,7,6.25
13-1004749O-S-O,7,6.25
13-1004749O-M-O,7,6.25
13-1004749O-L-O,7,6.25
13-1004749O-XL-O,7,6.25
13-1004749O-2XL-O,7,6.25
13-1004749O-3XL-O,7,6.25
PVCRUBBRAINSUI-S-N,127,114
PVCRUBBRAINSUI-M-N,127,114
PVCRUBBRAINSUI-L-N,127,114
PVCRUBBRAINSUI-XL-N,127,114
PVCRUBBRAINSUI-2XL-N,127,114
PVCRUBBRAINSUI-3XL-N,127,114
PVCRUBBRAINSUI-S-Y,127,114
PVCRUBBRAINSUI-M-Y,127,114
PVCRUBBRAINSUI-L-Y,127,114
PVCRUBBRAINSUI-XL-Y,127,114
PVCRUBBRAINSUI-2XL-Y,127,114
PVCRUBBRAINSUI-3XL-Y,127,114
PVCRUBBRAINSUI2-S-OLG,127,114
PVCRUBBRAINSUI2-M-OLG,127,114
PVCRUBBRAINSUI2-L-OLG,127,114
PVCRUBBRAINSUI2-XL-OLG,127,114
PVCRUBBRAINSUI2-2XL-OLG,127,114
PVCRUBBRAINSUI2-3XL-OLG,127,114
PVCRUBBRAINSUI3-S-N,147,131
PVCRUBBRAINSUI3-M-N,147,131
PVCRUBBRAINSUI3-L-N,147,131
PVCRUBBRAINSUI3-XL-N,147,131
PVCRUBBRAINSUI3-2XL-N,147,131
PVCRUBBRAINSUI3-3XL-N,147,131
PVCRUBBRAINSUI3-S-Y,147,131
PVCRUBBRAINSUI3-M-Y,147,131
PVCRUBBRAINSUI3-L-Y,147,131
PVCRUBBRAINSUI3-XL-Y,147,131
PVCRUBBRAINSUI3-2XL-Y,147,131
PVCRUBBRAINSUI3-3XL-Y,147,131
PVCRUBBRAINSUI4-S-OLG,147,131
PVCRUBBRAINSUI4-M-OLG,147,131
PVCRUBBRAINSUI4-L-OLG,147,131
PVCRUBBRAINSUI4-XL-OLG,147,131
PVCRUBBRAINSUI4-2XL-OLG,147,131
PVCRUBBRAINSUI4-3XL-OLG,147,131
PVCRUBBRAINSUI3-S-L,157,140
PVCRUBBRAINSUI3-M-L,157,140
PVCRUBBRAINSUI3-L-L,157,140
PVCRUBBRAINSUI3-XL-L,157,140
PVCRUBBRAINSUI3-2XL-L,157,140
PVCRUBBRAINSUI3-S-O,157,140
PVCRUBBRAINSUI3-M-O,157,140
PVCRUBBRAINSUI3-L-O,157,140
PVCRUBBRAINSUI3-XL-O,157,140
PVCRUBBRAINSUI3-2XL-O,157,140
PVCRUBBRAINCOA-S-Y,102,91
PVCRUBBRAINCOA-M-Y,102,91
PVCRUBBRAINCOA-L-Y,102,91
PVCRUBBRAINCOA-XL-Y,102,91
PVCRUBBRAINCOA-2XL-Y,102,91
PVCRUBBRAINCOA-3XL-Y,102,91
PVCRUBBRAINCOA-M-N,102,91
PVCRUBBRAINCOA-L-N,102,91
PVCRUBBRAINCOA-XL-N,102,91
PVCRUBBRAINCOA-2XL-N,102,91
PVCRUBBRAINCOA-3XL-N,102,91
SUEDLEATWELDJA-M-Y,546,488
SUEDLEATWELDJA-L-Y,546,488
SUEDLEATWELDJA-XL-Y,546,488
SUEDLEATWELDJA-2XL-Y,546,488
SUEDLEATWELDYO-M-Y,504,450
SUEDLEATWELDYO-L-Y,504,450
SUEDLEATWELDYO-XL-Y,504,450
SUEDLEATWELDYO-2XL-Y,504,450
CHROLEATWELDJA-M-CHROME,378,338
CHROLEATWELDJA-L-CHROME,378,338
CHROLEATWELDJA-XL-CHROME,378,338
CHROLEATWELDJA-2XL-CHROME,378,338
CHROLEATTROU-M-CHROME,378,338
CHROLEATTROU-L-CHROME,378,338
CHROLEATTROU-XL-CHROME,378,338
CHROLEATTROU-2XL-CHROME,378,338
13-900x600mm,108,96
13-600x1200mm,132,118
13-100124-M,180.6,161.25
13-100124-L,180.6,161.25
13-100124-XL,180.6,161.25
13-100124-2XL,180.6,161.25
13-100124-3XL,180.6,161.25
13-100124-4XL,180.6,161.25
13-100122,49,43.75
13-100123,98,87.5
8-100210-Y,240.8,215
8-100211-Y,266,237.5
8-100212-Y,399,356.25
8-100217-W,476,425
8-100218-W,725.2,647.5
8-1002181-W,1078,962.5
8-100225,2793,2493.75
TEC007202,21.994,19.6375
TEC007203,20.524,18.325
TEC007204,33.726,30.1125
TEC007205,20.524,18.325
TEC007206,33.726,30.1125
TEC0095,23.464,20.95
TEC007212,42.518,37.9625
TEC007216,21.994,19.6375
TEC007217,29.33,26.1875
TEC007218,33.726,30.1125
TEC007219,41.062,36.6625
TEC007220,86.52,77.25
TEC007221,99.708,89.025
TEC007222,21.994,19.6375
TEC007226,33.726,30.1125
TEC0072,51.324,45.825
TEC0073,42.518,37.9625
TEC0074,57.19,51.0625
TEC0075,61.586,54.9875
TEC0076,73.318,65.4625
TEC0077,95.312,85.1
TEC00771,101.178,90.3375
TEC0080-CL,23.464,20.95
TEC0081-G,23.464,20.95
TEC00811,23.464,20.95
TEC00815,21.994,19.6375
TEC00816-G,21.994,19.6375
TEC008161-BLK,21.994,19.6375
TEC0082,11.732,10.475
TEC0083,13.202,11.7875
TEC0084,13.202,11.7875
TEC0085,13.202,11.7875
TEC0086,20.524,18.325
TEC0087,48.384,43.2
TEC0088,23.464,20.95
TEC0089,36.652,32.725
TEC0090,10.262,9.1625
TEC0091,36.652,32.725
TEC0092,85.05,75.9375
TEC0097,27.86,24.875
13-100420,350,312.5
13-100421,378,337.5
13-100422,406,362.5
13-100422A,546,487.5
13-100423,616,550
13-1004231,651,581.25
13-100424,84,75
13-1004242,168,150
13-1004242A,210,187.5
13-1004243,266,237.5
13-1004245,98,87.5
13-1004233,210,187.5
MINECAPLAMPBEL-S-BLK,98,88
MINECAPLAMPBEL-M-BLK,98,88
MINECAPLAMPBEL-L-BLK,98,88
13-100419-B,168,150
ELASKIDNBELT-S-BLK,83,74
ELASKIDNBELT-M-BLK,83,74
ELASKIDNBELT-L-BLK,83,74
ELASKIDNBELT-XL-BLK,83,74
ELASKIDNBELT-2XL-BLK,83,74
13-1004801-BLK,40.6,36.25
13-1004802-BLK,36.4,32.5
13-1004803-BLK,28,25
13-1004804-BLK,46.2,41.25
13-1004805-BLK,36.4,32.5
13-100485-BLK,105,93.75
13-100600,742,662.5
13-100601,784,700
13-100602,287,256.25
13-100603,343,306.25
13-100604,476,425
13-100605,266,237.5
13-25-65mm-R,76,68
13-100801-R,74.2,66.25
13-2 x 2m,238,213
13-2 x 3m,357,319
13-3 x 3m,421,376
8-1 x 50m,2016,1800
13-100510-OY,266,237.5
13-100511-O,266,237.5
13-1005123-YBLK,93.8,83.75
13-100514-RW,25.2,22.5
13-100515-RW,70,62.5
13-1005152-RW,93.8,83.75
13-100513A-R,420,375
13-100513B-Y,420,375
13-100513C-SV,420,375
13-100513D-L,420,375
13-1005150-R,70,62.5
13-1005151-R,63,56.25
13-1005153-O,182,162.5
13-10051531-O,280,250
13-1005155-R,231,206.25
13-1005156-R,266,237.5
13-1005157-R,343,306.25
13-10051571-O,56,50
13-10051572-R,46.2,41.25
13-100516-BLK,91,81.25
13-100517-BLK,119,106.25
13-100518-O,105,93.75
13-1005181-O,182,162.5
13-100519-R,175,156.25
13-1005191-R,231,206.25
13-1005185-L,63,56.25
13-100520,42,37.5
13-100521,224,200
13-100522,812,725
13-100530,42,37.5
13-100531,138.6,123.75
13-100532,637,568.75
13-100502,40.6,36.25
13-1005154,91,81.25
13-1005158,63,56.25
13-1005159,82.6,73.75
13-1005160,112,100
13-100190,3.08,2.75
13-100191,3.22,2.875
13-100192,5.46,4.875
13-1001921,21,18.75
13-1001904,8.1,7.5
13-1001905,8.91,8.25
13-1001906,17.55,16.25
13-100193,105,93.75
13-100194,124.6,111.25
13-100196,42,37.5
13-100197,56,50
13-100198,49,43.75
13-100199,64.4,57.5
13-1001991,86.8,77.5
13-100130,3.08,2.75
13-100131,2.24,2
13-100132,3.22,2.875
13-100133,595,531.25
13-100134,13.3,11.875
13-1001353,0,0
13-100135,0,0
13-1001351,0,0
13-1004901-CL,0,0
13-100190-GY,3.08,2.75
13-1001480-CL,0,0
13-1001481-GY,0,0
13-1001482-G,0,0
13-1001483-AM,0,0
13-100159-B,0,0
13-100144-CL,0,0
13-100145-CL,0,0
13-1001451-CL,0,0
13-100146-CL,0,0
13-100150-G,0,0
13-100151-CL,0,0
13-100152-AM,0,0
13-100153-GY,0,0
13-100154-B,0,0
13-100155-G,0,0
13-100156-CL,0,0
13-100157-GY,0,0
13-100158-AM,0,0
13-100160-G,11.2,10
13-100161-CL,11.2,10
13-100162-BLK,11.2,10
13-100163-AM,11.2,10
13-100390-AM,11.62,11.205
13-100400-W,24.5,23.625
13-100401-B,18.06,17.415
13-100402-G,18.06,17.415
13-100403-R,18.06,17.415
13-100404-Y,18.06,17.415
13-100405-O,18.06,17.415
13-100406-BLK,18.06,17.415
13-100407-GY,18.06,17.415
13-100408-P,18.06,17.415
13-1004081-L,18.06,17.415
13-100409-W,32.2,31.05
13-100410-B,32.2,31.05
13-100411-G,32.2,31.05
13-100412-O,32.2,31.05
13-100413-R,32.2,31.05
13-100414-Y,32.2,31.05
13-100414A1-W,91,87.75
13-100414A2-B,91,87.75
13-100414A3-G,91,87.75
13-100414A4-O,91,87.75
13-100414A5-R,91,87.75
13-100414A6-Y,91,87.75
13-100414B1-W,30.8,27.5
13-100414B2-B,30.8,27.5
13-100414B3-G,30.8,27.5
13-100414B4-R,30.8,27.5
13-100414B5-Y,30.8,27.5
13-100414B6-O,30.8,27.5
13-100169-BLK,109.2,97.5
13-1001691-N,109.2,97.5
13-100174-L,79.8,71.25
13-100175-O,79.8,71.25
13-1001692-O,96.6,86.25
13-1001693-L,96.6,86.25
13-100170-L,110.6,98.75
13-100171-O,110.6,98.75
13-100172-L,40.6,36.25
13-100173-O,40.6,36.25
13-100178-CAM,49,43.75
13-100179-O,49,43.75
13-100180-BE,49,43.75
13-100181-N,49,43.75
13-100182-BLK,49,43.75
13-100183-G,49,43.75
13-100184-BLK,29.4,26.25
13-100185-N,29.4,26.25
13-100186-RYB,29.4,26.25
13-100187-R,29.4,26.25
13-100188-G,29.4,26.25
13-1001663,138.6,123.75
13-1001664,138.6,123.75
13-1001665,72.8,65
13-1001666,72.8,65
13-100165,60.2,53.75
13-100166,28,25
13-100164,63,56.25
13-1001641,26.6,23.75
13-1001660,63,56.25
13-1001662,222.6,198.75
13-100101,95.2,85
13-100102,84,75
13-100103,68.6,61.25
13-1001031,138.6,123.75
13-1001022,60.2,53.75
13-100104,114.8,102.5
13-100105,60.2,53.75
13-100106,44.8,40
13-100109,81.2,72.5
13-100110,47.6,42.5
13-100111,33.6,30
13-100326,84,75
13-100113,75.6,67.5
13-100115,39.2,35
13-100114,64.4,57.5
13-1001151,54.6,48.75
13-1001131,37.8,33.75
13-1001132,43.4,38.75
13-100116,23.8,21.25
13-1001161,36.4,32.5
13-1001162,32.2,28.75
13-1001163,46.2,41.25
13-100060-SV,966,862.5
13-100296-GBLK,154,137.5
13-100300,9.8,8.75
13-100301,18.2,16.25
13-100302,14,12.5
13-100290-W,7,6.25
13-100291-BLK,9.8,8.75
13-100320,13.3,11.875
13-100321,19.6,17.5
13-100322,22.4,20
13-100323,26.6,23.75
13-1003231,25.2,22.5
13-1003232,35,31.25
13-1003233,40.6,36.25
13-1003234,47.6,42.5
13-1003237,22.4,20
13-1003238,35,31.25
13-10032381,32.2,28.75
13-1003239,36.4,32.5
13-10032391,51.8,46.25
13-10032392,65.8,58.75
13-10032393,77,68.75
13-100323A,44.8,40
13-100323B,54.6,48.75
13-100323C,37.8,33.75
13-1003245,84,75
13-1003246,56,50
13-100325,42,37.5
13-1003251,54.6,48.75
13-1003252,68.6,61.25
13-100333-11,19.6,17.5
13-100334,35,31.25
13-100350,30.8,27.5
13-1003501,63,56.25
13-1003491,43.4,38.75
13-1003492,70,62.5
13-100348,14,12.5
13-100327,16.8,15
13-100324,13.3,11.875
13-100117,22.4,20
13-100119C,22.4,20
13-100305-B,22.4,20
13-1003051,25.2,22.5
13-100306-Y,23.8,21.25
13-100329,9.8,8.75
13-100330,9.8,8.75
13-100331,9.8,8.75
13-100332,9.8,8.75
13-1003351,84,75
13-1003352,84,75
13-1003355,54.6,48.75
13-1003356,54.6,48.75
13-100337,107.8,96.25
13-100338,107.8,96.25
13-100341,110.6,98.75
13-100342,110.6,98.75
13-100118-W,4.2,3.75
13-100119-GY,4.2,3.75
13-100119A,5.6,5
13-100119B,8.4,7.5
13-1003240,16.8,15
13-AUST-4-BR,413,369
13-AUST-5-BR,413,369
13-AUST-6-BR,413,369
13-AUST-7-BR,413,369
13-AUST-8-BR,413,369
13-AUST-9-BR,413,369
13-AUST-10-BR,413,369
13-AUST-11-BR,413,369
13-AUST-12-BR,413,369
13-AUSTK-4-BLK,413,369
13-AUSTK-5-BLK,413,369
13-AUSTK-6-BLK,413,369
13-AUSTK-7-BLK,413,369
13-AUSTK-8-BLK,413,369
13-AUSTK-9-BLK,413,369
13-AUSTK-10-BLK,413,369
13-AUSTK-11-BLK,413,369
13-AUSTK-12-BLK,413,369
13-ROKL-3-BLK,245,219
13-ROKL-4-BLK,245,219
13-ROKL-5-BLK,245,219
13-ROKL-6-BLK,245,219
13-ROKL-7-BLK,245,219
13-ROKL-8-BLK,245,219
13-ROKL-9-BLK,245,219
13-ROKL-10-BLK,245,219
13-ROKL-11-BLK,245,219
13-ROKL-12-BLK,245,219
13-ROKO-3-BLK,259,231
13-ROKO-4-BLK,259,231
13-ROKO-5-BLK,259,231
13-ROKO-6-BLK,259,231
13-ROKO-7-BLK,259,231
13-ROKO-8-BLK,259,231
13-ROKO-9-BLK,259,231
13-ROKO-10-BLK,259,231
13-ROKO-11-BLK,259,231
13-ROKO-12-BLK,259,231
13-KIRI-3-BLK,237,211
13-KIRI-4-BLK,237,211
13-KIRI-5-BLK,237,211
13-KIRI-6-BLK,237,211
13-KIRI-7-BLK,237,211
13-KIRI-8-BLK,237,211
13-KIRI-9-BLK,237,211
13-KIRI-10-BLK,237,211
13-KIRI-11-BLK,237,211
13-KIRI-12-BLK,237,211
13-SOLO-3-BLKO,588,525
13-SOLO-4-BLKO,588,525
13-SOLO-5-BLKO,588,525
13-SOLO-6-BLKO,588,525
13-SOLO-7-BLKO,588,525
13-SOLO-8-BLKO,588,525
13-SOLO-9-BLKO,588,525
13-SOLO-10-BLKO,588,525
13-SOLO-11-BLKO,588,525
13-SOLO-12-BLKO,588,525
13-ROXI-3-BLKP,364,325
13-ROXI-4-BLKP,364,325
13-ROXI-5-BLKP,364,325
13-ROXI-6-BLKP,364,325
13-ROXI-7-BLKP,364,325
13-ROXI-8-BLKP,364,325
13-KUKKA-4-BLK,315,281
13-KUKKA-5-BLK,315,281
13-KUKKA-6-BLK,315,281
13-KUKKA-7-BLK,315,281
13-KUKKA-8-BLK,315,281
13-KUKKA-9-BLK,315,281
13-KUKKA-10-BLK,315,281
13-KUKKA-11-BLK,315,281
13-KUKKA-12-BLK,315,281
13-SOBR-4-BLK,630,563
13-SOBR-5-BLK,630,563
13-SOBR-6-BLK,630,563
13-SOBR-7-BLK,630,563
13-SOBR-8-BLK,630,563
13-SOBR-9-BLK,630,563
13-SOBR-10-BLK,630,563
13-SOBR-11-BLK,630,563
13-SOBR-12-BLK,630,563
13-5-BLK,265,236
13-6-BLK,265,236
13-7-BLK,265,236
13-8-BLK,265,236
13-9-BLK,265,236
13-10-BLK,265,236
13-11-BLK,265,236
13-12-BLK,265,236
13-KURT-5-BR,854,763
13-KURT-6-BR,854,763
13-KURT-7-BR,854,763
13-KURT-8-BR,854,763
13-KURT-9-BR,854,763
13-KURT-10-BR,854,763
13-KURT-11-BR,854,763
13-RAM-3-GY,462,413
13-RAM-4-GY,462,413
13-RAM-5-GY,462,413
13-RAM-6-GY,462,413
13-RAM-7-GY,462,413
13-RAM-8-GY,462,413
13-RAM-9-GY,462,413
13-RAM-10-GY,462,413
13-RAM-11-GY,462,413
13-RAM-12-GY,462,413
13-STEIN-5-BR,644,575
13-STEIN-6-BR,644,575
13-STEIN-7-BR,644,575
13-STEIN-8-BR,644,575
13-STEIN-9-BR,644,575
13-STEIN-10-BR,644,575
13-STEIN-11-BR,644,575
13-DOTGE-4-BLK,98,84
13-DOTGE-5-BLK,98,84
13-DOTGE-6-BLK,98,84
13-DOTGE-7-BLK,98,84
13-DOTGE-8-BLK,98,84
13-DOTGE-9-BLK,98,84
13-DOTGE-10-BLK,98,84
13-DOTGE-11-BLK,98,84
13-DOTGE-12-BLK,98,84
13-DOTLEO-6-BLK,133,119
13-DOTLEO-7-BLK,133,119
13-DOTLEO-8-BLK,133,119
13-DOTLEO-9-BLK,133,119
13-DOTLEO-10-BLK,133,119
13-DOTLEO-11-BLK,133,119
13-DOTLEO-12-BLK,133,119
13-DOTSCO-6-W,140,125
13-DOTSCO-7-W,140,125
13-DOTSCO-8-W,140,125
13-DOTSCO-9-W,140,125
13-DOTSCO-10-W,140,125
13-DOTSCO-11-W,140,125
13-DOTSCO-12-W,140,125
13-100486,33.6,30
13-1004861,40.6,36.25
13-1004862,130.2,116.25
13-1004863,33.6,30
13-100265,0.462,0.4125
13-100501,51.8,46.25
13-100070-SVY,315,281.25
K-MSK-FFP1-Pion,6345,5875
K-MSK-FFP2-Pion,81,75
K-MSK-FFP2V-Pion,1135,105
K-MSK-FFP2FF-Pion,100,925
K-MSK-FFP2FFV-Pion,702,65
K-MSK-FFP3FF-Pion,145,135
K-MSK-FFP3FFV-Pion,159,145
K-MSK-FFP2FFAC-Pion,27864,258
K-MSK-FFP3FFAC-Pion,45,42
BWF001-O,46.2,41.25
BWS001-R,46.2,41.25
RFR-001-R,64.4,57.5
RFR-002-R,78.4,70
V014-Y-L,27,21.9125
V014-O,27,21.9125
V015-Y-L,29,25.175
V015-O,29,25.175
V016-Y-L,79,68.425
V017-Y-L,39,33.575
V040-L,69,59.8375
V023O-O,55,47.5375
V020-P,69,59.575
V021-R,69,59.575
V022-B,69,59.575
V013-N,69,59.575
V018-EMG,69,59.575
V033-Y,69,59.575
V034-BKG,69,59.575
V041-BLK,69,59.575
V032-LO,69,59.6125
V042-L,198,172.975
V024Y-L,65,56.1875
V031Y-L,65,56.1875
V037,47,40
V038,98,83
V035-ON,189,165.2875
V036-LN,189,165.2875
V050-L,459,406.25
V051-LO,495,437.5
V025-LO,198,172.975
V027-LO,189,165.2875
V030,279,244.725
V039-LN,289,253.6875
V026-O,193,169.125
V026Lime-L,193,169.125
O-O,49.9,43.5625
V003-O,798,717.5
V004-L,798,717.5
V005-N,798,717.5
V043-ON,839,743.75
V044-LN,839,743.75
V045-P,839,743.75
V046-BLK,839,743.75
V001-L,765,680
V002-N,765,680
V006-ON,795,708.75
V007-LN,795,708.75
V010-L,1290,1203.75
V008-NVB,498,452.5
V009-NVB,298,268.75
PW001-BLK,629,563.75
PW002-N,629,563.75
EV001-BLK,659,593.75
PT001-K,739,658.75
PT002-N,739,658.75
PT003,879,791.25
EV003-YN,415,368.75
EV004-ON,415,368.75
R005-Y,249,220
R004-N,249,220
R006-N,498,466.25
R007-NO,750,687.5
RN-N,169,147.375
RY-Y,169,147.375
RG-OLG,169,147.375
RBK-BLK,169,147.375
PONCHO-N,95,81
RRN-N,195,171.75
RRY-Y,195,171.75
RRL-L,198,175.5
RRO-O,198,175.5
RCY-Y,125,109.875
RCO-O,125,109.875
RCN-N,125,109.875
R001-Y,159,139.875
V019-L,109,93.875
A016,105,88.375
A017,55,46.125
A015-M-XL,249,220.375
A015-2XL,249,220.375
A015-3XL,249,220.375
A015-4XL,249,220.375
A018,139,125.625
A018B,159,139.625
A023-L,1350,1312
A023-XL,1350,1312
A023-2XL,1350,1312
A023-3XL,1350,1312
A013-RBLK,259,229.375
A014-Y,329,294.75
A022M-XL,439,397.25
A022XXL-3XL,439,397.25
A022-4XL,439,397.25
A012M-XL,439,397.25
A012-2XL-3XL,439,397.25
A100-2XL-B,850,812.5
PVC-APRON-HD-ARG,49.021,41.125
PVC-APRON-HDY-Y,49.021,41.125
PVC-APRON-600G-W,49.021,41.125
PVC-APRON-B,49,41
PVC-APRON-ORG-O,49.021,41.125
PVC-APRON-B&F-W,113.0165,94.8125
A025-W,44,35.75
A025-B,44,35.75
A025-R,44,35.75
A025-P,44,35.75
A025-G,44,35.75
A002-CL,17.5,15.4625
A003-B,105,92.0625
A004,115,99.875
A028,92,79.0625
A033-W,42,35
A033-B,42,35
A044-W,42,43.75
A042,83,71.25
A043,89,77.5
TS-100CT145-WH-W,75,65.425
TS-100CT145-BK-BLK,75,65.425
TS-100CT145-NB-N,75,65.425
TS-100CT145-RB-RYB,75,65.425
TS-100CT145-RD-R,75,65.425
TS-100CT145-BG-G,75,65.425
TS-100CT145-LY-LMY,75,65.425
TS-100CT145-GY,75,65.425
PW003-S-4XL-N,419,368
PW004-S-4XL-NO,419,368
PW005-S-4XL-NSKB,419,368
PW006-S-4XL-NY,419,368
PW007-S-4XL-NL,419,368
PW013-S-4XL-GARG,419,368
PW014-S-4XL-NELB,419,368
PW008-S-4XL-N,399,355
PW009-S-4XL-NO,399,355
PW010-S-4XL-NSKB,399,355
PW011-S-4XL-NY,399,355
PW012-S-4XL-NL,399,355
D59AF-J-32-44,325,287.5
D59AF-J-46,325,287.5
D59AF-J-48,325,287.5
D59AF-J-50,325,287.5
D59AF-J-52,325,287.5
D59AF-J-54,325,287.5
D59AF-J-56,325,287.5
D59AF-T-28-40,329,287.5
D59AF-T-42,329,287.5
D59AF-T-44,329,287.5
D59AF-T-46,329,287.5
D59AF-T-48,329,287.5
D59BS-32-44,630,562.5
D59BS-46,695,618.75
D59BS-48,725,646.875
D59BS-50,760,675
D59BS-52,790,703.125
D59BS-54,820,731.25
D59BS-56,850,759
D59BS-58,970,860.3125
CS001-32-44-KBTG,229,206.25
CS001-46-KBTG,255,226.875
CS001-48-KBTG,265,237.1875
CS001-50-KBTG,275,247.5
CS001-52-KBTG,290,257.8125
CS001-54-KBTG,299,268.125
CS001-56-KBTG,315,278.4375
CS001-58-KBTG,325,288.75
CS002-32-44-KNVB,235,206.25
CS002-46-KNVB,235,206.25
CS002-48-KNVB,269,236.875
CS002-50-KNVB,279,247.5
CS002-52-KNVB,298,257.8125
CS002-54-KNVB,305,268.125
CS002-56-KNVB,315,278.4375
CS002-58-KNVB,325,288.75
KNS-RB-32-44-RYB,139,123.75
KNS-RB-46-RYB,155,136.125
KNS-RB-48-RYB,159,142.3125
KNS-RB-50-RYB,169,148.5
KNS-RB-52-RYB,175,154.6875
KNS-RB-54-RYB,190,170.2
KNS-RB-56-RYB,199,177.8875
KNS-NB-32-44-NVBRWGYBLK,142,126.25
KNS-NB-46-NVBRWGYBLK,155,138.875
KNS-NB-48-NVBRWGYBLK,163,145.1875
KNS-NB-50-NVBRWGYBLK,169,151.5
KNS-NB-52-NVBRWGYBLK,176,157.8125
KNS-NB-54-NVBRWGYBLK,195,173.6
KNS-NB-56-NVBRWGYBLK,205,181.4875
CSB32-44-RYB,165,146.25
CSB46-RYB,180,160.875
CSB48-RYB,189,168.1875
CSB50-RYB,196,175.5
CSB52-RYB,205,182.8125
CSB54-RYB,215,190.125
CSB56-RYB,225,197.4375
CSB58-RYB,229,204.75
CSB60-RYB,238,212.0625
CSB-REF32-44-RYB,199,180
CSB-REF46-RYB,219,198
CSB-REF48-RYB,229,207
CSB-REF50-RYB,239,216
CSB-REF52-RYB,255,225
CSB-REF54-RYB,265,234
CSB-REF56-RYB,275,243
CSB-REF58-RYB,285,252
CSB-REF60-RYB,295,261
COLORS-32-44,179,160
COLORS-46,179,160
COLORS-48,179,160
COLORS-50,179,160
COLORS-52,179,160
COLORS-54,179,160
COLORS-56,179,160
COLORS-58,179,160
COLORS-60,179,160
CSD32-44-NVB,259,227.5
CSD-46-NVB,280,250
CSD-48-NVB,295,262
CSD-50-NVB,305,273
CSD-52-NVB,390,347
CSD-54-NVB,389,296
CSD-56-NVB,345,307
CSD-58-NVB,355,319
CSD-60-NVB,369,330
CSJ54-32-44-RYB,309,275
CSJ54-46-RYB,339,302.5
CSJ54-48-RYB,355,316.25
CSJ54-50-RYB,369,330
CSJ54-52-RYB,385,343.75
CSJ54-54-RYB,399,357.5
CSJ54-56-RYB,415,371.25
CSJ54-58-RYB,429,385
CSJ54-60-RYB,446,398.75
CS006/7-32-44-EMGK,319,287.5
CS006/7-46-EMGK,319,287.5
CS006/7-48-EMGK,319,287.5
CS006/7-50-EMGK,319,287.5
CS006/7-52-EMGK,319,287.5
CS006/7-54-EMGK,319,287.5
CS006/7-56-EMGK,319,287.5
CS006/7-58-EMGK,319,287.5
CSN-J54-32-44-N,319,288
CSN-J54-46-N,355,316
CSN-J54-48-N,369,331
CSN-J54-50-N,385,345
CSN-J54-52-N,399,359
CSN-J54-54-N,419,374
CSN-J54-56-N,435,388
CSN-J54-58-N,449,403
CSN-J54-60-N,469,417
CSGF32-44-G,539,481.25
CSGF46-G,592,529.375
CSGF48-G,619,553.4375
CSGF50-G,645,577.5
CSGF52-G,675,601.5625
CSGF54-G,699,625.625
CSGF56-G,729,649.6875
CSGF58-G,755,673.75
CSGF60-G,782,697.8125
CSA32-44-G,249,225
CSA46-G,279,247.5
CSA48-G,289,258.75
CSA50-G,299,270
CSA52-G,315,281.25
CSA54-G,329,292.5
CSA56-G,339,303.75
CSA58-G,355,315
CSA60-G,365,326.25
CS004,294,262.5
BSRB,195,173.75
CS005-32-44-RYB,115,118.75
CS005-46-RYB,146,130.625
CS005-48-RYB,152,136.5625
CS005-50-RYB,159,142.5
CS005-52-RYB,165,148.4375
CS010/11/14-32-44-GGYN,155,137.5
CS010/11/14-46-GGYN,155,137.5
CS010/11/14-48-GGYN,155,137.5
CS010/11/14-50-GGYN,155,137.5
CS008-32-44-W,155,137.5
CS008-46-W,169,151.25
CS008-48-W,179,158.125
CS008-50-W,185,165
PNBT,425,377.5
LMD600,419,372.5
PB001-BLK,599,539
PB001-BR,599,539
KONO,395,353.75
PB003,465,417.5
EVBT001,649,581.25
EVBT002,639,568.75
EVBT003-BLK,1250,1146.25
EVBT003-BRN-BR,1250,1146.25
BG-BATA,149,131.25
BGS,274.4,245
BGWR,203,181.25
7863A,38,33.4375
7863B,35,30.8125
EP004,3.1725,2.9375
EP005,4.05,3.75
AT7000,90,80.2125
EP006-1,5.67,5.25
EP021,2.4975,2.3125
EP022,3.51,3.25
EP023,21.5325,19.9375
EP024,40.5,37.5
RS001,3850,3437.5
RS006,602.7,538.125
RS005,89.6,80
RS002,99.4,88.75
RS003,71.4,63.75
RS004,72.8,65
RS007,113.4,101.25
RS008,142.8,127.5
RS010,263.2,235
H001-W,19.53,17.4375
H001-B,19.53,17.4375
H001-Y,19.53,17.4375
H001-R,19.53,17.4375
H001-G,19.53,17.4375
H001-O,19.53,17.4375
H001-GL,19.53,17.4375
H001-BLK,19.53,17.4375
H001-SAB,15.442,13.7875
H001-P,15.442,13.7875
H001-LIME,33.74,30.125
H003,28.588,25.525
H001,15.442,13.7875
NIKKI,100.8,90
TUFF,86.8,77.5
H017,490,437.5
H001-FACE,44.1,39.375
CHIN02,14.714,13.1375
CHIN03,35.728,31.9
CHIN04,37.59,33.5625
H006-BLK,96,85
H006-N,96,85
BALACAVA,56,50
DC005,39.2,35
H012-BLK,33.6,30
H012-NB-NVB,33.6,30
H012-RB-RYB,33.6,30
H012-R,33.6,30
H007-O,104.188,93.025
H008-L,104.188,93.025
H010,105.98,94.625
H015-L,101.892,90.975
H016-O,101.892,90.975
SB001-L,123.2,110
SB002-L,131.32,117.25
SB003-O,123.41,110.1875
SB004-O,131.32,117.25
SKULLCAP,38.752,34.6
WHFR01,80.595,72.76071825
WHFR02,80.595,72.76071825
EP001-O,4.088,3.65
EP001-1-O,4.088,3.65
EP-DISP,627.2,560
EP200,1097.6,980
EP201,2.478,2.2125
EP202,4.102,3.6625
EP203,4.102,3.6625
EP204,7.756,6.925
EP205,7.714,6.8875
EP206,50.232,44.85
EP001-BAND,25.326,22.6125
EP002-R,35.588,31.775
EP040-B,66.01,58.9375
EP007,144.2,128.75
EP300-B,86.1,76.875
EP301-R,150.682,134.5375
EP302-R,220.99,197.3125
EP303-ARG,150.682,134.5375
EP305-BR,150.682,134.5375
EP304-BBL,239.652,213.975
EP400,1231.23,1099.3125
PV006,28.7,25.625
PV007,21.532,19.225
SG010,78.848,70.4
SG002-B,92.414,82.5125
SG013-CL,134.89,120.4375
SG013GL-GY,134.89,120.4375
SG014-CL,107.632,96.1
SG014GL-GY,107.632,96.1
SG015-CL,117.67,105.0625
PV011,49.504,44.2
PV001-CL,27.916,24.925
PV001-G,27.916,24.925
PV001-A-AM,27.916,24.925
PV001-GL-GY,27.916,24.925
PV001-AFOG-CL,44.632,39.85
PV016,53.676,47.925
PV002-CL,26.838,23.9625
PV002-G,26.838,23.9625
PV002-A-AM,26.838,23.9625
SG004-BR,17.892,15.975
PV002-AFOG-CL,35.882,32.0375
PV003-CL,25.466,22.7375
PV003-G,25.466,22.7375
PV003-A-AM,25.466,22.7375
PV003-GL-GY,25.466,22.7375
PV003-M-SV,37.59,33.5625
PV003-AFOG-CL,57.33,51.1875
PV003A-AFOG-AM,40.614,36.2625
PV008-CL,67.088,59.9
PV008A-AM,67.088,59.9
PV008GL-GY,67.088,59.9
PV008BM-B,67.088,59.9
PV009-CL,37.31,33.3125
PV009GL-GY,37.31,33.3125
PV009M,37.31,33.3125
PV010-CL,35,31.25
PV010-GL-GY,35,31.25
PV012-CL,42.532,37.975
PV004-CL,39.606,35.3625
PV004-GL-G,39.606,35.3625
SG012-CL,34.874,31.1375
SG012G-G,34.874,31.1375
SG012A-AM,34.874,31.1375
SG012GL-GY,34.874,31.1375
SG001-B,15.568,13.9
SG001-D,20.664,18.45
SG002,32.144,28.7
SG003,22.596,20.175
SG004-CL,17.892,15.975
SG004-G,17.892,15.975
SG004-A-AM,17.892,15.975
SG006-CL,14.784,13.2
SG006-G,14.784,13.2
SG006-A-AM,14.784,13.2
SG006-GL-GY,14.784,13.2
SG007-CL,13.916,12.425
SG007-G,13.916,12.425
SG007-A-AM,13.916,12.425
SG007-GL-GY,13.916,12.425
SG007-B,13.916,12.425
SG007-M-SV,22.596,20.175
SG009B-B,10.724,9.575
SG009GL-GY,10.724,9.575
SC001,7.168,6.4
SC002,11.144,9.95
WH007-CL,80.595,72.76071825
WH007-COVER-CL,80.595,72.76071825
WH019-ALU,80.595,72.76071825
WH030,80.595,72.76071825
WH030-COVER,80.595,72.76071825
WH017-CL,80.595,72.76071825
WH018-G,80.595,72.76071825
WH017-COVER-CL,80.595,72.76071825
WH018-COVER-CL,80.595,72.76071825
WH001,80.595,72.76071825
WH025,80.595,72.76071825
WH001-PION,80.595,72.76071825
WH001-HA,80.595,72.76071825
WH004,80.595,72.76071825
WH003,80.595,72.76071825
WH005-11,80.595,72.76071825
WH005,80.595,72.76071825
WH006,80.595,72.76071825
WH006P,80.595,72.76071825
WH001ANBK-MTB,80.595,72.76071825
WH001ABBK-MTB,80.595,72.76071825
WH100-MTB,80.595,72.76071825
WH001AO,80.595,72.76071825
WH001ANBQ,80.595,72.76071825
WH001ARC,80.595,72.76071825
WH001LENS1,80.595,72.76071825
WH001LENS2,80.595,72.76071825
G061,189.42,169.125
G062,81.802,73.0375
G065,107.632,96.1
G118,107.632,96.1
G125,80.36,71.75
G115,133.462,119.1625
G136,62.426,55.7375
G117,63.14,56.375
G137,98.294,87.7625
G138,107.632,96.1
G139,123.41,110.1875
G140,143.5,128.125
G141,259.742,231.9125
G063,213.822,190.9125
G069,275.52,246
G124O-O,124.852,111.475
G124S-SV,124.852,111.475
G122,268.352,239.6
G121,261.17,233.1875
G129,223.86,199.875
G130,157.85,140.9375
G103,269.78,240.875
G131,156.422,139.6625
G132,159.292,142.225
G123,419.02,374.125
G142,261.17,233.1875
G148,117.67,105.0625
G604,28.126,25.1125
G605,42.546,37.9875
G606,30.142,26.9125
G048,34.944,31.2
G019,14.854,13.2625
G057,28.63,25.5625
G111,33.656,30.05
G113,33.656,30.05
G074,39.606,35.3625
G112,53.816,48.05
G109,36.596,32.675
G128,61.712,55.1
G114,75.054,67.0125
G110,41.972,37.475
G133,31.29,27.9375
G134,70.322,62.7875
G106,50.512,45.1
G108,80.57,71.9375
G804,42.546,37.9875
G2028,189.42,169.125
G1028,101.528,90.65
G143,72.464,64.7
G147,80.36,71.75
G144,132.734,118.5125
G145-L,147.812,131.975
G145-XL,147.812,131.975
G146-L,132.734,118.5125
G146-XL,132.734,118.5125
G097,172.2,153.75
G098,317.142,283.1625
G099,317.142,283.1625
G100,271.222,242.1625
G200-B,271.222,242.1625
G300,169.33,151.1875
G400-O,103.32,92.25
G071,77,68.75
GLOVEPAD01,147,131.25
GDF02,62.706,55.9875
G1041,92.554,82.6375
G006-S,116.956,104.425
G023-R-G,84.672,75.6
G022R-G,81.802,73.0375
G022-S-G,140.35,125.3125
G1026-B,103.04,92
G029-R,81.802,73.0375
G1040-R,175.07,156.3125
G005-CD,30.856,27.55
G003,52.234,46.6375
G009-B,41.762,37.2875
G012-XL,86.534,77.2625
G012-3XL,101.528,90.65
G052,119.392,106.6
G072,149.24,133.25
G012-1-sz8,48.51,43.3125
G012-1-sz9,48.51,43.3125
G012-1,48.51,43.3125
G012-1-3XL,73.192,65.35
G025-Y,73.192,65.35
G012-2,77.49,69.1875
G023-G,57.974,51.7625
G022-G,74.41,66.4375
G030,36.946,32.9875
G006,56.392,50.35
G005-AP,50.652,45.225
G1025,34.23,30.5625
G006-AP,74.62,66.625
G002-P-P-CD,40.32,36
G012-P,52.234,46.6375
G012-3-CR,70.098,62.5875
G010-CD,41.09,36.6875
G020,75.334,67.2625
G004-A-B,76.258,68.0875
G090-G,32.004,28.575
G093-G,42.686,38.1125
G094-G,60.27,53.8125
G095-G,65.506,58.4875
G091-RG,65.506,58.4875
G092-RG,75.054,67.0125
G621-O,63.07,56.3125
G622-O,72.464,64.7
G603-BLK,236.6,211.25
G013-R,19.88,17.75
G014-R,25.326,22.6125
G016-R,35.798,31.9625
G015-R,40.18,35.875
G016-S-R,62.426,55.7375
G013-G-R,41.048,36.65
G014-G-R,51.66,46.125
G016-G-R,57.4,51.25
G096-BR,39.466,35.2375
G077-BR,45.416,40.55
G078-BR,60.27,53.8125
G079-BR,65.646,58.6125
G080-BR,71.68,64
G081-BR,159.292,142.225
G088-G,77.49,69.1875
G085-BLK,47.502,42.4125
G630-O,69.748,62.275
G631-O,73.108,65.275
G041-O,83.594,74.6375
G041-30-O,110.138,98.3375
G017-G,23.674,21.1375
G002-Y,29.638,26.4625
G032-Y,33.586,29.9875
G045-Y,35.448,31.65
G046-Y,38.458,34.3375
G047-Y,112.574,100.5125
G031-Y,13.062,11.6625
G049-P,27.832,24.85
G033-G,30.856,27.55
G021-R,15.708,14.025
G004-L,15.708,14.025
G089-O,16.366,14.6125
G084-Y,28.126,25.1125
G039-B,35.588,31.775
G040-B,38.388,34.275
G035-RW,18.438,16.4625
G018-BLK,20.09,17.9375
G042-BLK,42.91,38.3125
G043-BLK,126.28,112.75
G036-T-BLK,82.866,73.9875
G036-BLK,119.112,106.35
G051-W,132.02,117.875
G054-W,132.02,117.875
G076-B,133.462,119.1625
G059-W,121.982,108.9125
G055-W,15.358,13.7125
G056-BLK,16.366,14.6125
G126-BLKW,25.76,23
G050,5.026,4.4875
G050-800,11.116,9.925
G034-G-GY,5.74,5.125
G170,11.41,10.1875
G171,14.644,13.075
G172-PD,14.14,12.625
G034-PD,12.698,11.3375
G034-S-PD,11.41,10.1875
G105,80.36,71.75
G104,99.736,89.05
G101,165.032,147.35
G160,1076.25,960.9375
G067,1417.78,1265.875
GCLIP01,20.804,18.575
HD01,22.26,19.875
HD02,806.47,720.0625
G102,145.53,129.9375
G007-S,23.52,21
G058,44.1,39.375
FAP001,476,425
FAP002,567,506.25
FAP003,588,525
FAP004,672,600
FAP018,420,375
FAP005,1162,1037.5
FAP014,1863.4,1663.75
FAP015,3150,2812.5
FAP006,98,87.5
FAP007,72.8,65
FAP016,714,637.5
FAP017,868,775
FAP008,3710,3312.5
FAP009,4074,3637.5
FAP010,5482.4,4895
FAP011,6108.2,5453.75
FAP012,9398.2,8391.25
FAP013,11748.8,10490
BELT001-BLK,91,81.25
BELT002-N,91,81.25
BELT003-BLK,75.6,67.5
BELT004,105,93.75
BELT005,140,125
BELT006,161,143.75
BELT007,385,343.75
BELT008,441,393.75
BELT009,539,481.25
LEG01,693,618.75
LEG02,553,493.75
BAG001,257.81,230.1875
BAG002,275.59,246.0625
BAG003,444.5,396.875
A034-BLK,103.32,92.25
A036-BLK,156.422,139.6625
A036-K1-O,144.2,128.75
A065-BLK,115,103
A037-BLK,161,143.75
A039-CL,67.2,60
A038,287,256.25
RS009,686,612.5
RS009-1,259,231.25
RS009-2,728,650
RS009-3,301,268.75
RS011,441,393.75
SEC002-SV,364,325
SEC003,88.2,78.75
SEC005,19.6,17.5
RAGS-POLO-MU,24.5,21.875
WET-FLOOR-Y,80.595,72.76071825
EP008-O,334.362,298.5375
EP009-O,454.902,406.1625
EP009-YO-OY,309.96,276.75
BT-100-RW,38.752,34.6
BT-500-RW,109.06,97.375
BT500-YB-YBLK,109.06,97.375
EP030-R,901.6,805
EP031-Y,901.6,805
EP032-W,901.6,805
EP033-Y,119,106.25
TC500-E-R,103.6,92.5
TC300-P-O,92.4,82.5
TC1800-P-R,1180.2,1053.75
TC001-R,365.4,326.25
TC-400-O,123.2,110
TC450-P-L,131.6,117.5
TC700-P-L,224,200
EP013-R,63,21.9125
EP014-R,116.2,21.9125
BW01-R,231,206.25
BW02-R,273,243.75
BW03-R,351.4,313.75
L002,212.8,190
V023Y,55,47.5375
UVH-PR-FRZ-ST,425,
KITCB-5l,24,22
KITCB-25l,141,135
KITDW-5l,16.5,15.4
KITDW-25l,16.5,15.4
KITDWD-5l,21,19.6
KITDWD-25l,21,19.6
KITDWE-5l,24,22.4
KITDWE-25l,24,22.4
KITABD-5l,87,81.2
KITABD-25l,87,81.2
KITDWP-5l,52.8,49.28
KITDWP-25l,52.8,49.28
KITDS-5l,76.035,70.966
KITRA-5l,52.5,49
KITRA-25l,52.5,49
LPTB-5l,59.25,55.3
LPTB-25l,59.25,55.3
KITMT-5l,76.2,71.12
KITMT-25l,76.2,71.12
KITSB-5l,112.5,105
KITSB-25l,112.5,105
KITTC-5l,60,56
KITTC-25l,60,56
KITSC-5l,64.185,59.906
KITSC-25l,64.185,59.906
KITWC-5l,53.85,50.26
KITWC-25l,53.85,50.26
KITOC-5l,65.7,50.808
KITOC-25l,65.7,50.808
KITCE-5l,109.695,84.8308
KITCE-25l,109.695,84.8308
KITSP-5l,119.295,92.2548
KITSP-25l,119.295,92.2548
KITFP-5l,157.5,121.8
KITFP-25l,157.5,121.8
KITAIFCL-5l,5769,5245
KITAIFCL-25l,28958,26325
AFC-5l,60.615,50.1084
AFC-25l,60.615,50.1084
BAAPGE-5l,122.97,95.0968
BAAPGE-25l,122.97,95.0968
BAACG-5l,103.5,80.04
BAACG-25l,103.5,80.04
BAACH-5l,103.5,80.04
BAACH-25l,103.5,80.04
BAALG-5l,104,80.04
BAALG-25l,104,80.04
BAASB-5l,84.375,65.25
BAASB-25l,84.375,65.25
BAALA-5l,84,64.96
BAALA-25,84,64.96
BAATBC-5l,45,34.8
BAATBC-25l,45,34.8
BAADHSP-5l,66,51.04
BAADHSP-25l,66,51.04
BAADHSB-5l,66,51.04
BAADHSB-25l,66,51.04
BAADHSI-5l,66,51.04
BAADHSI-25l,66,51.04
BAADHSL-5l,66,51.04
BAADHSL-25l,66,51.04
BAADHSH-5l,66,51.04
BAADHSH-25l,66,51.04
BAASG-5l,69.375,53.65
BAASG-25l,69.375,53.65
BAABB-5l,84.375,65.25
BAABB-25l,84.375,65.25
BAADBBLU-5l-B,271.875,210.25
BAADBBLU-25l-B,271.875,210.25
BAADBPIN-5l-P,271.875,210.25
BAADBPIN-25l-P,271.875,210.25
BAADC-5l,76.2,58.928
BAADC-25l,76.2,58.928
BAADCA-5l,91.68,70.8992
BAADCA-25l,91.68,70.8992
BAACSF-5l,379.515,293.4916
BAAPP-5l,95.085,73.5324
BAAPP-25l,95.085,73.5324
BAABM-5l,208.725,161.414
BAABM-25l,208.725,161.414
LPB35-5l,4281,35
LPB35-25l,22572,190
LPB5-5l,54,41.76
LPB5-25l,54,41.76
LPBP-5,67.5,52.2
LPBP-25l,67.5,52.2
LPBSR-5l,170.04,131.4976
LPBSR-25l,170.04,131.4976
LPFS-5l,72.15,67
LPFS-25l,72.15,67
LPLL-5l,119.775,92.626
LPLL-25l,119.775,92.626
LPHOC-5l,74.265,57.4316
LPHOC-25l,74.265,57.4316
LPLS-5l,121,108
LPLS-25l,121,108
LPAB-5l,88.5,68.44
LPAB-25l,88.5,68.44
LPSC-5l,53,47
LPSC-25l,263,230
LPOB-5l,298.1125,276.6484
LPOB-25l,298.1125,276.6484
LPCRY-1kg,30,23.2
LPCRY-5kg,30,23.2
LPCRY-10kg,30,23.2
LPCRY-25kg,30,23.2
LPBUD-1kg,34.74,26.8656
LPBUD-5kg,34.74,26.8656
LPBUD-10kg,34.74,26.8656
LPBUD-25kg,34.74,26.8656
DEGGB-UVH,56.28,43.5232
DEGGB-UVH2,56.28,43.5232
DEGGB-UVH3,56.28,43.5232
DEGGB,56.28,43.5232
DEGGBP-UVH1,95.205,73.6252
DEGGBP-UVH2,95.205,73.6252
DEGGBP-UVH3,95.205,73.6252
DEGGBP-UVH4,95.205,73.6252
DEGPPP-UVH5,95.205,73.6252
DEGPPP-UVH6,95.205,73.6252
DEGPPP-UVH7,95.205,73.6252
DEGPPP-UVH8,95.205,73.6252
DEGPF-UVH1,63.96,49.4624
DEGPF-UVH2,63.96,49.4624
DEGPF-UVH3,63.96,49.4624
DEGPF-UVH4,63.96,49.4624
DEGHP-UVH1,102.795,79.4948
DEGHP-UVH2,102.795,79.4948
DEGHP-UVH3,102.795,79.4948
DEGHP-UVH4,102.795,79.4948
DEG4007-UVH1,95,82
DEG4007-UVH2,95,82
DEG4007-UVH3,95,82
DEG4007-UVH4,95,82
DEGHD-UVH1,48,42.5
DEGHD-UVH2,48,42.5
DEGHD-UVH3,48,42.5
DEGHD-UVH4,48,42.5
DEGSD-UVH1,260,256.716
DEGSD-UVH2,260,256.716
DEGSD-UVH3,260,256.716
DEGSD-UVH4,260,256.716
DEGBC-UVH1,52,46
DEGBC-UVH2,52,46
DEGSW-UVH1,52,51.66
DEGSW-UVH2,52,51.66
DEGB1P-UVH1,1705,160
DEGB2P-UVH2,858,780
DEGEG-UVH1,90,82.416
DEGEG-UVH2,90,82.416
DEGEG-UVH3,90,82.416
SPECCR-5l,78.75,73.5
SPECCR-25l,78.75,73.5
SPECON-5l,94.245,87.962
SPECON-25l,94.245,87.962
SPECMS-5l,328.5,306.6
SPECMS-25l,328.5,306.6
SPECLT-5l,315,294
SPECLT-25l,315,294
SPECAT-5l,267.3,249.48
SPECAT-25l,267.3,249.48
SPECDS-5l,68.25,63.7
SPECDS-25l,68.25,63.7
SPECWK-5l,73.5,68.6
FCPS15-5l,209.82,195.832
FCPS15-25,209.82,195.832
FCPS18-5l,269.715,251.734
FCPS18-25,269.715,251.734
FCPS24-5l,290.625,271.25
FCPS24-25,290.625,271.25
FCMS-5l,68.97,64.372
FCMS-25,68.97,64.372
FCWFL-5l,280.26,261.576
FCWFL-25,280.26,261.576
FCFWW-5l-W,280.26,261.576
FCFWW-25-W,280.26,261.576
FCFWR-5l-R,280.26,261.576
FCFWR-25-R,280.26,261.576
FCWB-5l-BLK,280.26,261.576
FCWB-25-BLK,280.26,261.576
FCASLF-5l,62.04,57.904
FCASLF-25,62.04,57.904
FCSA-5l,58.5,54.6
FCSA-25,58.5,54.6
FCNA-5l,55.14,51.464
FCNA-25,55.14,51.464
FCLFX-5l,67.5,63
FCLFX-25,67.5,63
FCLC-5l,84,78.4
AMCS-5l,63.45,59.22
AMCS-25l,63.45,59.22
AMCWW-5l,76.5,71.4
AMCWW-25l,76.5,71.4
AMXMD-5l,97.5,91
AMXMD-25l,97.5,91
AMEC-5l,51.405,47.978
AMEC-25l,51.405,47.978
AMTR-5l,424.32,396.032
AMTR-25l,424.32,396.032
AMLFX-5l,89.595,83.622
AMLFX-25l,89.595,83.622
AMHGTS-5l-UVH1,150.195,114
AMHGTS-25l-UVH2,150.195,570
AMHGTS-5l,150.195,125
AMHGTS-25l,150.195,650
AMSTS-5l,506.25,472.5
AMSTS-25l,506.25,472.5
AMCGC-5l,127.5,119
AMCGC-25l,127.5,119
AMCGL-5l,127.5,119
AMCGL-25l,127.5,119
AMTP-5l,115.5,107.8
AMTP-25l,115.5,107.8
AMTD-5l,157.5,147
AMTD-25l,157.5,147
AMSRS-5l,120,112
AMSRS-25l,120,112
AMMWC-5l,56.16,52.416
AMMWC-25l,56.16,52.416
AMCP-5l,562.5,525
AMLC-5l,165,154
AMLC-25l,165,154
AMAF-5l,252,235.2
AMAF-25l,252,235.2
SANSP-5l,58.845,54.922
SANSP-25l,58.845,54.922
SANSS-5l,82.5,77
SANSS-25l,82.5,77
SANHSL-5l,190.5,177.8
SANHSL-25l,190.5,177.8
SANHSG-5l,196.875,183.75
SANHSG-25l,196.875,183.75
SANABHS-5l,76.17,71.092
SANABHS-25l,76.17,71.092
SANGBP-5l,71.37,66.612
SANGBP-25l,71.37,66.612
SANRS-5l,62.82,58.632
MCAC-5l,98.985,92.386
MCAC-25l,98.985,92.386
MCAC-250l,98.985,92.386
MCSSC-5l,125.235,116.886
MCSSC-25l,125.235,116.886
MCSSC-250l,125.235,116.886
MCSSCR-5l,157.5,147
MCSSCR-25l,157.5,147
MCBP-1l,210.975,196.91
MCBP-25l,210.975,196.91
MCBP-5l,210.975,196.91
HGB-5l-B,211.5,197.4
HGB-25l-B,211.5,197.4
HGP-5l-P,210,196
HGP-25l-P,210,196
HGNGP-5l,237.75,221.9
HGNGP-25l,237.75,221.9
MEDAR-5l,354.75,331.1
MEDAR-25l,354.75,331.1
MEDCS-5l,500.28,466.928
MEDCS-25l,500.28,466.928
MEDSH-5l,276.96,258.496
MEDSH-25l,276.96,258.496
MEDTS-5l,354.75,331.1
MEDTS-25l,354.75,331.1
MEDSD-5l,218.625,204.05
MEDSD-25l,218.625,204.05
MB01-W,289.8,275.1
BAR01-W,432.15,422.1
BAR02-W,420.24,401.7
BAR04-W,409.63,379.73
GAR011-W,107.03,97.02
GAR015-W,95.13,81.27
GAR01-W,123.54,113.97
GAR012-W,155.04,135.66
GAR001-W,166.32,145.8
GAR013-W,192.4,171.6
GAR008-W,240.9,216.15
GAR003-W,267.575,257.95
GAR009-W,320.35,290.25
GAR004-W,312.8,292.1
GAR010-W,321.75,292.5
GAR006-W,448.4,398.25
GAR007-W,532.8,464.4
MED01,823.5,713.7
MED02,796.05,713.7
GAR-06-W,298.5,258.7
GAR-07-W,412.5,357.5
S002,152.43,142.268
SANGBP-5l-6,71.37,66.612
SAF-UVH-1,179,155
SAF-UVH-2,298,259
SAF-UVH-3,365,320
SAF-UVH-4,554,480
SAF-UVH-5,1500,1298
SAF-UVH-6,1030,890
SAF-UVH-7,79,69
SAF-UVH-8,79,69
SAF-UVH-9,85,75
SAF-UVH-10,2290,1970
SAF-UVH-11,445,380
SAF-UVH-12,280,245
SAF-UVH-13,58,50
SAF-UVH-14,58,50
SAF-UVH-15,58,50
SAF-UVH-16,3290,2900
SAF-UVH-17,1750,1500
SAF-UVH-18,3590,3130
SAF-UVH-19,2390,2090
SAF-UVH-20,2640,2290
SAF-UVH-21,1190,1030
SAF-UVH-22,3370,2890
SAF-UVH-23,3270,2810
SAF-UVH-24,1460,1260
SAF-UVH-25,3190,2750
SAF-UVH-26,144477,1250
SAF-UVH-27,95,89
SAF-UVH-28,95,89
SAF-UVH-29,105,89
SAF-UVH-30,1880,1630
SAF-UVH-31,72,62
SAF-UVH-32,39,33
SAF-UVH-33,39,33
SAF-UVH-34,80,69
SAF-UVH-35,35,32
SAF-UVH-36,39,34
SAF-UVH-37,129,99
SAF-UVH-38,88,74
SAF-UVH-39,88,74
SAF-UVH-40,88,74
SAF-UVH-41,4900,4250
SAF-UVH-42,4200,3650
SAF-UVH-43,2580,2250
SAF-UVH-44,2190,1895
SAF-UVH-45,2890,2490
SAF-UVH-46,1690,1490
SAF-UVH-47,4590,3950
SAF-UVH-48,2530,2190
SAF-UVH-49,3990,3450
SAF-UVH-50,2490,2180
SAF-UVH-51,1820,1570
SAF-UVH-52,3990,3430
SAF-UVH-53,2590,2250
SAF-UVH-54,1820,1570
SAF-UVH-55,1040,898
SAF-UVH-56,920,798
SAF-UVH-57,890,780
SAF-UVH-58,790,690
SAF-UVH-59,690,610
SAF-UVH-60,990,860
SAF-UVH-61,840,730
SAF-UVH-62,800,690
SAF-UVH-63,960,830
SAF-UVH-64,760,660
SAF-UVH-65,960,830
SAF-UVH-66,730,630
SAF-UVH-67,900,780
SAF-UVH-68,990,860
SAF-UVH-69,735,630
SAF-UVH-70,59,55
SAF-UVH-71,95,85
SAF-UVH-72,1290,1120
SAF-UVH-73,930,799
SAF-UVH-74,1490,1290
SAF-UVH-75,1560,1350
SAF-UVH-76,1280,1110
SAF-UVH-77,1250,1070
SAF-UVH-78,1250,1070
SAF-UVH-79,1060,915
SAF-UVH-80,1250,1070
SAF-UVH-81,1390,1210
SAF-UVH-82,1060,920
SAF-UVH-83,39,29
SAF-UVH-84,39,29
SAF-UVH-85,35,30
SAF-UVH-86,1879,1610
SAF-UVH-87,59,52
SAF-UVH-88,1880,1620
SAF-UVH-89,1590,1370
SAF-UVH-90,1590,1370
SAF-UVH-91,1350,1160
SAF-UVH-92,1530,1310
SAF-UVH-93,1345,1160
SAF-UVH-94,59,49
SAF-UVH-95,59,49
SAF-UVH-96,59,52
SAF-UVH-97,2150,1850
SAF-UVH-98,99,85
SAF-UVH-99,1890,1665
SAF-UVH-100,2190,1895
SAF-UVH-101,1690,1470
SAF-UVH-102,2190,1895
SAF-UVH-103,1690,1470
SAF-UVH-104,59,49
SAF-UVH-105,59,49
SAF-UVH-106,230,195
SAF-UVH-107,499,425
SAF-UVH-108,169,13
SAF-UVH-109,48,40
SAF-UVH-110,179,15
SAF-UVH-111,179,15
SAF-UVH-112,1550,1290
SAF-UVH-113,13750,11690
SAF-UVH-114,69,59
SAF-UVH-115,69,59
SAF-UVH-116,560,480
SAF-UVH-117,5070,4350
SAF-UVH-118,139,109
SAF-UVH-119,139,109
SAF-UVH-120,1080,930
SAF-UVH-121,9780,8390
SAF-UVH-122,159,139
0102ASXS010-RW,3117.4,2997.5
0102ASXS010B-RW,4417.4,4247.5
0102ASXS010BY-YBLK,4417.4,4247.5
0102ASXS010Y-YW,3117.4,2997.5
0196ASXS010W,253.5,243.75
0200MSXS047BLK-BLK,1124.5,1081.25
0200MSXS047L-L,1124.5,1081.25
0200MSXS047P-P,1124.5,1081.25
0209MSXS047O-O,1124.5,1081.25
0220MSXS047Y-Y,1124.5,1081.25
0223MSXS047R-R,1124.5,1081.25
0224MSXS047B-B,1124.5,1081.25
0225MSXS047W-W,1124.5,1081.25
0242MSXS047G-G,1124.5,1081.25
0301MSXS100,1527.5,1468.75
0301MSXS101-Lite,1293.5,1243.75
0359MSXSBAR101,1102.244,1059.85
0403ASXS097,773.5,743.75
0600MBol1mB-B,565.5,543.75
0600MBol1mBlk-BLK,565.5,543.75
0600MBol1mG-G,565.5,543.75
0600MBol1mGy-GY,565.5,543.75
0600MBol1mL-L,565.5,543.75
0600MBol1mO-O,565.5,543.75
0600MBol1mP-P,565.5,543.75
0600MBol1mR-R,565.5,543.75
0600MBol1mW-W,565.5,543.75
0600MBol1mY-Y,565.5,543.75
0719MSXS589-Y,1553.5,1493.75
0805ASXS297-Y,4030,3875
0805ASXS297B-Y,4933.5,4743.75
0900BSXS103-Y,266.5,256.25
0910BSXS101-BLKY,1688.7,1623.75
1015ISXS074,2015,1937.5
1118ISXS075-O,2593.5,2493.75
1118BSXS075-Dro1,5193.5,4993.75
1118BSXS075,5193.5,4993.75
1212MSPE750O-O,292.5,281.25
1213MSPE750O-O,170,156
1316BSXS339,331.5,318.75
1414BSXS401Y-BLKY,747.5,718.75
1527MSXS489-Y,249.067,239.4875
1922BSXS338-O,214.5,206.25
2029MSPE500-O,166.764,160.35
2030MSPE500-O,149.5,143.75
2104ISXS023-RW,1163.5,1118.75
2104ISXS023BW-BW,1163.5,1118.75
2104ISXS023BY-BLKY,1163.5,1118.75
2211BSXS240,188.5,181.25
2300ASXS656GY-GY,916.5,881.25
2300ASXS658GY-GY,1345.5,1293.75
2389ASXS657GY-GY,1553.5,1493.75
2414ASXS02515-RW,530.621,510.2125
2414ASXS025RWM-RW,461.5,443.75
2414ASXS025RWP-RW,240.5,231.25
2414BSXS921,279.5,268.75
3532MSXS1000,1072.5,1031.25
3532MSXS600,920.4,885
3727MSXS107-Y,1440.257,1384.8625
4400MSXS643,2339.064,2249.1
4935MSXS403,292.5,281.25
4935MSXS403A,558.779,537.2875
5863MSXS403,476.476,458.15
5900MSXS105B-BLKY,1163.5,1118.75
RQ-EP-B800X80P,281.554,270.725
7489MSXS554,2665,2562.5
7677MSXS731,903.5,868.75
SER001-W,124.45,119.7
SER002-W,237.6,228.6
SER003-W,237.6,228.6
KIT02-W,244.2,233.1
RFW-001-02-W,210,195
STR-8mm-W,379,349
STR-005-W,358.4446,333.8936
PP7KP-7mm-BR,319.8,305.45
WOODKNIV-160MM-BR,80.595,72.76071825
WOODFORK-160MM-BR,80.595,72.76071825
WOODDESSSPOO-160MM-BR,80.595,72.76071825
CUT-110mm-BR,45,39
CUT-013-BR,272.34,231.4
TM-V200-500-HW-PP-200ML-CL,441,378
TM-V200-500-HW-PP-200ML-Y,441,378
TM-V200-500-HW-PP-200ML-R,441,378
TM-V200-500-HW-PP-200ML-PU,441,378
TM-V200-500-HW-PP-200ML-P,441,378
TM-V200-500-HW-PP-200ML-O,441,378
TM-V200-500-HW-PP-200ML-G,441,378
TM-V200-500-HW-PP-200ML-B,441,378
TM-V200-500-HW-PP-200ML-BLK,441,378
TM-340ML-HW-PP-340ML-CL,690,590
TM-340ML-CL-HW-PP-340ML-Y,609,522
TM-340ML-CL-HW-PP-340ML-R,609,522
TM-340ML-CL-HW-PP-340ML-PU,609,522
TM-340ML-CL-HW-PP-340ML-P,609,522
TM-340ML-CL-HW-PP-340ML-O,609,522
TM-340ML-CL-HW-PP-340ML-G,609,522
TM-340ML-CL-HW-PP-340ML-B,609,522
TM-340ML-CL-HW-PP-340ML-BLK,609,522
TM-V500-500CL-HW-PP-500ML-CL,756,648
TM-V500-500CL-HW-PP-500ML-Y,756,648
TM-V500-500CL-HW-PP-500ML-R,756,648
TM-V500-500CL-HW-PP-500ML-PU,756,648
TM-V500-500CL-HW-PP-500ML-P,756,648
TM-V500-500CL-HW-PP-500ML-O,756,648
TM-V500-500CL-HW-PP-500ML-G,756,648
TM-V500-500CL-HW-PP-500ML-B,756,648
TM-V500-500CL-HW-PP-500ML-BLK,756,648
CUPASSO500MMIL-500ML-CL,899,790
CUPCLEA500MMIL-500ML-CL,899,790
SHOOCLEAPLAS25-25ML-CL,395,355
SHOOASSOPLAS25-25ML-CL,395,355
FCU-250ml-CL,114.8,102.5
CUT-004-W,35.7,35.445
CUT-005-W,35.7,35.445
CUT-006-W,35.7,35.445
GUS-016-CL,271.6,269.66
ZIP-001-CL,95,83.4
ZIP-002-CL,22,21
ZIP-003-CL,12,11.8175
ZIP-004-CL,16,16.06
ZIP-005-CL,54.6,53.82
ZIP-006-CL,63,62.55
ZIP-007-CL,50,48.65
ZIP-008-CL,53,51.8
ZIP-009-CL,56,56
ZIP-010-CL,70,70
ZIP-011-CL,12,10.721
ZIP-012-CL,115,110.4
ZIP-013-CL,30,29.181
ZIP-014-CL,40,38.92
ZIP-015-CL,45.22,45.22
ZIP-017-CL,119,116.76
ZIP-018-CL,39.2,38.92
ZIP-019-CL,85.4,85.4
ZIP-020-CL,103,102.2
CATER_UVH_01,362,335
CATER_UVH_02,114,105
CATER_UVH_03,414,375
CATER_UVH_04,124,115
CATER_UVH_05,433,399
CATER_UVH_06,127,119
CATER_UVH_07,567,520
CATER_UVH_08,391,360
CATER_UVH_09,303,280
CATER_UVH_10,97,90
CATER_UVH_11,363,335
CATER_UVH_12,36,34
CATER_UVH_13,109,100
CATER_UVH_14,375,340
CATER_UVH_15,111,102
CATER_UVH_16,481,440
CATER_UVH_17,311,280
CATER_UVH_18,232,215
CATER_UVH_19,444,395
DB-0080-BK-OD-B-80L-BLK,390,360
DB-0080-BK-OD-B-80L-B,390,360
DB-0080-BK-OD-B-80L-R,390,360
DB-0080-BK-OD-B-80L-Y,390,360
DB-0140-BK-OD-B-120L-BLK,420,390
DB-0140-BK-OD-B-120L-B,420,390
DB-0140-BK-OD-B-120L-R,420,390
DB-0140-BK-OD-B-120L-Y,420,390
DB-0240-BK-OD-B-240L-BLK,650,590
DB-0240-BK-OD-B-240L-B,650,590
DB-0240-BK-OD-B-240L-R,650,590
DB-0240-BK-OD-B-240L-Y,650,590
DB-0240-BK-OD-B/4-G,790,690
DB-0240-BK-OD-B/4-B,790,690
DB-0240-BK-OD-B/4-R,790,690
DB-0240-BK-OD-B/4-Y,790,690
DB-240-BK-SABS-B-240L,890,850
TM-V200-500-HW-PP-UVH,441,378
TM-340ML-HW-PP-UVH-CL,609,522
TM-V500-500CL-HW-PP-UVH-CL,756,648
DB-0080-BK-OD-BLK,390,360
DB-0080-BK-OD-B,390,360
DB-0080-BK-OD-R,5005,462
DB-0080-BK-OD-Y,5005,462
DB-0080-BK-OD-GREEN,5005,462
DB-0140-BK-OD-BLK,420,390
DB-0140-BK-OD-B,420,390
DB-0140-BK-OD-R,507,468
DB-0140-BK-OD-Y,507,468
DB-0140-BK-OD-GREEN,507,468
DB-0240-BK-OD-BLK,650,590
DB-0240-BK-OD-B,650,590
DB-0240-BK-OD-R,9035,834
DB-0240-BK-OD-Y,9035,834
DB-0240-BK-OD-GREEN,9035,834
DB-0240-BK-OD-B-YELLOW,650,590
DB-0240-BK-OD-B-BLUE,650,590
DB-0240-BK-OD-B-R,650,590
DB-0240-BK-OD-B-G,650,590
DB-240-BK-SABS-BLK,890,850
DB-240-BK-SABS-B,890,850
DB-240-BK-SABS-R,936,864
DB-240-BK-SABS-Y,936,864
DB-240-BK-SABS-GREEN,936,864
AW-1M-DY-B,550,530
AW-1.2M-DY-B,580,540
AW-2.4M-DY-B,950,890
CB-R008-HW-B,12,11
CB-V008-HW-B-B,13,11.5
CB-V008-HW-B-G,13,11.5
CB-V008-HW-B-R,13,11.5
DY-TB-032-BK,95,90
DY-TB-050-BK,145,130
SB-BK-DY-B-BLK,130,115
SB-CL-DY-B-W,170,155
SB-RC-DY-B-R,170,155
SB-0025-FB-DY-B,68,63
SB-0045-FB-DY-B,94,86
SB-0065-FB-DY-B,115,105
SB-03PC-FB-DY-B,280,255
SB-010-DY-B,220,190
SB-0150-DY-B,280,255
SB-0046-BKR-DY-B,155,140
CB-0008-RD-OD-B-B,115,105
CB-0008-RD-OD-B-R,115,105
CB-0008-RD-OD-B-SV,115,105
CB-0008-RD-OD-B-OL,115,105
DR-CB25-RD-HW-B-B,166.6,155
DR-CB25-RD-HW-B-R,166.6,155
DR-CB25-RD-HW-B-SV,166.6,155
DR-CB25-RD-HW-B-OL,166.6,155
DR-CB28-PRD-HW-B-BRB,222.6,205
DR-CB28-PRD-HW-B-BRR,222.6,205
DR-CB28-SUN-HW-B,266,245
DB-0060-BK-OD-B,115,105
DB-0060-RBG-HW-B,345,325
MOPWHTE18,18.0225,16.27061288
MOP-CAP-21,39,35
ASTRO-CAP-18,190,180
OVERSH-WSHOE-W,49.9,43.5625
CPE-SHOE-LD-BLU,23,219
CPE-SHOE-BLU,399,375
CPE-SHOE-BLU-PLUS,119,109
SLEEVE-PE-WBRYG,299,25
SLEEVE-PE-W50,145,145
BEARD-COVER-WB,39,34
WRIST-COVER-W,80.595,72.76071825
LAB-COAT-40W,199,179
LAB-COAT-50W-LAW,35,32
COVERALL-40W,23,20
COVERALL-50W-AVI,28,25
COVERALL-MICRO-65W,48,43
COVERALL-T56-65W-S,48,44
COVERALL-T56-65W-L,359,32
COVERALL-T56-BLUESTRIPE,39,35
APRONS-HDPE-10,33,30
APRONS-15MIC-W,49,45
APRONS-20MIC,59,55
APRONS-30MIC-HD,899,85
APRONS-50MIC-PLUS,210,195
APRONS-HC-17.5MIC,22,19
APRONS-HC-30MIC-STRIPE,49,45
SMOCKS-30MIC,230,205
SMOCKS-40MIC-PLUS,540,495
MOB-CAP-24PLUS,49,45
COV-SPUN-30,2573,2217
COV-SPUN-40,2739,236
COV-5B6B-65,,
COV-NW-DISP,415,3575
COV-REUSE-GEN,166,143
COV-PP-DISP,,
COV-SP-OXF,,
COV-SP-AS,,
COV-56-BSTR,39,35
W291,3.1725,2.9375
BN215,60,50
AD110,115,105
AD110-1,115,105
AD110-2,115,105
AD110-3,115,105
AD110-4,115,105
BN215-1,100,90
W560,4.05,3.75
BN215-2,100,90
BN215-3,100,90
BN215-4,100,90
CP104,125,110
CP105,125,110
CP106,125,110
CP107,125,110
BN213,60,50
BN214,60,50
BN216,60,50
EP160,20,15
PP161,20,15
M005264,51.548,40.502
M005265,51.548,40.502
M006949,1093.134,858.891
M005227,108.066,84.909
M005337,381.976,300.124
M009297,324.212,254.738
M009384,608.048,477.752
M007168,1054.004,828.146
M009695,525.448,412.852
M005323,993.762,780.813
M005078,219.24,172.26
M005225,539.112,423.588
M005056,1017.366,799.359
M006596,408.884,321.266
M005555,1822.31,1431.815
M005556,352.786,277.189
M009505,1210.524,951.126
M006597,563.948,443.102
M005370,871.402,684.673
M005371,295.022,231.803
M005372,1032.864,811.536
M009378,2222.052,1745.898
M005344,600.6,471.9
M005364,412.412,324.038
M005057,632.282,496.793
M004918,390.67,306.955
M005342,572.04,449.46
M005058,632.282,496.793
M008319-GY,64.96,51.04
M005127-DKB,64.96,51.04
M004914,575.764,452.386
M005062,486.948,382.602
M006598,280.112,220.088
M006599,280.112,220.088
M004928,827.932,650.518
M005128,281.988,221.562
M005129,201.236,158.114
M009473,302.47,237.655
M005343,572.04,449.46
M005059,632.282,496.793
M004919,1789.382,1405.943
M004915,1245.93,978.945
M005393,667.058,524.117
M007059,1157.114,909.161
M009395,505.582,397.243
M009379,562.1,441.65
M005369,533.526,419.199
M005346,1000.594,786.181
M006967,2953.958,2320.967
M005131,12207.72,9591.78
M005125,2554.58,2007.17
M005132,247.814,230.113
SPUN-ROLL-UVH-B,294,264
SPUN-ROLL-UVH-G,294,264
SPUN-ROLL-UVH-R,294,264
SPUN-ROLL-UVH-W,294,264
SPUN-ROLL-UVH-Y,294,264
SPUN-ROLL-UVH-O,294,264
WBA500-UVH-CL,149,115
WBA1000-UVH-CL,219,175
WBA2000-UVH-CL,319,275
WBA500-UVH1-CL,149,115
WBA1000-UVH2-CL,219,175
WBA100J-UVH-CL,36,33
SPB50-UVH-65GSM-B,65,55
SPB50-UVH-65GSM-G,65,55
SPB50-UVH-65GSM-R,65,55
SPB50-UVH-65GSM-W,65,55
SPB50-UVH-65GSM-Y,65,55
SPB50-UVH-65GSM-O,65,55
CPTLITEB-UVH-40GSM-B,62,52
CPTLITEB-UVH-40GSM-BLK,62,52
CPTLITEB-UVH-40GSM-G,62,52
CPTLITEB-UVH-40GSM-R,62,52
CPTLITEB-UVH-40GSM-W,62,52
CPTLITEB-UVH-40GSM-Y,62,52
CPTLITEB-UVH-40GSM-O,62,52
ECOLITEB-UVH-B,49,44
ECOLITEB-UVH-G,49,44
ECOLITEB-UVH-O,49,44
ECOLITEB-UVH-R,49,44
MICRO-CLOTH-200gsm,8,65
MICRO-CLOTH-280gsm,11,9
DURAPAL,82,78
DURACLEAN-40,39,38
DURACLEAN-80,79,75
DURALITE-SPUNLACE,44,42
PROFORM-WIPES,92,89
DURACHEM-WIPES,480,450
SCOUR-PAD,32,29
SCOUR-PAD-MINI,33,31
HAND-PAD,43,38
SPONGE-SCOUR-S,99,89
SPONGE-SCOUR-L,159,145
FLOOR-PAD-425,114.8,102.5
FLOOR-PAD-450,114.8,102.5
MOP-300g,32,299
MOPSHORJUMB400-400G,44,399
MOPLONG400G400-400G,42,45
DUSTMOPFRAMELI-40CM,99,90
DUSTMOPSLEEACR-40CM,95,85
MOP-400G,32,29
MOP-007,1790,1690
BRM-001,20.09,18.5
BRM-002,61.6,57
BROOHEADHARD-300MM,127,119
BROOHEADSOFT-300MM,126,117
HYG-55cm,196,180
EQU-001,455,420
HYG-015,669.2,573.6
HYG-275MM,298,2556
D01-1.2L,418.6,358.8
D18,203,174
D11,259,222
D110,448,384
D91,287,246
D260,343,294
D280,1398.6,1198.8
FA-BAG-EMTY-ORG-O,114.8,102.5
FA-BAG-EMTY-ORG-R,114.8,102.5
FA-REF-REG3-GOV,114.8,102.5
FA-REF-REG7-GOV,239.463,203.625
FA-REF-SPRT,344.07252,325.82625
FA-BAG-MINI-GRB,114.8,102.5
FA-BAG-GRB,114.8,102.5
FA-BOX-PLAS-TBX,128.3568,123.42
FA-BOX-PLAS-STD,114.30936,103.19595
FA-BOX-PLAS-SUT,410.812395,386.101875
FA-BOX-METL-WMT,114.8,102.5
FA-CASE-MED-STG-BLK,114.8,102.5
FA-BAG-BKPK-ORG-O,114.8,102.5
FA-BAG-PORT-BLK,114.8,102.5
FA-BAG-PORT-ORG,114.8,102.5
FA-KIT-REG3-PTBX,114.8,102.5
FA-KIT-REG3-GRB,114.8,102.5
FA-KIT-REG3-MGRB,114.8,102.5
FA-KIT-REG3-BKPK,114.8,102.5
FA-KIT-REG3-PBLK-BLK,114.8,102.5
FA-KIT-REG3-PORG-O,114.8,102.5
FA-KIT-REG7-METL,114.8,102.5
FA-KIT-REG7-GRB,114.8,102.5
FA-KIT-REG7-PTBX,114.8,102.5
FA-KIT-REG7-MGRB,114.8,102.5
FA-KIT-REG7-BKPK,114.8,102.5
FA-KIT-REG7-PBLK-BLK,114.8,102.5
FA-KIT-REG7-PORG-O,114.8,102.5
COR-COVXPS-1,46,
COR-SANXPS-1,46,
COR-QRNXPS-1,50,
COR-APHXPS-1,58,
COR-PERXPS-1,58,
COR-NMCXPS-1,58,
COR-TULXPS-1,58,
COR-ALIXPS-1,58,
COR-BIAXPS-1,58,
COR-COVXPS-2,72,
COR-APHXPS-2,86,
COR-TAMXPS-1,86,
COR-BIAXPS-2,86,
COR-NEMXPS-1,86,
COR-EVEXPS-1,86,
COR-MANXPS-1,86,
COR-ALIXPS-2,86,
COR-TRYXPS-1,86,
COR-NMCXPS-2,86,
COR-LISXPS-1,106,
COR-LISXPS-2,108,
COR-XPSGLO-1,108,
COR-XPSGLO-2,108,
46357-W,439,390
46358-W,299,259
46359-W,449,395
SPV48-W,264.67,254.72
SPV400-W,233.16,222.72
SPV300-W,224.99,193.7
RSP48-W,214.42,194.79
RSP400-W,181.61,162.56
RSP300-W,159.43,138.03
VDP48(F)-W,361.05,313.74
VDP24-W,181.77,161.85
VDP200-W,235.32,205.11
LINENSAVT-6-Gen,495,460
LINENSAVT-4,448,405.9968
LINENSAVT6-Gen,450,420
COV-SPUN-50,3237,2789
APP-PAT-GN,2988,2574
APP-SURG-NS-50,3818,3289
APP-THEAT-ST,6474,5577
APP-LAB-CT,415,3575
APP-ISO-GN,2324,2002
APP-SCRUB-RE,49634,42757
Item-No,,
13-100299,32.2,28.75
13-1002991,35,31.25
13-100303,9.8,8.75
13-1003031,18.2,16.25
13-1003271,14,12.5
13-1003032,14,12.5
13-1003272,22.4,20
13-1003273,40.6,36.25
13-1003274,37.8,33.75
TS001-R,180,163
TS002,370,334
GF001,200,181
GF002,310,281
EVBT003,1092,1008
JS004,690,624
JS005,1690,1563
JS006,480,431
JS002,590,531
JS001,550,499
GOL-HAN-NITBL-B,75,69
GOL-HAN-NITBLA-BLK,78,702
GOL-HANEX-LATPW,7957,
GOL-HAN-EXLA,8467,7488
GOL-HAN-SURSTER,350,3125
GOL-HAN-SURSTER-POW,3952,365
GOL-HANDEL-GLO,5,416
GOL-HAN-TPEBL,52,481
GOL-HAN-TPECLEAR,54,50
RR-KRPL-06-HW-B-RBW,33.6,28.8
RR-KRBL-06-HW-B-RBW,27.58,23.64
RR-KRTM-06-HW-B-RBW,27.58,23.64
RR-KRCT-18-HW-B-RBW,34.468,29.544
CH-SCH-BL-KR-B-Y,59.5,51
CH-SCH-BL-KR-B-G,59.5,51
CH-SCH-BL-KR-B-B,59.5,51
CH-SCH-BL-KR-B-R,59.5,51
TL-SCH-YL-KR-B-Y,231,198
TL-SCH-YL-KR-B-G,231,198
TL-SCH-YL-KR-B-B,231,198
TL-SCH-YL-KR-B-R,231,198
PB-ASST-S-KR-B-6cm,128.8,110.4
PB-ASST-L-KR-B-8CM,147,126
AC01,379.73,367.77
AC02,431.8,421.6
AC03,300.03,291.27
AC04,400,409.6
AC05,345.6,334.8
FOL01,389.4,374.65
FOL02,343.2,314.4
FOL03,462.4,435.2
FOLD01,355,335
MASK3PLYBLK-BLK,22.05,20.0804175
MASKS002L,25.05,23.0784675
MASK3PLY-B,17.49,16.0447815
MASKKN95_L,29,26.37415
MASK3PLYBLK-Gen-3-ply-BLK,22.05,20.0804175
MASKS002L-Gen-3-ply-B,25.05,23.0784675
MASK3PLY-Gen-3-ply-B,17.49,16.0447815
MASKKN95L-Gen-W,49,40
SLEEVYLW-Y,425,
SLEEVBLU-B,,
SLEEVWHTE-W,,
UVH-MGC-WIP-JUM,,
UVH-MGC-WIP-WH50,,
UVH-MGC-WIP-WH80,,
UVH-MGC-WIP-WH120,,
UVH-MGC-WIP-MUL,,
DUR-NIT-MED,69,61
DUR-NIT-BLK,79,65
DUR-NIT-PREM,83,7544
DUR-LAT-PWFREE,79,75
DUR-LAT-POW,75,68
EV-NSLAT-EXGL,80,72
EV-NSNIT-EXGL,81,75
EV-SURLAT-PWFREE,223,207
EV-NONSTER-PWFREE,126,117
EV-STERLATELB-PWFREE,490,455
OM-SB-1L-Y,49.9,43.5625
OM-SB-2.5L-2L-Y,49.9,43.5625
OM-SB-2.5L-5L-Y,49.9,43.5625
OM-SB-5L-Y,49.9,43.5625
OM-SB-10L-Y,49.9,43.5625
OM-SB-20L-Y,49.9,43.5625
DW3341B-UVH-33x41cm-B,85,75
DW3341B-UVH-33x41cm-G,85,75
DW3341B-UVH-33x41cm-R,85,75
DW3341B-UVH-33x41cm-W,85,75
DW3341B-UVH-33x41cm-Y,85,75
DW305065B-UVH-65gsm,54,49
13-100080,123.2,110
13-100081,82.6,73.75
INFERNO-M-TN,,
DW-BELTXX-S-S,257.4,247.5
DW-BELTXX-S-M,257.4,247.5
DW-BELTXX-S-L,257.4,247.5
DW-BELTXX-S-XL,257.4,247.5
DW-BELTXX-S-2XL,257.4,247.5
DW-BELTXX-S-3XL,257.4,247.5
TEC0078-CL,20.524,18.325
TEC0079-G,20.524,18.325
TEC00791,20.524,18.325
BG,,
AOO-001-5l,1650,